[pool] +待审   2,201字 07-13 水利安全AI眼镜研发实践专著_撰写需求.docx       待审判有效后计数 (现待审 2,201)
[pool] 跳过 (重复): _口述_utf8.txt
[pool] +待审   1,032字 专著撰写需求.txt                           待审判有效后计数 (现待审 3,233)
[pool] +待审  90,266字 水利安全助手AI眼镜研发实战.docx                  待审判有效后计数 (现待审 93,499)
[pool] +待审   3,596字 配图清单.txt                             待审判有效后计数 (现待审 97,095)
[pool] +待审  92,549字 _完整专著.md                             待审判有效后计数 (现待审 189,644)
[pool] +待审   5,710字 卷尾.md                                待审判有效后计数 (现待审 195,354)
[pool] +待审   2,047字 卷首.md                                待审判有效后计数 (现待审 197,401)
[pool] +待审   8,579字 第01章_行业之困.md                         待审判有效后计数 (现待审 205,980)
[pool] +待审   8,476字 第02章_时代之变.md                         待审判有效后计数 (现待审 214,456)
[pool] +待审   8,383字 第03章_范式抉择.md                         待审判有效后计数 (现待审 222,839)
[pool] +待审   7,087字 第04章_产品内核.md                         待审判有效后计数 (现待审 229,926)
[pool] +待审   9,980字 第05章_知识库工程.md                        待审判有效后计数 (现待审 239,906)
[pool] +待审   9,338字 第06章_智能体与工作流.md                      待审判有效后计数 (现待审 249,244)
[pool] +待审   8,281字 第07章_关键代码解剖.md                       待审判有效后计数 (现待审 257,525)
[pool] +待审   6,229字 第08章_硬件平台集成.md                       待审判有效后计数 (现待审 263,754)
[pool] +待审   6,526字 第09章_实战效益.md                         待审判有效后计数 (现待审 270,280)
[pool] +待审   5,567字 第10章_诚实的边界.md                        待审判有效后计数 (现待审 275,847)
[pool] +待审   6,313字 第11章_迁移与未来.md                        待审判有效后计数 (现待审 282,160)
[pool] +待审   1,616字 研究报告需求.txt                           待审判有效后计数 (现待审 283,776)
[pool] +待审   1,227字 中冶京诚工程技术有限公司_中冶京诚参编的我国首个通用产业园区低碳评价国家 待审判有效后计数 (现待审 285,003)
[pool] +待审   4,345字 勘察设计前沿_中国电建十七家设计院，2026年上半年经营情况如何？-d8 待审判有效后计数 (现待审 289,348)
[pool] +待审   2,872字 国工论坛_国工动态 _ 宋玉祥律师应邀为中能建集团华东院和中电建集团上海 待审判有效后计数 (现待审 292,220)
[pool] +待审   1,687字 2026ESGWhitePaper.md                 待审判有效后计数 (现待审 293,907)
[pool] +待审     570字 上海市民心中的丰碑访东方明珠设计总负责人江欢成.md           待审判有效后计数 (现待审 294,477)
[pool] +待审     854字 中华传统宗教信仰在东南亚的蜕变新加坡的道教和佛教研究.md        待审判有效后计数 (现待审 295,331)
[pool] +待审     515字 乡村振兴示范村的人居环境政治活化策略以上海市莲湖村为例.md       待审判有效后计数 (现待审 295,846)
[pool] +待审     640字 医学研究生导学关系研究的演进争议与未来展望兼论.md           待审判有效后计数 (现待审 296,486)
[pool] +待审     666字 回归与思考基于CiteSpace的知识图谱中华民族共同.md       待审判有效后计数 (现待审 297,152)
[pool] +待审     472字 工程项目进度管理的精细化控制研究.md                  待审判有效后计数 (现待审 297,624)
[pool] +待审     559字 我国乡村振兴研究的热点与趋势展望基于CNKI201.md         待审判有效后计数 (现待审 298,183)
[pool] +待审   2,065字 新加坡华语电视剧华人形象研究Astudyofet.md          待审判有效后计数 (现待审 300,248)
[pool] +待审     506字 新时期水利工程项目管理模式创新研究.md                 待审判有效后计数 (现待审 300,754)
[pool] +待审   1,658字 机械制造领域中EC风机与联轴器直连风机的应用探讨.md          待审判有效后计数 (现待审 302,412)
[pool] +待审     471字 海外EPC总承包项目采购管理研究.md                  待审判有效后计数 (现待审 302,883)
[pool] +待审     432字 电力工程建设的输变电工程施工.md                    待审判有效后计数 (现待审 303,315)
[pool] +待审     704字 皖南重点生态功能区城镇化对碳收支的影响.md               待审判有效后计数 (现待审 304,019)
[pool] +待审  10,578字 勘察设计协会2025年度南方地区勘察设计同业.md            待审判有效后计数 (现待审 314,597)
[pool] +待审  14,253字 勘察设计协会2026年度全国勘察设计同业协会.md            待审判有效后计数 (现待审 328,850)
[pool] +待审  10,908字 勘察设计协会中国勘察设计协会成立40周年庆祝.md            待审判有效后计数 (现待审 339,758)
[pool] +待审   9,536字 勘察设计协会勘察设计行业高质量发展大会在京召.md            待审判有效后计数 (现待审 349,294)
[pool] +待审   5,638字 bidding52GW光伏大基地项目EPC中标价ep.md        待审判有效后计数 (现待审 354,932)
[pool] +待审   5,276字 bidding888亿新中标13个抽水蓄能新能源等大.md        待审判有效后计数 (现待审 360,208)
[pool] +待审   2,648字 biddingBIM建筑网关注建筑行业BIM技术发展.md        待审判有效后计数 (现待审 362,856)
[pool] +待审     461字 biddingCSCEC中建科工集团有限公司.md            待审判有效后计数 (现待审 363,317)
[pool] +待审     640字 biddingEPCPCECEP分别是什么意思一图.md         待审判有效后计数 (现待审 363,957)
[pool] +待审   7,834字 biddingEPCPPPBOTEOD都有啥区别.md          待审判有效后计数 (现待审 371,791)
[pool] +待审   2,305字 biddingEPC工程总承包项目国内EPC发展现状为.md       待审判有效后计数 (现待审 374,096)
[pool] +待审   2,673字 biddingLijiang丽江市人民政府.md             待审判有效后计数 (现待审 376,769)
[pool] +待审   7,897字 biddingnewqqcomraina2024.md          待审判有效后计数 (现待审 384,666)
[pool] +待审   5,803字 bidding中国工程网工程行业门户.md                待审判有效后计数 (现待审 390,469)
[pool] +待审   2,711字 bidding中国行业发展报告.md                   待审判有效后计数 (现待审 393,180)
[pool] +待审   1,706字 bidding中铁联合体中标铁路EPC大单.md             待审判有效后计数 (现待审 394,886)
[pool] +待审     654字 bidding关于沪昆铁路嘉善段高架改造工程涉铁泵站迁建项.md     待审判有效后计数 (现待审 395,540)
[pool] +待审   2,400字 bidding内黄铁路专用线项目工程EPC总承包标段中标结.md     待审判有效后计数 (现待审 397,940)
[pool] +待审   6,515字 bidding四川招投标网官网四川省招投标公共服务平台.md       待审判有效后计数 (现待审 404,455)
[pool] +待审   5,948字 bidding四川旅游阿坝景区详细地图川西旅游交通路线全.md      待审判有效后计数 (现待审 410,403)
[pool] +待审   2,017字 bidding国家电网新一代电子商务平台.md              待审判有效后计数 (现待审 412,420)
[pool] +待审   5,594字 bidding国家能源集团.md                     待审判有效后计数 (现待审 418,014)
[pool] +待审   5,285字 bidding工程项目管理EPC系统全套流程详细解读.md        待审判有效后计数 (现待审 423,299)
[pool] +待审   4,684字 bidding建设工程勘察设计管理条例.md               待审判有效后计数 (现待审 427,983)
[pool] +待审   2,299字 bidding总承包EPC项目监理三次二标段.md            待审判有效后计数 (现待审 430,282)
[pool] +待审   1,270字 bidding某单位某项目铁路专用线建设EPC项目铁路工.md      待审判有效后计数 (现待审 431,552)
[pool] +待审   7,138字 bidding深入理解BIM技术及其应用CSDN博客.md        待审判有效后计数 (现待审 438,690)
[pool] +待审     948字 bidding湖北省人民政府门户网站.md                待审判有效后计数 (现待审 439,638)
[pool] +待审   6,870字 bidding电力北极星电力网电力门户网站.md             待审判有效后计数 (现待审 446,508)
[pool] +待审   2,282字 bidding能源央视网cctvcom.md               待审判有效后计数 (现待审 448,790)
[pool] +待审   4,077字 bidding荆楚网湖北日报网湖北新闻湖北门户权威.md         待审判有效后计数 (现待审 452,867)
[pool] +待审   1,046字 bidding超8亿元三家联合体中标铁路专用线总承包E.md       待审判有效后计数 (现待审 453,913)
[pool] +待审   1,730字 bidding阿坝县人民政府.md                    待审判有效后计数 (现待审 455,643)
[pool] +待审   3,574字 bidding阿坝藏族羌族自治州人民政府.md              待审判有效后计数 (现待审 459,217)
[pool] +待审   4,511字 bidding项目管理十大领域五大过程44个定义.md          待审判有效后计数 (现待审 463,728)
[pool] +待审   5,152字 bidding项目管理对项目进行计划组织协调和控制的.md        待审判有效后计数 (现待审 468,880)
[pool] +待审   4,113字 bidding高平市西部专用铁路项目铁路部分EPC总承.md       待审判有效后计数 (现待审 472,993)
[pool] +待审   4,117字 bidding龙门县屋顶光伏资源存量资产盘活项目施工图设计.md     待审判有效后计数 (现待审 477,110)
[pool] +待审     878字 上海电力上海电力关于同上海化学工业区管理委员会共同推进漕.md      待审判有效后计数 (现待审 477,988)
[pool] +待审   5,256字 中国电建中国电建中国国际金融股份有限公司关于中国电力建设.md      待审判有效后计数 (现待审 483,244)
[pool] +待审   3,662字 中国电建中国电建中国电力建设股份有限公司关于2025年度.md      待审判有效后计数 (现待审 486,906)
[pool] +待审   4,127字 中国电建中国电建中国电力建设股份有限公司关于中国电建集团.md      待审判有效后计数 (现待审 491,033)
[pool] +待审     831字 中国电建中国电建中国电力建设股份有限公司关于分拆子公司中.md      待审判有效后计数 (现待审 491,864)
[pool] +待审   4,047字 中国电建中国电建关于中国电力建设集团有限公司承接雄安智汇.md      待审判有效后计数 (现待审 495,911)
[pool] +待审   1,354字 中国电建中国电建关于参加中国电力建设集团有限公司控股上市.md      待审判有效后计数 (现待审 497,265)
[pool] +待审     612字 金杯汽车ST金杯同上海汽车变速器有限公司和沈阳华晨金.md        待审判有效后计数 (现待审 497,877)
[pool] +待审     375字 BIM技术在建设工程项目管理中的应用研究免费.md            待审判有效后计数 (现待审 498,252)
[pool] +待审     344字 EPC工程总承包项目全过程跟踪审计研究免费.md             待审判有效后计数 (现待审 498,596)
[pool] +待审     373字 EPC建设项目中网格化管理的探讨及应用免费.md             待审判有效后计数 (现待审 498,969)
[pool] +待审     376字 EPC总承包模式下工程造价的全过程协同管理研究免费.md         待审判有效后计数 (现待审 499,345)
[pool] +待审     380字 EPC模式下建筑施工项目的全过程管理探讨免费.md            待审判有效后计数 (现待审 499,725)
[pool] +待审     370字 EPC模式下浙江省海宁屋顶光伏并网项目风险管理研究免费.md       待审判有效后计数 (现待审 500,095)
[pool] +待审     361字 EPC模式下铁路项目工程合同管理研究免费.md              待审判有效后计数 (现待审 500,456)
[pool] +待审     409字 EPC联合体工程项目管理痛点剖析及对策免费.md             待审判有效后计数 (现待审 500,865)
[pool] +待审     388字 一种烟气脱硫塔内壁的防腐蚀装置免费.md                 待审判有效后计数 (现待审 501,253)
[pool] +待审     401字 一种立式换热器管束检修用的快速移动装置免费.md             待审判有效后计数 (现待审 501,654)
[pool] +待审     395字 一种节能型高效径向甲醇反应器免费.md                  待审判有效后计数 (现待审 502,049)
[pool] +待审     400字 一种适用于强放热反应的径向轴向复合式反应器免费.md           待审判有效后计数 (现待审 502,449)
[pool] +待审     369字 义乌江灯光亮化工程（一期）EPC总承包夜景照明工程赏析免费.md     待审判有效后计数 (现待审 502,818)
[pool] +待审     412字 人工智能赋能“工程项目管理”智慧课堂建设教学改革研究免费.md      待审判有效后计数 (现待审 503,230)
[pool] +待审     323字 以设计为龙头的海上风电工程总承包项目管理研究免费.md          待审判有效后计数 (现待审 503,553)
[pool] +待审     406字 全面质量管理在电力建设EPC项目中的应用及分析免费.md         待审判有效后计数 (现待审 503,959)
[pool] +待审     528字 冶金流程工程学理论指导下钢铁智能化探索与实践免费.md          待审判有效后计数 (现待审 504,487)
[pool] +待审     360字 国外大型油气建设项目管理模式研究及启示免费.md             待审判有效后计数 (现待审 504,847)
[pool] +待审     408字 国投湄洲湾第二发电厂EPC项目管理的创新与探索免费.md         待审判有效后计数 (现待审 505,255)
[pool] +待审     542字 基于BIM+GIS的铁路EPC项目施组进度一体化管理方法网络首发免费.m 待审判有效后计数 (现待审 505,797)
[pool] +待审     332字 基于EPC总承包模式的住宅建筑工程管理策略探究免费.md         待审判有效后计数 (现待审 506,129)
[pool] +待审     537字 基于博弈论组合赋权—模糊综合评价法的铁路EPC项目进度影响因素研究免费. 待审判有效后计数 (现待审 506,666)
[pool] +待审     373字 基于层次分析法的高校新校区项目管理模式优选研究免费.md         待审判有效后计数 (现待审 507,039)
[pool] +待审     450字 基于平行分包模式的建筑工程EPC成本评估研究免费.md          待审判有效后计数 (现待审 507,489)
[pool] +待审     358字 基于数字化技术的电力工程总承包项目管理研究——以华南区域某燃机项目为例免 待审判有效后计数 (现待审 507,847)
[pool] +待审     399字 基于神经网络的水煤浆气化炉炉温预测方法免费.md             待审判有效后计数 (现待审 508,246)
[pool] +待审     399字 基于财务共享的资金集中管理创新机制与经济后果研究——以中石化集团为例免费 待审判有效后计数 (现待审 508,645)
[pool] +待审     339字 大型水电工程建设管理模式创新免费.md                  待审判有效后计数 (现待审 508,984)
[pool] +待审     531字 大语言模型在土木工程领域中的研究现状、挑战及趋势免费.md        待审判有效后计数 (现待审 509,515)
[pool] +待审     395字 安徽 印发住房城乡建设领域“人工智能+”行动方案免费.md        待审判有效后计数 (现待审 509,910)
[pool] +待审     417字 工程总承包与全过程工程咨询融合应用的价值、挑战与对策免费.md      待审判有效后计数 (现待审 510,327)
[pool] +待审     375字 建设单位EPC项目管理困境及提升路径研究免费.md            待审判有效后计数 (现待审 510,702)
[pool] +待审     362字 建设管理平台在城市轨道交通工程建设项目管理中的应用免费.md       待审判有效后计数 (现待审 511,064)
[pool] +待审     381字 招标人主体责任强化背景下企业合规管理数字化转型研究免费.md       待审判有效后计数 (现待审 511,445)
[pool] +待审     352字 探析水利水电工程项目管理模式免费.md                  待审判有效后计数 (现待审 511,797)
[pool] +待审     436字 改革破局筑根基 追求卓越提效能——核理化院工程建设项目管理实践与探索免费 待审判有效后计数 (现待审 512,233)
[pool] +待审     359字 数智化赋能下石油工程建设EPC项目成本控制研究免费.md         待审判有效后计数 (现待审 512,592)
[pool] +待审     347字 新型建筑材料应用对工程项目管理与运维成本影响分析免费.md        待审判有效后计数 (现待审 512,939)
[pool] +待审     512字 昆明有色冶金设计研究院股份公司 红泥坡EPC项目获业主表扬 彰显总承包管 待审判有效后计数 (现待审 513,451)
[pool] +待审     406字 构建EPCO一体化管理体系是建筑企业的终极目标——中国勘察设计企业蜕变为 待审判有效后计数 (现待审 513,857)
[pool] +待审     466字 核电工程项目管理信息化研究与探索免费.md                待审判有效后计数 (现待审 514,323)
[pool] +待审     383字 水利水电工程EPC项目设计管理难点与对策免费.md            待审判有效后计数 (现待审 514,706)
[pool] +待审     345字 水利水电工程项目管理存在不足点及改进措施免费.md            待审判有效后计数 (现待审 515,051)
[pool] +待审     354字 浅析冶金工程项目质量管理存在的问题及对策免费.md            待审判有效后计数 (现待审 515,405)
[pool] +待审     399字 浅谈电力工程EPC总承包设计管理免费.md                待审判有效后计数 (现待审 515,804)
[pool] +待审     520字 济南出台新政助力建筑业高质量发展免费.md                待审判有效后计数 (现待审 516,324)
[pool] +待审     371字 海外EPC工程总承包项目的组织策划探讨免费.md             待审判有效后计数 (现待审 516,695)
[pool] +待审     417字 海外EPC联营项目管理“十大理念”内涵及落地实践免费.md        待审判有效后计数 (现待审 517,112)
[pool] +待审     370字 生成式人工智能赋能监管能力提升的内在逻辑及优化路径——基于公共资源交易领 待审判有效后计数 (现待审 517,482)
[pool] +待审     413字 电力工程EPC总承包模式下的财务协同管理策略探讨免费.md        待审判有效后计数 (现待审 517,895)
[pool] +待审     442字 省级电子招投标的现状分析与对策研究免费.md               待审判有效后计数 (现待审 518,337)
[pool] +待审     381字 石化行业铁路专用线实施EPC项目管理研究免费.md            待审判有效后计数 (现待审 518,718)
[pool] +待审     416字 自然语言处理模型与文本图像生成技术驱动下的包装设计免费.md       待审判有效后计数 (现待审 519,134)
[pool] +待审     512字 苦练内功 开拓创新免费.md                       待审判有效后计数 (现待审 519,646)
[pool] +待审     467字 论冶金建设工程总承包中工程公司的费用与进度控制应用免费.md       待审判有效后计数 (现待审 520,113)
[pool] +待审     343字 设计主导EPC模式创新路径的深度探索免费.md              待审判有效后计数 (现待审 520,456)
[pool] +待审     360字 铁路工程EPC总承包项目业主与总承包商风险治理行为演化博弈研究免费.md 待审判有效后计数 (现待审 520,816)
[pool] +待审     357字 面向新工科的工程项目管理智慧课程建设路径研究免费.md          待审判有效后计数 (现待审 521,173)
[pool] +待审   3,083字 company2025财富最受赞赏的中国公司行业明星榜工.md      待审判有效后计数 (现待审 524,256)
[pool] +待审     432字 company上海电力设计院怎么样上海电力设计院有限公.md       待审判有效后计数 (现待审 524,688)
[pool] +待审     426字 company上海电力设计院有限公司.md                待审判有效后计数 (现待审 525,114)
[pool] +待审   6,551字 company上海电力设计院有限公司电力企业工商信息.md        待审判有效后计数 (现待审 531,665)
[pool] +待审   2,947字 company上海电力设计院有限公司股东信息企查查.md         待审判有效后计数 (现待审 534,612)
[pool] +待审   1,018字 company上海电力设计院有限公司首页.md              待审判有效后计数 (现待审 535,630)
[pool] +待审   3,552字 company中国电力工程顾问集团有限公司.md             待审判有效后计数 (现待审 539,182)
[pool] +待审     735字 company中国电力工程顾问集团有限公司企业简介.md         待审判有效后计数 (现待审 539,917)
[pool] +待审   4,633字 company中国电力工程顾问集团有限公司企查查.md          待审判有效后计数 (现待审 544,550)
[pool] +待审   1,469字 company中国电力建设集团.md                   待审判有效后计数 (现待审 546,019)
[pool] +待审   6,650字 company中国电建601669SH股票信息上市.md         待审判有效后计数 (现待审 552,669)
[pool] +待审   1,023字 company中国电建集团湖北工程有限公司.md             待审判有效后计数 (现待审 553,692)
[pool] +待审   1,562字 company公司与工商银行北京市分行开展以廉促联活动.md       待审判有效后计数 (现待审 555,254)
[pool] +待审     405字 company关于我们.md                       待审判有效后计数 (现待审 555,659)
[pool] +待审   5,920字 company盘前有料发改委辟谣金冠股份近700亿.md         待审判有效后计数 (现待审 561,579)
[pool] +待审     650字 dangdangEPC工程总承包全过程管理李永福中国电.md       待审判有效后计数 (现待审 562,229)
[pool] +待审     567字 dangdangEPC工程总承包全过程管理李永福等经管.md       待审判有效后计数 (现待审 562,796)
[pool] +待审     949字 dangdangEPC工程总承包全过程管理李永福等著.md        待审判有效后计数 (现待审 563,745)
[pool] +待审   2,379字 dangdangEPC工程总承包项目管理模板及操作实例.md       待审判有效后计数 (现待审 566,124)
[pool] +待审   1,806字 dangdangEPC工程总承包项目管理模板及操作实例余时.md     待审判有效后计数 (现待审 567,930)
[pool] +待审     323字 dangdangEPC工程总承包项目管理逻辑与方法.md         待审判有效后计数 (现待审 568,253)
[pool] +待审   4,191字 dangdang信息系统项目管理师案例分析一本通第二版.md       待审判有效后计数 (现待审 572,444)
[pool] +待审   1,088字 dangdang正版EPC工程总承包全过程管理中国电力.md       待审判有效后计数 (现待审 573,532)
[pool] +待审     336字 dangdang正版EPC工程总承包全过程管理李永福.md        待审判有效后计数 (现待审 573,868)
[pool] +待审   2,205字 dangdang正版书籍陆上风电场EPC项目履约创新与实.md      待审判有效后计数 (现待审 576,073)
[pool] +待审   1,936字 dangdang正版陆上风电场EPC项目履约创新与实.md        待审判有效后计数 (现待审 578,009)
[pool] +待审     305字 dangdang银行业项目管理实战精析于兆鹏电子工业出.md       待审判有效后计数 (现待审 578,314)
[pool] +待审   1,967字 dangdang银行业项目管理实战精析于兆鹏电子工业出版社.md     待审判有效后计数 (现待审 580,281)
[pool] +待审     426字 dangdang项目管理案例与习题集杨爱华编电子工.md         待审判有效后计数 (现待审 580,707)
[pool] +待审     313字 dangdang项目管理案例集美HaroldKerz.md        待审判有效后计数 (现待审 581,020)
[pool] +待审   2,089字 dangdang项目管理案例集美哈罗德科兹纳Ha.md          待审判有效后计数 (现待审 583,109)
[pool] +待审     281字 djyanbao研报索引电力行业报告.md                待审判有效后计数 (现待审 583,390)
[pool] +待审   1,146字 业绩说明会公告台账中国电建.md                     待审判有效后计数 (现待审 584,536)
[pool] +待审     585字 业绩说明会公告台账中国电建集团.md                   待审判有效后计数 (现待审 585,121)
[pool] +待审  22,418字 生态环境部环评管理北京三线一单激活绿色发展新动.md           待审判有效后计数 (现待审 607,539)
[pool] +待审     226字 10亿美元三星加码AI基建英伟达已参与其中.md             待审判有效后计数 (现待审 607,765)
[pool] +待审     160字 9月28日晚间沪深上市公司重大事项公告最新快递.md           待审判有效后计数 (现待审 607,925)
[pool] +待审     255字 上海市节能中心WAIC大会落地两项战略合作打通产学研用与园.md     待审判有效后计数 (现待审 608,180)
[pool] +待审     197字 上海电气首台套燃机中标马来西亚500MW级联合循环项目.md       待审判有效后计数 (现待审 608,377)
[pool] +待审     228字 中闽能源关于子公司签订EPC总承包合同的公告.md            待审判有效后计数 (现待审 608,605)
[pool] +待审     230字 中闽能源子公司签订4165亿元EPC总承包合同.md           待审判有效后计数 (现待审 608,835)
[pool] +待审     243字 中闽能源控股子公司签订4165亿元EPC总承包合同.md         待审判有效后计数 (现待审 609,078)
[pool] +待审     153字 事关硅光先进封装等多个利好.md                     待审判有效后计数 (现待审 609,231)
[pool] +待审     210字 南昌1000千伏变电站主变扩建工程顺利投运.md             待审判有效后计数 (现待审 609,441)
[pool] +待审     178字 四川造全国首个百兆瓦级压缩二氧化碳储能项目并网发电.md         待审判有效后计数 (现待审 609,619)
[pool] +待审     222字 在建在用规模世界第一光热发展提速青海再添百万千瓦级电站.md       待审判有效后计数 (现待审 609,841)
[pool] +待审     228字 斥资10亿美元三星加码AI基建英伟达已参与其中.md           待审判有效后计数 (现待审 610,069)
[pool] +待审     188字 新华财经早报9月27日.md                       待审判有效后计数 (现待审 610,257)
[pool] +待审     215字 晚间公告8月31日这些公告有看头.md                  待审判有效后计数 (现待审 610,472)
[pool] +待审     216字 晚间公告9月28日这些公告有看头.md                  待审判有效后计数 (现待审 610,688)
[pool] +待审     223字 电力设备上市公司密集披露中标公告.md                  待审判有效后计数 (现待审 610,911)
[pool] +待审   1,369字 全国公共资源交易平台新疆中标城乡工程咨询有限公司关于.md        待审判有效后计数 (现待审 612,280)
[pool] +待审     752字 hbba行标目录EPC总承包.md                    待审判有效后计数 (现待审 613,032)
[pool] +待审     760字 hbba行标目录EPC总承包市场分析.md                待审判有效后计数 (现待审 613,792)
[pool] +待审     754字 hbba行标目录上海电力设计院.md                   待审判有效后计数 (现待审 614,546)
[pool] +待审     790字 hbba行标目录上海电力设计院EPC总承包业务有.md          待审判有效后计数 (现待审 615,336)
[pool] +待审     784字 hbba行标目录上海电力设计院EPC总承包业务模.md          待审判有效后计数 (现待审 616,120)
[pool] +待审     762字 hbba行标目录上海电力设计院中标项目.md               待审判有效后计数 (现待审 616,882)
[pool] +待审     758字 hbba行标目录上海电力设计院工程.md                 待审判有效后计数 (现待审 617,640)
[pool] +待审     786字 hbba行标目录上海电力设计院有限公司两河口水.md           待审判有效后计数 (现待审 618,426)
[pool] +待审     780字 hbba行标目录上海电力设计院有限公司华南区域.md           待审判有效后计数 (现待审 619,206)
[pool] +待审     806字 hbba行标目录上海电力设计院有限公司国投湄洲.md           待审判有效后计数 (现待审 620,012)
[pool] +待审     782字 hbba行标目录上海电力设计院有限公司某在建E.md           待审判有效后计数 (现待审 620,794)
[pool] +待审     788字 hbba行标目录上海电力设计院有限公司浙江省海.md           待审判有效后计数 (现待审 621,582)
[pool] +待审     774字 hbba行标目录上海电力设计院有限公司锦屏水电.md           待审判有效后计数 (现待审 622,356)
[pool] +待审     762字 hbba行标目录上海电力设计院案例经验.md               待审判有效后计数 (现待审 623,118)
[pool] +待审     764字 hbba行标目录两河口水电站移民代建工程.md              待审判有效后计数 (现待审 623,882)
[pool] +待审     768字 hbba行标目录两河口水电站移民代建工程中标.md            待审判有效后计数 (现待审 624,650)
[pool] +待审     758字 hbba行标目录华南区域某燃机项目.md                 待审判有效后计数 (现待审 625,408)
[pool] +待审     762字 hbba行标目录华南区域某燃机项目中标.md               待审判有效后计数 (现待审 626,170)
[pool] +待审     750字 hbba行标目录同cnki.md                     待审判有效后计数 (现待审 626,920)
[pool] +待审     784字 hbba行标目录国投湄洲湾第二发电厂21000.md           待审判有效后计数 (现待审 627,704)
[pool] +待审     754字 hbba行标目录杨房沟水电工程.md                   待审判有效后计数 (现待审 628,458)
[pool] +待审     758字 hbba行标目录杨房沟水电工程中标.md                 待审判有效后计数 (现待审 629,216)
[pool] +待审     760字 hbba行标目录某在建EPC铁路项目.md                待审判有效后计数 (现待审 629,976)
[pool] +待审     764字 hbba行标目录某在建EPC铁路项目中标.md              待审判有效后计数 (现待审 630,740)
[pool] +待审     766字 hbba行标目录浙江省海宁屋顶光伏并网项目.md             待审判有效后计数 (现待审 631,506)
[pool] +待审     770字 hbba行标目录浙江省海宁屋顶光伏并网项目中标.md           待审判有效后计数 (现待审 632,276)
[pool] +待审     750字 hbba行标目录电力产业链.md                     待审判有效后计数 (现待审 633,026)
[pool] +待审     762字 hbba行标目录电力工程EPC项目管理.md               待审判有效后计数 (现待审 633,788)
[pool] +待审     752字 hbba行标目录电力工程建设.md                    待审判有效后计数 (现待审 634,540)
[pool] +待审     752字 hbba行标目录电力工程杂志.md                    待审判有效后计数 (现待审 635,292)
[pool] +待审     752字 hbba行标目录电力工程设计.md                    待审判有效后计数 (现待审 636,044)
[pool] +待审     748字 hbba行标目录电力建设.md                      待审判有效后计数 (现待审 636,792)
[pool] +待审     756字 hbba行标目录电力总承包全过程.md                  待审判有效后计数 (现待审 637,548)
[pool] +待审     752字 hbba行标目录电力行业报告.md                    待审判有效后计数 (现待审 638,300)
[pool] +待审     748字 hbba行标目录行业项目.md                      待审判有效后计数 (现待审 639,048)
[pool] +待审     752字 hbba行标目录锦屏水电工程.md                    待审判有效后计数 (现待审 639,800)
[pool] +待审     756字 hbba行标目录锦屏水电工程中标.md                  待审判有效后计数 (现待审 640,556)
[pool] +待审     752字 hbba行标目录项目管理案例.md                    待审判有效后计数 (现待审 641,308)
[pool] +待审     341字 中国电建牵手印度LT中标阿联酋阿曼铁路阿曼段项目.md          待审判有效后计数 (现待审 641,649)
[pool] +待审     337字 川企建造世界跨径最大铁路转体桥跨越苏伊士运河四川新闻.md        待审判有效后计数 (现待审 641,986)
[pool] +待审     376字 新春走基层雅砻江两河口水电站春节不停工1345名建设者酣.md      待审判有效后计数 (现待审 642,362)
[pool] +待审     766字 中国海诚互动易问答请问公司及其相关公司是否有糖相关业务.md       待审判有效后计数 (现待审 643,128)
[pool] +待审     361字 中粮科工互动易问答尊敬的董秘您好我是贵公司投资者金.md         待审判有效后计数 (现待审 643,489)
[pool] +待审     309字 中钢国际互动易问答尊敬的董秘您好7月30日政治局会议.md        待审判有效后计数 (现待审 643,798)
[pool] +待审     286字 奥克股份互动易问答董秘称不涉及超临界二氧化碳那么公司.md        待审判有效后计数 (现待审 644,084)
[pool] +待审     235字 广东建工互动易问答三亚崖州湾科技城的25亿项目中标.md         待审判有效后计数 (现待审 644,319)
[pool] +待审     265字 广东建工互动易问答贵州省夹岩水利枢纽及黔西北供水工程.md        待审判有效后计数 (现待审 644,584)
[pool] +待审     370字 广东建工互动易问答近半个月广东基建市场都呈火热的局面.md        待审判有效后计数 (现待审 644,954)
[pool] +待审     357字 建研设计互动易问答请问截至目前公司在手订单金额及同比.md        待审判有效后计数 (现待审 645,311)
[pool] +待审     632字 惠通科技互动易问答公司招股文件披露20212022.md         待审判有效后计数 (现待审 645,943)
[pool] +待审     767字 永清环保互动易问答请问贵司和其他环保股相比有啥核心的.md        待审判有效后计数 (现待审 646,710)
[pool] +待审     507字 立昂技术互动易问答公司在十五五算力网建设过程中公司有.md        待审判有效后计数 (现待审 647,217)
[pool] +待审   9,785字 鲁班奖名单20202021年度第一批中国.md              待审判有效后计数 (现待审 657,002)
[pool] +待审  10,059字 鲁班奖名单全国建筑市场监管公共服务平台.md               待审判有效后计数 (现待审 667,061)
[pool] +待审   9,380字 鲁班奖名单关于20202021年度第一批.md              待审判有效后计数 (现待审 676,441)
[pool] +待审     599字 metaso_上海电力设计院EPC总承包业务_scholar.md    待审判有效后计数 (现待审 677,040)
[pool] +待审     910字 metaso_上海电力设计院在EPC总承包业_scholar.md    待审判有效后计数 (现待审 677,950)
[pool] +待审   1,132字 metaso_上海电力设计院在EPC总承包项_scholar.md    待审判有效后计数 (现待审 679,082)
[pool] +待审   1,204字 metaso_上海电力设计院有限公司在EPC_scholar.md    待审判有效后计数 (现待审 680,286)
[pool] +待审     880字 metaso_在EPC总承包项目中上海电力设_scholar.md    待审判有效后计数 (现待审 681,166)
[pool] +待审     294字 商务部2026年18月我国全行业对外直接.md              待审判有效后计数 (现待审 681,460)
[pool] +待审     340字 商务部2026年18月我国对共建一带一.md               待审判有效后计数 (现待审 681,800)
[pool] +待审     217字 商务部2026年18月我国对外劳务合作业.md              待审判有效后计数 (现待审 682,017)
[pool] +待审     240字 商务部2026年18月我国对外承包工程业.md              待审判有效后计数 (现待审 682,257)
[pool] +待审     833字 商务部商务部国家统计局和国家外汇局联合发.md              待审判有效后计数 (现待审 683,090)
[pool] +待审   5,848字 住建部2026年世界城市日全球主场活动.md               待审判有效后计数 (现待审 688,938)
[pool] +待审   7,798字 住建部国务院政策例行吹风会切实做好保.md                待审判有效后计数 (现待审 696,736)
[pool] +待审  23,309字 住建部国新办举行开局起步十五五.md                   待审判有效后计数 (现待审 720,045)
[pool] +待审   5,099字 发改委政策通知关于重要工业品低价无序竞争成本核.md           待审判有效后计数 (现待审 725,144)
[pool] +待审   5,244字 发改委项目批复关于内蒙古纳林河矿区陶忽图煤矿项.md           待审判有效后计数 (现待审 730,388)
[pool] +待审   5,305字 发改委项目批复关于惠州液化天然气接收站项目核准.md           待审判有效后计数 (现待审 735,693)
[pool] +待审   5,116字 发改委项目批复关于陕西榆横矿区南区海则滩煤矿项.md           待审判有效后计数 (现待审 740,809)
[pool] +待审   5,135字 发改委项目批复关于陕西榆横矿区南区海测滩煤矿项.md           待审判有效后计数 (现待审 745,944)
[pool] +待审   5,797字 国家能源局完善防灾应急体系提升抢险处置能.md              待审判有效后计数 (现待审 751,741)
[pool] +待审  28,740字 国家核安全局大国正确相处的新路就在脚下.md               待审判有效后计数 (现待审 780,481)
[pool] +待审     359字 OFAC筛查台账.md                          待审判有效后计数 (现待审 780,840)
[pool] +待审     413字 Panjiva提单证据AECOM.md                  待审判有效后计数 (现待审 781,253)
[pool] +待审     451字 patentCN102454217B.md                待审判有效后计数 (现待审 781,704)
[pool] +待审     444字 patentCN102725758B.md                待审判有效后计数 (现待审 782,148)
[pool] +待审     442字 patentCN104200620B.md                待审判有效后计数 (现待审 782,590)
[pool] +待审     438字 patentCN104340813B.md                待审判有效后计数 (现待审 783,028)
[pool] +待审     440字 patentCN106245970B.md                待审判有效后计数 (现待审 783,468)
[pool] +待审     443字 patentCN106952348B.md                待审判有效后计数 (现待审 783,911)
[pool] +待审     460字 patentCN109408627B.md                待审判有效后计数 (现待审 784,371)
[pool] +待审     389字 patentCN201146347Y.md                待审判有效后计数 (现待审 784,760)
[pool] +待审   7,729字 patent国民经济行业分类国家统计局.md               待审判有效后计数 (现待审 792,489)
[pool] +待审   2,592字 patent土木工程网土木工程师的家园.md               待审判有效后计数 (现待审 795,081)
[pool] +待审     662字 patent捷可勃斯夹头制造苏州有限公司.md              待审判有效后计数 (现待审 795,743)
[pool] +待审     240字 中国能源建设集团天津电力建设有限公司三澳核电项目部排污许可.md     待审判有效后计数 (现待审 795,983)
[pool] +待审     218字 四川晟达电力建设有限公司排污许可证91511703682.md      待审判有效后计数 (现待审 796,201)
[pool] 硬拒 snippet-only (serp_shape): policy2023年度卓越交通智能光伏发电工程项目EPC.md — 全文腿取回后再入池
[pool] +待审   1,332字 policy43亿元内蒙古中标一个EPC大项目.md           待审判有效后计数 (现待审 797,533)
[pool] +待审   7,359字 policyBIM中文官网你的BIM网址导航.md            待审判有效后计数 (现待审 804,892)
[pool] +待审   2,267字 policyChinaStateConstructio.md       待审判有效后计数 (现待审 807,159)
[pool] +待审   6,569字 policydigital的解释和发音欧路词典英汉.md         待审判有效后计数 (现待审 813,728)
[pool] +待审     576字 policyEPC工程总承包法规体系深度梳理百度文库.md        待审判有效后计数 (现待审 814,304)
[pool] +待审   5,654字 policyEPC模式下工程总承包单位的资质认定及责任承担.md     待审判有效后计数 (现待审 819,958)
[pool] +待审   5,496字 policyepc管理办法住建部docx人人文库.md          待审判有效后计数 (现待审 825,454)
[pool] +待审   5,020字 policynewqqcomomn20211130.md         待审判有效后计数 (现待审 830,474)
[pool] +待审   2,508字 policyWuhan武汉市人民政府门户网站.md            待审判有效后计数 (现待审 832,982)
[pool] +待审   5,114字 policy一路标升中国铁建揽获一批新项目上海市.md          待审判有效后计数 (现待审 838,096)
[pool] +待审   2,390字 policy上海电力设计院总承包公司.md                待审判有效后计数 (现待审 840,486)
[pool] +待审     872字 policy上海电力设计院有限公司简介.md               待审判有效后计数 (现待审 841,358)
[pool] +待审     951字 policy上海电力设计院有限公司首页.md               待审判有效后计数 (现待审 842,309)
[pool] +待审   2,365字 policy上海电建上海电力设计院上海电力大学.md           待审判有效后计数 (现待审 844,674)
[pool] +待审   7,639字 policy中华人民共和国交通运输部令2018年第13号.md      待审判有效后计数 (现待审 852,313)
[pool] +待审   7,472字 policy中国工程科学CAE.md                   待审判有效后计数 (现待审 859,785)
[pool] +待审   6,210字 policy中国能源建设集团安徽电力建设第二工程有限公司火.md     待审判有效后计数 (现待审 865,995)
[pool] +待审   2,520字 policy什么是BIM建筑信息模型Autode.md          待审判有效后计数 (现待审 868,515)
[pool] +待审   1,545字 policy从政策文件法规角度解析工程总承包EPC.md         待审判有效后计数 (现待审 870,060)
[pool] +待审   1,582字 policy关于EPC总承包项目合同大宗材料货物采购政策.md      待审判有效后计数 (现待审 871,642)
[pool] +待审   2,137字 policy关于EPC招投标的最新新规定2023年.md         待审判有效后计数 (现待审 873,779)
[pool] +待审   1,073字 policy关于印发新型能源体系建设十五五规划的通.md         待审判有效后计数 (现待审 874,852)
[pool] +待审   4,396字 policy关于国投湄洲湾第二发电厂21000MW新.md        待审判有效后计数 (现待审 879,248)
[pool] +待审   2,114字 policy关于对廊坊市EPC工程总承包招标工作指导规则.md      待审判有效后计数 (现待审 881,362)
[pool] +待审   1,388字 policy关于电力设计企业承揽EPC总承包项目涉及承装.md      待审判有效后计数 (现待审 882,750)
[pool] +待审   7,090字 policy北京上海深圳广州AECOM毕业生到.md           待审判有效后计数 (现待审 889,840)
[pool] +待审   6,448字 policy四川招投标网官网四川省招投标公共服务平台.md        待审判有效后计数 (现待审 896,288)
[pool] +待审   6,916字 policy团队MBA智库百科.md                   待审判有效后计数 (现待审 903,204)
[pool] +待审   5,575字 policy团队管理怎么做目标分工沟通与复盘指南.md          待审判有效后计数 (现待审 908,779)
[pool] +待审   1,443字 policy国内同期投运装机规模最大单体光伏EPC总承包项.md     待审判有效后计数 (现待审 910,222)
[pool] +待审     484字 policy国家发展改革委召开十五五规划纲要重大.md          待审判有效后计数 (现待审 910,706)
[pool] +待审   5,533字 policy国家能源局.md                       待审判有效后计数 (现待审 916,239)
[pool] +待审   6,243字 policy国投湄洲湾第二发电厂21000MW机组工程E.md      待审判有效后计数 (现待审 922,482)
[pool] +待审   2,115字 policy国投湄洲湾第二发电厂21000MW机组工程EP.md     待审判有效后计数 (现待审 924,597)
[pool] +待审   8,185字 policy国浩视点EPC工程总承包法律实务全解析从.md        待审判有效后计数 (现待审 932,782)
[pool] +待审   2,672字 policy屋顶分布式光伏建设项目一期设计施.md            待审判有效后计数 (现待审 935,454)
[pool] +待审   6,608字 policy工程总承包引领新风口EPC项目经理助推建筑业.md      待审判有效后计数 (现待审 942,062)
[pool] +待审   5,240字 policy工程项目管理EPC系统全套流程详细解读含.md        待审判有效后计数 (现待审 947,302)
[pool] +待审   5,944字 policy建筑时报雅各布斯世界顶尖的国际工程公司.md         待审判有效后计数 (现待审 953,246)
[pool] +待审   7,949字 policy浅谈EPC模式下典型问题及审计思路综合论坛.md       待审判有效后计数 (现待审 961,195)
[pool] +待审   7,138字 policy深入理解BIM技术及其应用CSDN博客.md         待审判有效后计数 (现待审 968,333)
[pool] +待审   1,470字 policy温岭市行政事业单位屋顶光伏发电建设项目工程总承.md     待审判有效后计数 (现待审 969,803)
[pool] +待审   5,064字 policy组织架构.md                        待审判有效后计数 (现待审 974,867)
[pool] +待审   3,730字 policy能源的饭碗必须端在自己手里我国加快能源.md         待审判有效后计数 (现待审 978,597)
[pool] +待审   2,491字 policy能源绿色低碳转型取得重要进展国家能源局.md         待审判有效后计数 (现待审 981,088)
[pool] 硬拒 snippet-only (serp_shape): policy象山临港绿能科技有限公司一期屋顶分布式光伏发电.md — 全文腿取回后再入池
[pool] 跳过 (重复): policy项目管理十大领域五大过程44个定义.md
[pool] 跳过 (重复): policy项目管理对项目进行计划组织协调和控制的活.md
[pool] +待审  18,591字 国家铁路局国家铁路局关于印发国家铁路局铁.md              待审判有效后计数 (现待审 999,679)
[pool] +待审  17,790字 国家铁路局国家铁路局关于印发铁路交通重大.md              待审判有效后计数 (现待审 1,017,469)
[pool] +待审  11,059字 市场监管总局市场监管总局发布宿迁市商品混凝土.md            待审判有效后计数 (现待审 1,028,528)
[pool] +待审  11,282字 国资委央企动态企步新长征猫跳河上的红色传承.md             待审判有效后计数 (现待审 1,039,810)
[pool] +待审     670字 中石化招标公告索引.md                         待审判有效后计数 (现待审 1,040,480)
[pool] +待审   1,225字 standard2025年国民经济行业分类代码表.md          待审判有效后计数 (现待审 1,041,705)
[pool] +待审   1,940字 standardEngineeringCAE.md            待审判有效后计数 (现待审 1,043,645)
[pool] +待审     920字 standardEPC工程总承包计价规范GBT5135.md       待审判有效后计数 (现待审 1,044,565)
[pool] +待审   6,846字 standardpower是什么意思power怎么读p.md       待审判有效后计数 (现待审 1,051,411)
[pool] +待审   3,367字 standard上海建筑太阳能光伏发电应用技术标准征.md        待审判有效后计数 (现待审 1,054,778)
[pool] +待审   2,549字 standard上海电建华东电力设计院奉贤燃机.md           待审判有效后计数 (现待审 1,057,327)
[pool] +待审   3,260字 standard光伏工程总包服务商怎么挑5个实用维度帮你.md      待审判有效后计数 (现待审 1,060,587)
[pool] +待审   1,090字 standard全国标准信息公共服务平台.md              待审判有效后计数 (现待审 1,061,677)
[pool] +待审     754字 standard关于建设工程工程量清单计价标准GBT.md        待审判有效后计数 (现待审 1,062,431)
[pool] +待审   2,739字 standard华能华东分公司上海电力设计院华东电力.md        待审判有效后计数 (现待审 1,065,170)
[pool] +待审   6,855字 standard四川旅游阿坝景点大全川西旅游必去景区排行.md      待审判有效后计数 (现待审 1,072,025)
[pool] +待审   1,204字 standard国民经济行业分类国家统计局.md             待审判有效后计数 (现待审 1,073,229)
[pool] +待审   6,827字 standard国民经济行业分类国民经济行业代码表GB.md       待审判有效后计数 (现待审 1,080,056)
[pool] +待审   3,453字 standard国网上海电力上海电建华东电力设计.md          待审判有效后计数 (现待审 1,083,509)
[pool] +待审   1,819字 standard在编标准意见.md                    待审判有效后计数 (现待审 1,085,328)
[pool] +待审   2,626字 standard工商业光伏总包施工全攻略核心要点一文讲清.md      待审判有效后计数 (现待审 1,087,954)
[pool] +待审   5,354字 standard工程项目管理EPC系统全套流程详细解读.md       待审判有效后计数 (现待审 1,093,308)
[pool] +待审   1,056字 standard机构检索全国标准信息公共服务平台.md          待审判有效后计数 (现待审 1,094,364)
[pool] +待审   2,909字 standard柏克德工程公司百科.md                 待审判有效后计数 (现待审 1,097,273)
[pool] +待审   1,088字 standard燃气分布式供能站设计规范行业标准全.md         待审判有效后计数 (现待审 1,098,361)
[pool] +待审   1,572字 standard电力勘测设计企业安全生产标准化实施规范.md       待审判有效后计数 (现待审 1,099,933)
[pool] +待审   1,193字 standard行业标准全国标准信息公共服务平台.md          待审判有效后计数 (现待审 1,101,126)
[pool] 跳过 (重复): standard项目管理十大领域五大过程44个定义.md
[pool] 跳过 (重复): standard项目管理对项目进行计划组织协调和控制.md
[pool] +待审   1,475字 video3200456.md                      待审判有效后计数 (现待审 1,102,601)
[pool] +待审   3,112字 video54万7093002.md                   待审判有效后计数 (现待审 1,105,713)
[pool] +待审   1,062字 video812321751.md                    待审判有效后计数 (现待审 1,106,775)
[pool] +待审   1,564字 video嵌入式行业薪资以及技术栈分析高薪必备实战项目.md       待审判有效后计数 (现待审 1,108,339)
[pool] +待审   1,077字 video未来10年20262036这4个行业比开药.md        待审判有效后计数 (现待审 1,109,416)
[pool] +待审   3,185字 video超越认知中国行业背后的500个秘密远川投学苑.md       待审判有效后计数 (现待审 1,112,601)
[pool] +待审     582字 AI造价与商务小栗札记0112很多企业应用AI.md           待审判有效后计数 (现待审 1,113,183)
[pool] +待审     945字 iCourt法秀律师出海怎么做这5门实战课程限.md           待审判有效后计数 (现待审 1,114,128)
[pool] +待审   2,710字 IntlEng黄EPC工程风险管理手册EPC破局术06.md       待审判有效后计数 (现待审 1,116,838)
[pool] +待审   1,565字 SEPCOIII微视界国庆献礼沙特卡西姆EPC项目举.md        待审判有效后计数 (现待审 1,118,403)
[pool] +待审   1,477字 SEPCOIII微视界国庆献礼沙特拉比格四期海水淡化.md        待审判有效后计数 (现待审 1,119,880)
[pool] +待审   2,730字 上海住房城乡建设管理上海完整社区建设实践案例科技赋能.md        待审判有效后计数 (现待审 1,122,610)
[pool] +待审   2,861字 上海住房城乡建设管理加强预售管理有序实施现房销售上海.md        待审判有效后计数 (现待审 1,125,471)
[pool] +待审   1,457字 上海住房城乡建设管理国庆首日陈华文书记检查热线值守保障.md       待审判有效后计数 (现待审 1,126,928)
[pool] +待审   1,355字 上海住房城乡建设管理提示2026年度华夏建设科学技.md         待审判有效后计数 (现待审 1,128,283)
[pool] +待审   2,067字 上海住房城乡建设管理聚焦第二届全国住房城乡建设行业职.md        待审判有效后计数 (现待审 1,130,350)
[pool] +待审   1,005字 上海华谊工程有限公司要闻快讯公司顺利通过QHSE管理体.md       待审判有效后计数 (现待审 1,131,355)
[pool] +待审     690字 世纪新能源网1165亿云南160MW光伏项目.md            待审判有效后计数 (现待审 1,132,045)
[pool] +待审   1,682字 世纪新能源网224元瓦云南180MWp光伏.md             待审判有效后计数 (现待审 1,133,727)
[pool] +待审   1,119字 世纪新能源网275元W福建104MW光伏项.md             待审判有效后计数 (现待审 1,134,846)
[pool] +待审     908字 世纪新能源网29元W山西300MW光伏基地.md             待审判有效后计数 (现待审 1,135,754)
[pool] +待审     785字 世纪新能源网550MW一光伏项目获备案.md               待审判有效后计数 (现待审 1,136,539)
[pool] +待审     581字 世纪新能源网中国各区域弃风弃光情况分析及投资风险.md          待审判有效后计数 (现待审 1,137,120)
[pool] +待审     664字 世纪新能源网河南120MW光伏项目开工.md               待审判有效后计数 (现待审 1,137,784)
[pool] +待审   1,151字 世纪新能源网西藏4GW光伏项目EPC招标.md              待审判有效后计数 (现待审 1,138,935)
[pool] +待审   4,891字 中交二航局专访重构中交集团大供应链管理体.md              待审判有效后计数 (现待审 1,143,826)
[pool] +待审   1,575字 中化二建集团三公司吉宋敏与晋源区委副书记区长岳旭强交.md        待审判有效后计数 (现待审 1,145,401)
[pool] +待审   1,828字 中化二建集团三公司徐万明与内蒙古博源控股集团有限公司董.md       待审判有效后计数 (现待审 1,147,229)
[pool] +待审   2,370字 中国交建一航局构建大供应链管理格局推动高质量.md            待审判有效后计数 (现待审 1,149,599)
[pool] +待审   5,194字 中国交建专访重构中交集团大供应链管理体.md               待审判有效后计数 (现待审 1,154,793)
[pool] +待审   7,850字 中国交建建设科技创新型中交畅谈大.md                  待审判有效后计数 (现待审 1,162,643)
[pool] +待审   7,781字 中国光伏行业协会CPIA涉及光伏工信部等七部门联合印发.md       待审判有效后计数 (现待审 1,170,424)
[pool] +待审   1,953字 中国化学二化建质量星光西北分公司本部举行第二.md            待审判有效后计数 (现待审 1,172,377)
[pool] +待审   1,136字 中国建筑单广袖赴新加坡调研中建南洋公司及重点.md            待审判有效后计数 (现待审 1,173,513)
[pool] +待审   6,665字 中国建设报中共中央办公厅国务院办公厅印发文.md             待审判有效后计数 (现待审 1,180,178)
[pool] +待审   2,512字 中国建设报提升物业服务质量实践陕西西安.md               待审判有效后计数 (现待审 1,182,690)
[pool] +待审   5,739字 中国政府采购报中办国办印发重要规划.md                 待审判有效后计数 (现待审 1,188,429)
[pool] +待审   1,219字 中国政府采购报国管局要求加强公务用车统一采购配备管.md         待审判有效后计数 (现待审 1,189,648)
[pool] +待审     973字 中国政府采购杂志中标成交结果无效可以顺延中标.md            待审判有效后计数 (现待审 1,190,621)
[pool] +待审   1,273字 中国水事求是杂志发表习近平总书记重要文章.md              待审判有效后计数 (现待审 1,191,894)
[pool] +待审   1,519字 中国环境如何用一款小程序让大气治理智在.md               待审判有效后计数 (现待审 1,193,413)
[pool] +待审   1,066字 中国电建福建院今日福建院长乐外海集中统一送出.md            待审判有效后计数 (现待审 1,194,479)
[pool] +待审     658字 中国能源报国家重大工程项目取得重要进展.md               待审判有效后计数 (现待审 1,195,137)
[pool] +待审   5,067字 中指研究院2026年19月中国房企销售业绩解.md            待审判有效后计数 (现待审 1,200,204)
[pool] +待审     848字 光伏产业网官微315MW光伏项目并网全部采用隆基.md          待审判有效后计数 (现待审 1,201,052)
[pool] +待审   1,003字 光伏产业网官微450MW天合光能供货海外光伏项目.md          待审判有效后计数 (现待审 1,202,055)
[pool] +待审     964字 光伏产业网官微60MW光伏场区EPC总承包招标.md           待审判有效后计数 (现待审 1,203,019)
[pool] +待审     535字 光伏产业网官微中广核20MW光伏项目环评公示.md            待审判有效后计数 (现待审 1,203,554)
[pool] +待审     755字 光伏产业网官微云南30MW光伏项目环评拟审查公示.md          待审判有效后计数 (现待审 1,204,309)
[pool] +待审     943字 光伏产业网官微国家能源集团11GW沙戈荒基地正式立.md         待审判有效后计数 (现待审 1,205,252)
[pool] +待审   2,068字 光伏产业网官微国能浙江45MW光伏项目EPC公开招.md         待审判有效后计数 (现待审 1,207,320)
[pool] +待审   1,006字 光伏产业网官微大唐集团4GW藏东南光伏基地EP.md           待审判有效后计数 (现待审 1,208,326)
[pool] +待审     775字 光伏产业网官微总投资39亿重庆100MW光伏项.md           待审判有效后计数 (现待审 1,209,101)
[pool] +待审     968字 光伏盒子226元W厦门383MW分布.md                待审判有效后计数 (现待审 1,210,069)
[pool] +待审   4,543字 光伏盒子先导智能300450高管及个人简.md              待审判有效后计数 (现待审 1,214,612)
[pool] +待审     637字 光伏盒子光伏电站的建设与施工培训pdf.md               待审判有效后计数 (现待审 1,215,249)
[pool] +待审   2,772字 光伏盒子剥离光伏国央企集体撤退.md                   待审判有效后计数 (现待审 1,218,021)
[pool] +待审     700字 光伏盒子北京336MW分布式光伏EPC招标.md             待审判有效后计数 (现待审 1,218,721)
[pool] +待审   2,702字 光伏盒子十五五点名光伏又一个大市场来了.md               待审判有效后计数 (现待审 1,221,423)
[pool] +待审   1,520字 光伏盒子千名伙伴赴约签约热度不减阳光新能.md              待审判有效后计数 (现待审 1,222,943)
[pool] +待审     762字 光伏盒子国庆福利全套光储测算资料包免费领.md              待审判有效后计数 (现待审 1,223,705)
[pool] +待审   1,259字 光伏盒子大唐西藏4GW光伏项目EPC招标.md              待审判有效后计数 (现待审 1,224,964)
[pool] +待审   1,008字 光伏盒子山西废止15GW风光项目指标.md                待审判有效后计数 (现待审 1,225,972)
[pool] +待审     542字 光伏盒子干货分享丨50万千瓦光伏项目绿电直连.md            待审判有效后计数 (现待审 1,226,514)
[pool] +待审     528字 光伏盒子干货分享丨光伏发电工程专业设计计算表.md            待审判有效后计数 (现待审 1,227,042)
[pool] +待审   4,386字 光伏盒子拓日新能002218SZ高管及.md               待审判有效后计数 (现待审 1,231,428)
[pool] +待审   1,017字 光伏盒子来这里云南光伏储能交流群聊.md                 待审判有效后计数 (现待审 1,232,445)
[pool] +待审   1,451字 光伏盒子海南2026年新版机制竞价实施细则.md             待审判有效后计数 (现待审 1,233,896)
[pool] +待审   1,823字 光伏盒子生态环境部退役光伏组件按照工业固.md              待审判有效后计数 (现待审 1,235,719)
[pool] +待审   3,115字 光伏盒子补超4亿光伏34土地两.md                   待审判有效后计数 (现待审 1,238,834)
[pool] +待审   3,465字 全球工程经营大语言模型不是被提问而是被引.md              待审判有效后计数 (现待审 1,242,299)
[pool] +待审   1,039字 全联新能源NEX2026国轩高科王启岁以.md              待审判有效后计数 (现待审 1,243,338)
[pool] +待审     991字 北京石油化工工程有限公司北油工程总承包泰安新宁智慧管廊项目.md     待审判有效后计数 (现待审 1,244,329)
[pool] +待审     563字 北京石油化工工程有限公司国庆项目展播凯越煤化50万吨.md        待审判有效后计数 (现待审 1,244,892)
[pool] +待审     369字 北京石油化工工程有限公司盛世华诞礼赞祖国.md              待审判有效后计数 (现待审 1,245,261)
[pool] +待审   2,044字 北极星工商业储能分享丨200MW800MWh独立储.md         待审判有效后计数 (现待审 1,247,305)
[pool] +待审   3,813字 北极星风力发电网国内首个采用混塔技术的海上风电场建成.md        待审判有效后计数 (现待审 1,251,118)
[pool] +待审   1,262字 华设设计集团华设热闻丨集团开展金秋九月AI系列科.md          待审判有效后计数 (现待审 1,252,380)
[pool] +待审   1,960字 印尼工程圈印尼数据中心爆发这家中国设计院能帮.md            待审判有效后计数 (现待审 1,254,340)
[pool] +待审   1,926字 印尼工程圈近三天印尼中标中铝氧化铝补签联通.md             待审判有效后计数 (现待审 1,256,266)
[pool] +待审   4,555字 向洋看世界国际设计咨询公司动态控制权退出价.md             待审判有效后计数 (现待审 1,260,821)
[pool] +待审   2,847字 和君商学你不需要成为医生但需要读懂自己的基.md             待审判有效后计数 (现待审 1,263,668)
[pool] +待审   7,322字 和君商学毛利高过爱马仕中国最会赚钱的男装.md              待审判有效后计数 (现待审 1,270,990)
[pool] +待审   1,152字 和君商学祝福祖国生日快乐繁荣昌盛.md                  待审判有效后计数 (现待审 1,272,142)
[pool] +待审   4,007字 哈佛商业评论AI能做什么伊利把答案放进了一杯牛.md           待审判有效后计数 (现待审 1,276,149)
[pool] +待审   4,021字 哈佛商业评论当模型能力逐渐拉平企业靠什么拉开差.md           待审判有效后计数 (现待审 1,280,170)
[pool] +待审   3,898字 国家电力投资集团有限公司国家电投集团举办第一届青年创新A.md      待审判有效后计数 (现待审 1,284,068)
[pool] +待审   4,596字 国家电网报用心服务情暖万家.md                     待审判有效后计数 (现待审 1,288,664)
[pool] +待审   5,733字 国际工程与劳务杂志巴西新能源EPC项目风险识别与防控.md        待审判有效后计数 (现待审 1,294,397)
[pool] +待审   4,191字 国际工程与劳务杂志紧密型联营模式下海外EPC项目管理核.md       待审判有效后计数 (现待审 1,298,588)
[pool] +待审   9,236字 国际工程与境外投资中亚地区的央企足迹.md                待审判有效后计数 (现待审 1,307,824)
[pool] +待审   2,179字 好望观察696亿元坦赞铁路贷款敲定多家.md               待审判有效后计数 (现待审 1,310,003)
[pool] +待审     598字 工程行业大脑1500万悬案揭秘无效合同竟吃定工.md           待审判有效后计数 (现待审 1,310,601)
[pool] +待审     586字 工程行业大脑794亿大单亏300万中国移动限.md            待审判有效后计数 (现待审 1,311,187)
[pool] +待审     618字 工程行业大脑AI研发采购15超支惊悚揭秘工.md             待审判有效后计数 (现待审 1,311,805)
[pool] +待审     561字 工程行业大脑三林楔形绿地65生态用地总包如何.md            待审判有效后计数 (现待审 1,312,366)
[pool] +待审     665字 工程行业大脑中资矿企海外合规风险损失10亿A.md            待审判有效后计数 (现待审 1,313,031)
[pool] +待审     638字 工程行业大脑建工新规下180万赔偿案惊曝造价.md            待审判有效后计数 (现待审 1,313,669)
[pool] +待审     654字 工程行业大脑总包项目计税误区9成风险AI助建筑.md           待审判有效后计数 (现待审 1,314,323)
[pool] +待审     504字 工程行业大脑放下双手才能抬起双眼老张转型失败.md            待审判有效后计数 (现待审 1,314,827)
[pool] +待审   3,348字 广西住房城乡建设厅自治区住房城乡建设厅等五部门关于印发.md       待审判有效后计数 (现待审 1,318,175)
[pool] +待审   1,835字 建星集团立标杆建星集团2026年度内部.md               待审判有效后计数 (现待审 1,320,010)
[pool] +待审   1,424字 建筑工程大全中国电建大爆发强势中标27亿EPC.md           待审判有效后计数 (现待审 1,321,434)
[pool] +待审   1,781字 建筑工程大全中铁联合体中标10亿EPC大单.md             待审判有效后计数 (现待审 1,323,215)
[pool] +待审   1,200字 建筑工程鲁班联盟我在中天工地见识了零渗漏卫生间施工.md         待审判有效后计数 (现待审 1,324,415)
[pool] +待审   5,064字 建筑技术杂志社BIM三维扫描技术在异型钢结构幕墙.md          待审判有效后计数 (现待审 1,329,479)
[pool] +待审     579字 总包说113亿项目中标秘诀AI助力中.md                待审判有效后计数 (现待审 1,330,058)
[pool] +待审     658字 总包说15亿超概危机招标文件深度不足.md                待审判有效后计数 (现待审 1,330,716)
[pool] +待审     642字 总包说21份合同清单揭秘漏签一份结算少.md               待审判有效后计数 (现待审 1,331,358)
[pool] +待审     726字 总包说2264亿诉讼背后边设计边施工的.md               待审判有效后计数 (现待审 1,332,084)
[pool] +待审     557字 总包说50亿项目背后统筹平台定标准三林.md               待审判有效后计数 (现待审 1,332,641)
[pool] +待审     670字 总包说AI助挽回12亿损失沙特光伏项目.md               待审判有效后计数 (现待审 1,333,311)
[pool] +待审     603字 总包说EPC联营体沙特项目亏损揭秘12.md               待审判有效后计数 (现待审 1,333,914)
[pool] +待审   6,248字 总包说EPC项目亏1700万总价上限争议.md              待审判有效后计数 (现待审 1,340,162)
[pool] +待审     601字 总包说工程人必看AI应用四大误区揭秘实.md               待审判有效后计数 (现待审 1,340,763)
[pool] +待审     664字 总包说巴西EPC合同陷阱重重45利润率.md               待审判有效后计数 (现待审 1,341,427)
[pool] +待审     585字 总包说巴西EPC风险高815中国承包.md                待审判有效后计数 (现待审 1,342,012)
[pool] +待审     575字 总包说政府项目违规举债百万损失如何防.md                待审判有效后计数 (现待审 1,342,587)
[pool] +待审     530字 总包说签证漏签28天决定2800万窝工.md               待审判有效后计数 (现待审 1,343,117)
[pool] +待审   1,197字 新基建通21亿福建大项目中标了.md                   待审判有效后计数 (现待审 1,344,314)
[pool] +待审   2,468字 新基建通2个标首都地区环线高速公路招标.md               待审判有效后计数 (现待审 1,346,782)
[pool] +待审   1,358字 新基建通3亿中铁建工在河北中标了.md                  待审判有效后计数 (现待审 1,348,140)
[pool] +待审     848字 新基建通4亿中建八局中标了.md                     待审判有效后计数 (现待审 1,348,988)
[pool] +待审   1,622字 新基建通4亿中铁四局在江苏中标了.md                  待审判有效后计数 (现待审 1,350,610)
[pool] +待审   4,206字 新基建通5个标南水北调中线项目中标结果.md               待审判有效后计数 (现待审 1,354,816)
[pool] +待审   2,097字 新基建通5亿中国能建葛洲坝中标了.md                  待审判有效后计数 (现待审 1,356,913)
[pool] +待审   1,899字 新基建通5亿山东项目招标.md                      待审判有效后计数 (现待审 1,358,812)
[pool] +待审   2,228字 新基建通6亿安徽项目中标了.md                     待审判有效后计数 (现待审 1,361,040)
[pool] +待审   1,720字 新基建通8亿中建在河南中标了.md                    待审判有效后计数 (现待审 1,362,760)
[pool] +待审   4,863字 新基建通9个标青藏铁路项目中标结果.md                 待审判有效后计数 (现待审 1,367,623)
[pool] +待审     776字 新基建通9亿中铁十五局中标了.md                    待审判有效后计数 (现待审 1,368,399)
[pool] +待审   2,245字 新基建通中建集团斩获8亿大标中建七局中建.md              待审判有效后计数 (现待审 1,370,644)
[pool] +待审   1,187字 新基建通合肥绕城高速公路中标结果.md                  待审判有效后计数 (现待审 1,371,831)
[pool] +待审   1,685字 新基建通大连港码头工程中标结果.md                   待审判有效后计数 (现待审 1,373,516)
[pool] +待审   1,779字 新基建通山东省近5亿大标发榜中铁十五局联合.md             待审判有效后计数 (现待审 1,375,295)
[pool] +待审   1,861字 新基建通徐州轨道交通4号线中标结果.md                 待审判有效后计数 (现待审 1,377,156)
[pool] +待审   1,890字 新基建通总投资73亿安荣合高速公路中标结果.md             待审判有效后计数 (现待审 1,379,046)
[pool] +待审   1,065字 新基建通标书骨干一离职公司就断档真正靠谱.md              待审判有效后计数 (现待审 1,380,111)
[pool] +待审     713字 新基建通狮子洋通道项目中标结果.md                   待审判有效后计数 (现待审 1,380,824)
  … 500 件 (跳 0)
[pool] +待审   2,628字 新疆生态环境健全多维监管体系构建共治长效格局.md            待审判有效后计数 (现待审 1,383,452)
[pool] +待审   4,344字 施工企业项目管理城市更新贷款管理办法落地满月九道门.md         待审判有效后计数 (现待审 1,387,796)
[pool] +待审  10,191字 施工技术国庆好文特辑工程建设行业生成式.md               待审判有效后计数 (现待审 1,397,987)
[pool] +待审     608字 智汇光伏199亿元中能建中标200MW园.md              待审判有效后计数 (现待审 1,398,595)
[pool] +待审     742字 智汇光伏29元W华电山西300MW光伏.md               待审判有效后计数 (现待审 1,399,337)
[pool] +待审   1,626字 智汇光伏云南能源集团开远市200MW源网荷.md             待审判有效后计数 (现待审 1,400,963)
[pool] +待审   1,037字 智汇光伏国家电投云南200MW光伏项目并网.md             待审判有效后计数 (现待审 1,402,000)
[pool] +待审   1,299字 智汇光伏国能集团鲁北基地500MW光伏EP.md             待审判有效后计数 (现待审 1,403,299)
[pool] +待审     701字 智汇光伏大唐云南120MW光伏项目开工.md               待审判有效后计数 (现待审 1,404,000)
[pool] +待审   1,143字 智汇光伏大唐集团西藏4GW光伏项目EPC招.md             待审判有效后计数 (现待审 1,405,143)
[pool] +待审   8,233字 植德律师事务所植德不动产EPC项目结算超概.md             待审判有效后计数 (现待审 1,413,376)
[pool] +待审   1,831字 每日风电210MW中电建万宁漂浮式海上风.md              待审判有效后计数 (现待审 1,415,207)
[pool] +待审   1,492字 每日风电大唐600MW风电项目开标这三家整.md             待审判有效后计数 (现待审 1,416,699)
[pool] +待审   1,407字 每日风电明阳预中标华电470MW风电项目.md              待审判有效后计数 (现待审 1,418,106)
[pool] +待审  15,937字 水利天下李君廷老旧水库改造提升前期工作的机.md             待审判有效后计数 (现待审 1,434,043)
[pool] +待审   6,324字 江苏省储能行业协会七部门到2030年全固态电池初步.md         待审判有效后计数 (现待审 1,440,367)
[pool] +待审   4,641字 江苏省储能行业协会七部门联合发文钠电池从鼓励探索.md          待审判有效后计数 (现待审 1,445,008)
[pool] +待审   5,272字 江苏省储能行业协会江西独立储能管理年调度350次.md          待审判有效后计数 (现待审 1,450,280)
[pool] +待审   2,593字 江西律协央视网江西赣州健全涉企法律服务.md               待审判有效后计数 (现待审 1,452,873)
[pool] +待审   1,638字 河南省建筑业协会质量月大讲堂2026质量月.md             待审判有效后计数 (现待审 1,454,511)
[pool] +待审     866字 河南省电力企业协会七部门关于印发新型电池产业发展十.md         待审判有效后计数 (现待审 1,455,377)
[pool] +待审     823字 河南省电力企业协会信用专栏三门峡灵宝市开展推进.md           待审判有效后计数 (现待审 1,456,200)
[pool] +待审   1,066字 海外工程洞察海外工程资讯中国电建签约哥伦比亚.md            待审判有效后计数 (现待审 1,457,266)
[pool] +待审   1,181字 湖南建设投资集团有限责任公司中湘美好正式进驻中共湖南省委党.md     待审判有效后计数 (现待审 1,458,447)
[pool] +待审   2,695字 湖南建设投资集团有限责任公司建投六建圆满交付全省首个国家区.md     待审判有效后计数 (现待审 1,461,142)
[pool] +待审   8,563字 石化行业走出去联盟国务院国资委详解央企十五五规划.md          待审判有效后计数 (现待审 1,469,705)
[pool] +待审   3,215字 立方数据学社会员专享数据2026年我国省市县.md            待审判有效后计数 (现待审 1,472,920)
[pool] +待审   5,630字 筑匠工程网人物专访章兰三次迭代一链贯.md                待审判有效后计数 (现待审 1,478,550)
[pool] +待审   2,069字 美丽甘肃从用水大户到节水标杆金川.md                  待审判有效后计数 (现待审 1,480,619)
[pool] +待审   1,921字 老万工程咨询工程咨询行业快讯2026930.md             待审判有效后计数 (现待审 1,482,540)
[pool] +待审   1,614字 能慧6GWh沙特首个公用事业储能项目中.md               待审判有效后计数 (现待审 1,484,154)
[pool] +待审   1,501字 能慧阿联酋投产600MW光伏组件及.md                 待审判有效后计数 (现待审 1,485,655)
[pool] +待审     973字 能源知库中天合创项目中标.md                      待审判有效后计数 (现待审 1,486,628)
[pool] +待审     952字 能源知库天辰公司签署项目EPCC合同.md                待审判有效后计数 (现待审 1,487,580)
[pool] +待审     887字 西北电力设计院开工内蒙古库布齐沙漠送电上海工程.md           待审判有效后计数 (现待审 1,488,467)
[pool] +待审   3,427字 规划师杂志政策资讯完善绿色低碳认证体系助.md              待审判有效后计数 (现待审 1,491,894)
[pool] +待审     689字 走出去Energy500MW上海电气签约马来西亚燃机.md        待审判有效后计数 (现待审 1,492,583)
[pool] +待审     634字 走出去情报天合光能供货越南450MW漂浮光伏项.md           待审判有效后计数 (现待审 1,493,217)
[pool] +待审   2,150字 造价争议笔记4665亿中标结算报了65亿.md              待审判有效后计数 (现待审 1,495,367)
[pool] +待审   6,052字 造价人家园EPC项目亏1700万总价上限争议.md            待审判有效后计数 (现待审 1,501,419)
[pool] +待审   8,558字 青海生态环境青海省实施中华人民共和国工会法办.md            待审判有效后计数 (现待审 1,509,977)
[pool] +待审   1,682字 项目控制界每日项控微简报202610.md                待审判有效后计数 (现待审 1,511,659)
[pool] +待审   1,951字 风电头条4600元kW山西50MW驭风.md               待审判有效后计数 (现待审 1,513,610)
[pool] +待审   1,548字 风电头条华电预中选云南292MW风电项目.md              待审判有效后计数 (现待审 1,515,158)
[pool] +待审   2,143字 风电头条新疆能源集团15GW风电机组集采招.md             待审判有效后计数 (现待审 1,517,301)
[pool] +待审   1,637字 风电头条涉及中国能建金钛股份辽宁公示25.md              待审判有效后计数 (现待审 1,518,938)
[pool] +待审   2,027字 风能专委会CWEA3x12GW中广核在内蒙古规划三个.md        待审判有效后计数 (现待审 1,520,965)
[pool] +待审   4,108字 风能专委会CWEA活动报名丨上海交通大学能源科技校友会.md       待审判有效后计数 (现待审 1,525,073)
[pool] +待审   3,656字 风能专委会CWEA特斯拉在欧洲供货比利时将建700M.md        待审判有效后计数 (现待审 1,528,729)
[pool] +待审   4,060字 风能专委会CWEA逛展不迷路丨CWP2026四大主题.md        待审判有效后计数 (现待审 1,532,789)
[pool] +待审     557字 高登项目管理高登项目管理2026年国庆祝福.md             待审判有效后计数 (现待审 1,533,346)
[pool] +待审     252字 company上海电力设计院有限公司招聘BOSS直聘.md        待审判有效后计数 (现待审 1,533,598)
[pool] +待审      93字 company用户协议.md                       待审判有效后计数 (现待审 1,533,691)
[pool] +待审     136字 中国建筑近期获重大项目计1404亿元.md                待审判有效后计数 (现待审 1,533,827)
[pool] +待审     128字 中闽能源子公司联合体签订4165亿元EPC总承包合同.md        待审判有效后计数 (现待审 1,533,955)
[pool] +待审     130字 晚间公告9月29日这些公告有看头.md                  待审判有效后计数 (现待审 1,534,085)
[pool] +待审     297字 CMEC签约18亿美元土耳其铁路项目见道网.md             待审判有效后计数 (现待审 1,534,382)
[pool] +待审     344字 中建安装上半年海外中标额再创新高新浪财经.md              待审判有效后计数 (现待审 1,534,726)
[pool] +待审   6,581字 框架v1.md                              待审判有效后计数 (现待审 1,541,307)
[pool] +待审  12,958字 框架v1_生成指令.md                         待审判有效后计数 (现待审 1,554,265)
[pool] +待审  67,585字 洞察包.md                               待审判有效后计数 (现待审 1,621,850)
[pool] +待审   2,377字 第1章_绪论 研究缘起、方法与价值_v2.md              待审判有效后计数 (现待审 1,624,227)
[pool] +待审   2,833字 第2章_上海电力设计院 企业画像与基本盘_v2.md           待审判有效后计数 (现待审 1,627,060)
[pool] +待审   1,981字 第3章_上海电力设计院的发展沿革与战略演进_v2.md          待审判有效后计数 (现待审 1,629,041)
[pool] +待审   3,010字 第4章_上海电力设计院的经营策略与市场打法_v2.md          待审判有效后计数 (现待审 1,632,051)
[pool] +待审   1,737字 第5章_市场全景 规模、中标与竞争格局_v2.md            待审判有效后计数 (现待审 1,633,788)
[pool] +待审   1,508字 background.js.LICENSE.txt            待审判有效后计数 (现待审 1,635,296)
[pool] +待审   4,023字 content.js.LICENSE.txt               待审判有效后计数 (现待审 1,639,319)
[pool] +待审  11,966字 main.js.LICENSE.txt                  待审判有效后计数 (现待审 1,651,285)
[pool] 跳过 (重复): options.js.LICENSE.txt
[pool] +待审   1,066字 params.js.LICENSE.txt                待审判有效后计数 (现待审 1,652,351)
[pool] 跳过 (重复): workflow.js.LICENSE.txt
[pool] +待审     190字 fact_pack.md                         待审判有效后计数 (现待审 1,652,541)
[pool] +待审   1,208字 渠道血缘榜.md                             待审判有效后计数 (现待审 1,653,749)
[pool] +待审     137字 致决策者N问.md                            待审判有效后计数 (现待审 1,653,886)
[pool] +待审   1,037字 过程附录_可审计过程结构.md                      待审判有效后计数 (现待审 1,654,923)
[pool] +待审     293字 研究报告需求.txt                           待审判有效后计数 (现待审 1,655,216)
[pool] +待审     397字 敏感性检验.md                             待审判有效后计数 (现待审 1,655,613)
[pool] +待审   1,619字 研究报告需求.txt                           待审判有效后计数 (现待审 1,657,232)
[pool] +待审   1,625字 研究报告需求.txt                           待审判有效后计数 (现待审 1,658,857)
[pool] +待审  24,073字 2356_攀枝花中禾矿业有限公司与攀枝花攀钢集团设计研究院有限公司、中冶 待审判有效后计数 (现待审 1,682,930)
[pool] +待审   3,822字 勘察设计前沿_中国中冶旗下七家设计院，2026年上半年经营情况如何？-2 待审判有效后计数 (现待审 1,686,752)
[pool] +待审   3,461字 工程行业洞察_中国中冶2026年中报：7家设计咨询公司业绩如何？-cae 待审判有效后计数 (现待审 1,690,213)
[pool] +待审   3,111字 湖南省勘察设计协会_数智赋能  创新驱动 ：2026年数字化设计交流活动 待审判有效后计数 (现待审 1,693,324)
[pool] +待审   8,553字 湖南省勘察设计协会_湖湘匠星风采・全国大师参评人物专题 _ 叶恒棣：潜心 待审判有效后计数 (现待审 1,701,877)
[pool] +待审     729字 Areviewandprospectofresea.md         待审判有效后计数 (现待审 1,702,606)
[pool] +待审     627字 Developmentstatusandfuture.md        待审判有效后计数 (现待审 1,703,233)
[pool] +待审     434字 EPC项目工程造价管理研究和实践.md                  待审判有效后计数 (现待审 1,703,667)
[pool] +待审   2,021字 Grossecosystemproductconcep.md       待审判有效后计数 (现待审 1,705,688)
[pool] +待审     990字 Resilienceevaluationofindus.md       待审判有效后计数 (现待审 1,706,678)
[pool] +待审   3,964字 Scientometricanalysisofpape.md       待审判有效后计数 (现待审 1,710,642)
[pool] +待审   1,179字 ThreatenedSpeciesListofChi.md        待审判有效后计数 (现待审 1,711,821)
[pool] +待审     623字 中国华南大陆构造与问题.md                       待审判有效后计数 (现待审 1,712,444)
[pool] +待审     466字 建筑工程总承包项目管理中存在的问题及对策.md              待审判有效后计数 (现待审 1,712,910)
[pool] +待审     752字 意识形态诗学与文学翻译选择规范20世纪5080.md           待审判有效后计数 (现待审 1,713,662)
[pool] +待审     630字 激光增材制造在航天领域的实践与展望.md                 待审判有效后计数 (现待审 1,714,292)
[pool] +待审     735字 翻译意识形态与话语中国18951911年文学翻译.md          待审判有效后计数 (现待审 1,715,027)
[pool] +待审     532字 逆光海况下低质量红外目标的增强与识别.md                待审判有效后计数 (现待审 1,715,559)
[pool] 跳过 (重复): 勘察设计协会2025年度南方地区勘察设计同业.md
[pool] 跳过 (重复): 勘察设计协会2026年度全国勘察设计同业协会.md
[pool] 跳过 (重复): 勘察设计协会中国勘察设计协会成立40周年庆祝.md
[pool] 跳过 (重复): 勘察设计协会勘察设计行业高质量发展大会在京召.md
[pool] +待审   1,036字 bidding375亿元陕西商洛市中标一个锰矿EPC大.md       待审判有效后计数 (现待审 1,716,595)
[pool] +待审   3,639字 biddingBIM学习网自学BIM不求人.md             待审判有效后计数 (现待审 1,720,234)
[pool] 跳过 (重复): biddingBIM建筑网关注建筑行业BIM技术发展.md
[pool] +待审   1,641字 biddingCSCEC中国建设基础设施有限公司.md          待审判有效后计数 (现待审 1,721,875)
[pool] +待审     471字 biddingCSCEC中建科工集团有限公司.md            待审判有效后计数 (现待审 1,722,346)
[pool] +待审   2,031字 biddingEPCPCECEP分别是什么意思一图.md         待审判有效后计数 (现待审 1,724,377)
[pool] +待审   7,834字 biddingEPCPPPBOTEOD都有啥区别.md          待审判有效后计数 (现待审 1,732,211)
[pool] +待审   2,305字 biddingEPC工程总承包项目国内EPC发展现状为.md       待审判有效后计数 (现待审 1,734,516)
[pool] +待审   2,490字 bidding中冶长天中标马坑矿业1000万ta采选扩能.md      待审判有效后计数 (现待审 1,737,006)
[pool] +待审     443字 bidding中冶长天国际工程有限责任公司资质业绩查询.md       待审判有效后计数 (现待审 1,737,449)
[pool] +待审   3,044字 bidding中国三冶中标河南骏宸.md                 待审判有效后计数 (现待审 1,740,493)
[pool] +待审   5,259字 bidding中国上海国际冶金工业展览会2026门票.md        待审判有效后计数 (现待审 1,745,752)
[pool] +待审   5,669字 bidding中国冶金科工集团有限公司启信宝.md            待审判有效后计数 (现待审 1,751,421)
[pool] +待审   3,245字 bidding中建集团工程中标.md                   待审判有效后计数 (现待审 1,754,666)
[pool] 硬拒 snippet-only (serp_shape): bidding修复工程EPC总承包项目建筑工程临时.md — 全文腿取回后再入池
[pool] +待审   3,362字 bidding全874集允许白嫖198小时讲完.md           待审判有效后计数 (现待审 1,758,028)
[pool] +待审   5,843字 bidding升级改造项目EPC工程总承包合同e.md          待审判有效后计数 (现待审 1,763,871)
[pool] +待审     380字 bidding宝钢股份有限公司欢迎您iBaostee.md        待审判有效后计数 (现待审 1,764,251)
[pool] +待审   1,105字 bidding宝钢集团有限公司baosteel.md           待审判有效后计数 (现待审 1,765,356)
[pool] +待审   2,626字 bidding工程建设标准化信息网.md                 待审判有效后计数 (现待审 1,767,982)
[pool] +待审   7,918字 bidding工程总承包EPC项目实施方案.md             待审判有效后计数 (现待审 1,775,900)
[pool] +待审   2,854字 bidding柏克德中国工程有限公司爱企查.md             待审判有效后计数 (现待审 1,778,754)
[pool] +待审   3,120字 bidding福州市长乐区人民政府.md                 待审判有效后计数 (现待审 1,781,874)
[pool] +待审     824字 bidding福建马坑矿业股份有限公司马坑铁矿采选扩.md        待审判有效后计数 (现待审 1,782,698)
[pool] +待审   1,328字 bidding结构调整项目主体工程EPC总承包采购中.md        待审判有效后计数 (现待审 1,784,026)
[pool] +待审   2,256字 bidding能源央视网cctvcom.md               待审判有效后计数 (现待审 1,786,282)
[pool] +待审   7,667字 bidding设计企业从事EPC工程总承包项目的设计管理及.md     待审判有效后计数 (现待审 1,793,949)
[pool] +待审   2,204字 bidding超低排放技术改造项目EPC总承包中标候.md        待审判有效后计数 (现待审 1,796,153)
[pool] +待审   1,277字 bidding这家钢厂新建60万吨钢铁项目工程招标.md         待审判有效后计数 (现待审 1,797,430)
[pool] +待审   6,298字 bidding采招网招标网招标公告工程招标采购信息.md         待审判有效后计数 (现待审 1,803,728)
[pool] 跳过 (重复): bidding项目管理对项目进行计划组织协调和控制的.md
[pool] +待审   2,903字 bidding龙岩市公共资源交易中心招标公告马坑铁.md         待审判有效后计数 (现待审 1,806,631)
[pool] 跳过 (重复): 上海电力上海电力关于同上海化学工业区管理委员会共同推进漕.md
[pool] +待审   2,368字 中国中冶中国中冶中信证券股份有限公司关于公司2012年度.md      待审判有效后计数 (现待审 1,808,999)
[pool] +待审   2,262字 中国中冶中国中冶中信证券股份有限公司关于公司2013年度.md      待审判有效后计数 (现待审 1,811,261)
[pool] +待审   5,664字 中国中冶中国中冶关于回复上海证券交易所对公司2015年年.md      待审判有效后计数 (现待审 1,816,925)
[pool] +待审     432字 中国中冶中国中冶关于收到上海证券交易所对公司2015年年.md      待审判有效后计数 (现待审 1,817,357)
[pool] +待审     544字 中国中冶中国中冶海外监管公告关於收到上海证券交易所.md         待审判有效后计数 (现待审 1,817,901)
[pool] +待审     550字 中国中铁中国中铁中国中铁股份有限公司2023年面向专业投.md      待审判有效后计数 (现待审 1,818,451)
[pool] +待审     496字 中国中铁中国中铁中国中铁股份有限公司2024年面向专业投.md      待审判有效后计数 (现待审 1,818,947)
[pool] +待审   2,344字 中国中铁中国中铁中国中铁股份有限公司2026年中期权益分.md      待审判有效后计数 (现待审 1,821,291)
[pool] +待审   4,128字 中国中铁中国中铁关于代扣代缴2026年度中期股息所得税事.md      待审判有效后计数 (现待审 1,825,419)
[pool] +待审     597字 中国建筑中国建筑中国建筑2026年18月经营情况简报.md        待审判有效后计数 (现待审 1,826,016)
[pool] +待审     604字 中国建筑中国建筑中国建筑关于下属子公司投资上海市普陀区房.md      待审判有效后计数 (现待审 1,826,620)
[pool] +待审     499字 中国建筑中国建筑中国建筑关于公司高级管理人员离任的公告.md       待审判有效后计数 (现待审 1,827,119)
[pool] +待审   1,353字 中国建筑中国建筑中国建筑关于控股股东增持公司股份进展暨首.md      待审判有效后计数 (现待审 1,828,472)
[pool] +待审     380字 中国建筑中国建筑中国建筑国际信用评级结果公告.md            待审判有效后计数 (现待审 1,828,852)
[pool] +待审     491字 中国建筑中国建筑中国建筑第四届董事会第四十二次会议决议公.md      待审判有效后计数 (现待审 1,829,343)
[pool] +待审     402字 中国建筑中国建筑中国建筑重大项目公告.md                待审判有效后计数 (现待审 1,829,745)
[pool] 跳过 (重复): 金杯汽车ST金杯同上海汽车变速器有限公司和沈阳华晨金.md
[pool] 跳过 (重复): BIM技术在建设工程项目管理中的应用研究免费.md
[pool] 跳过 (重复): EPC工程总承包项目全过程跟踪审计研究免费.md
[pool] 跳过 (重复): EPC建设项目中网格化管理的探讨及应用免费.md
[pool] 跳过 (重复): EPC总承包模式下工程造价的全过程协同管理研究免费.md
[pool] 跳过 (重复): EPC模式下建筑施工项目的全过程管理探讨免费.md
[pool] 跳过 (重复): EPC模式下浙江省海宁屋顶光伏并网项目风险管理研究免费.md
[pool] 跳过 (重复): EPC模式下铁路项目工程合同管理研究免费.md
[pool] 跳过 (重复): EPC联合体工程项目管理痛点剖析及对策免费.md
[pool] 跳过 (重复): 一种烟气脱硫塔内壁的防腐蚀装置免费.md
[pool] 跳过 (重复): 一种立式换热器管束检修用的快速移动装置免费.md
[pool] 跳过 (重复): 一种节能型高效径向甲醇反应器免费.md
[pool] 跳过 (重复): 一种适用于强放热反应的径向轴向复合式反应器免费.md
[pool] 跳过 (重复): 义乌江灯光亮化工程（一期）EPC总承包夜景照明工程赏析免费.md
[pool] 跳过 (重复): 人工智能赋能“工程项目管理”智慧课堂建设教学改革研究免费.md
[pool] 跳过 (重复): 以设计为龙头的海上风电工程总承包项目管理研究免费.md
[pool] 跳过 (重复): 全面质量管理在电力建设EPC项目中的应用及分析免费.md
[pool] 跳过 (重复): 冶金流程工程学理论指导下钢铁智能化探索与实践免费.md
[pool] 跳过 (重复): 国外大型油气建设项目管理模式研究及启示免费.md
[pool] 跳过 (重复): 国投湄洲湾第二发电厂EPC项目管理的创新与探索免费.md
[pool] 跳过 (重复): 基于BIM+GIS的铁路EPC项目施组进度一体化管理方法网络首发免费.md
[pool] 跳过 (重复): 基于EPC总承包模式的住宅建筑工程管理策略探究免费.md
[pool] 跳过 (重复): 基于博弈论组合赋权—模糊综合评价法的铁路EPC项目进度影响因素研究免费.md
[pool] 跳过 (重复): 基于层次分析法的高校新校区项目管理模式优选研究免费.md
[pool] 跳过 (重复): 基于平行分包模式的建筑工程EPC成本评估研究免费.md
[pool] 跳过 (重复): 基于数字化技术的电力工程总承包项目管理研究——以华南区域某燃机项目为例免费.md
[pool] 跳过 (重复): 基于神经网络的水煤浆气化炉炉温预测方法免费.md
[pool] 跳过 (重复): 基于财务共享的资金集中管理创新机制与经济后果研究——以中石化集团为例免费.md
[pool] 跳过 (重复): 大型水电工程建设管理模式创新免费.md
[pool] 跳过 (重复): 大语言模型在土木工程领域中的研究现状、挑战及趋势免费.md
[pool] 跳过 (重复): 安徽 印发住房城乡建设领域“人工智能+”行动方案免费.md
[pool] 跳过 (重复): 工程总承包与全过程工程咨询融合应用的价值、挑战与对策免费.md
[pool] 跳过 (重复): 建设单位EPC项目管理困境及提升路径研究免费.md
[pool] 跳过 (重复): 建设管理平台在城市轨道交通工程建设项目管理中的应用免费.md
[pool] 跳过 (重复): 招标人主体责任强化背景下企业合规管理数字化转型研究免费.md
[pool] 跳过 (重复): 探析水利水电工程项目管理模式免费.md
[pool] 跳过 (重复): 改革破局筑根基 追求卓越提效能——核理化院工程建设项目管理实践与探索免费.md
[pool] 跳过 (重复): 数智化赋能下石油工程建设EPC项目成本控制研究免费.md
[pool] 跳过 (重复): 新型建筑材料应用对工程项目管理与运维成本影响分析免费.md
[pool] 跳过 (重复): 构建EPCO一体化管理体系是建筑企业的终极目标——中国勘察设计企业蜕变为EPC工程总承包商的必然性免费.md
[pool] 跳过 (重复): 核电工程项目管理信息化研究与探索免费.md
[pool] 跳过 (重复): 水利水电工程EPC项目设计管理难点与对策免费.md
[pool] 跳过 (重复): 水利水电工程项目管理存在不足点及改进措施免费.md
[pool] 跳过 (重复): 浅谈电力工程EPC总承包设计管理免费.md
[pool] 跳过 (重复): 济南出台新政助力建筑业高质量发展免费.md
[pool] 跳过 (重复): 海外EPC工程总承包项目的组织策划探讨免费.md
[pool] 跳过 (重复): 海外EPC联营项目管理“十大理念”内涵及落地实践免费.md
[pool] 跳过 (重复): 生成式人工智能赋能监管能力提升的内在逻辑及优化路径——基于公共资源交易领域案例的分析免费.md
[pool] 跳过 (重复): 电力工程EPC总承包模式下的财务协同管理策略探讨免费.md
[pool] 跳过 (重复): 省级电子招投标的现状分析与对策研究免费.md
[pool] 跳过 (重复): 石化行业铁路专用线实施EPC项目管理研究免费.md
[pool] 跳过 (重复): 自然语言处理模型与文本图像生成技术驱动下的包装设计免费.md
[pool] 跳过 (重复): 苦练内功 开拓创新免费.md
[pool] 跳过 (重复): 设计主导EPC模式创新路径的深度探索免费.md
[pool] 跳过 (重复): 铁路工程EPC总承包项目业主与总承包商风险治理行为演化博弈研究免费.md
[pool] 跳过 (重复): 面向新工科的工程项目管理智慧课程建设路径研究免费.md
[pool] +待审   6,760字 company中冶长天国际工程有限责任公司.md             待审判有效后计数 (现待审 1,836,505)
[pool] +待审   5,844字 company中冶长天国际工程有限责任公司中冶长天官网.md       待审判有效后计数 (现待审 1,842,349)
[pool] +待审     616字 company中冶长天国际工程有限责任公司企查查.md          待审判有效后计数 (现待审 1,842,965)
[pool] +待审   7,104字 company中国中铁中国中铁公司中国中铁竞品.md           待审判有效后计数 (现待审 1,850,069)
[pool] +待审   6,889字 company中国中铁股份有限公司经营状况爱企查.md          待审判有效后计数 (现待审 1,856,958)
[pool] +待审   7,726字 company中国中铁股票数据资料信息东方财富.md           待审判有效后计数 (现待审 1,864,684)
[pool] +待审   2,318字 company企业主页中冶长天国际工程有限责任公司南开.md       待审判有效后计数 (现待审 1,867,002)
[pool] 跳过 (重复): company关于我们.md
[pool] +待审   3,732字 company北京同上科技有限公司同上科技信息查询官.md        待审判有效后计数 (现待审 1,870,734)
[pool] +待审   3,954字 company杭州同上科技有限公司同上科技企业工商信息.md       待审判有效后计数 (现待审 1,874,688)
[pool] +待审     535字 dangdangEPC工程总承包全过程管理李永福中国电.md       待审判有效后计数 (现待审 1,875,223)
[pool] 跳过 (重复): dangdangEPC工程总承包全过程管理李永福等著.md
[pool] 跳过 (重复): dangdangEPC工程总承包项目管理模板及操作实例余时.md
[pool] 跳过 (重复): dangdangEPC工程总承包项目管理逻辑与方法.md
[pool] +待审   1,520字 dangdangEPC总承包项目工程保险实操指南.md          待审判有效后计数 (现待审 1,876,743)
[pool] +待审     375字 dangdangEPC总承包项目工程保险实操指南9787.md      待审判有效后计数 (现待审 1,877,118)
[pool] +待审   1,377字 dangdang国际工程EPC项目风险管理第2版.md          待审判有效后计数 (现待审 1,878,495)
[pool] +待审   2,279字 dangdang深入浅出4G网络LTEEPC.md            待审判有效后计数 (现待审 1,880,774)
[pool] 跳过 (重复): dangdang银行业项目管理实战精析于兆鹏电子工业出.md
[pool] 跳过 (重复): dangdang银行业项目管理实战精析于兆鹏电子工业出版社.md
[pool] +待审     460字 深爬indexshtml.md                      待审判有效后计数 (现待审 1,881,234)
[pool] +待审   3,751字 深爬m.md                               待审判有效后计数 (现待审 1,884,985)
[pool] +待审     516字 深爬VIDE1H7GAbSDm6O3p2O6.md            待审判有效后计数 (现待审 1,885,501)
[pool] +待审     577字 深爬VIDE2pSeyk3lp2EmBDzH.md            待审判有效后计数 (现待审 1,886,078)
[pool] +待审     969字 深爬VIDEBjD9WsKxp9Yi5jq5.md            待审判有效后计数 (现待审 1,887,047)
[pool] +待审     975字 深爬VIDEFEtnzEB4evJlwJvT.md            待审判有效后计数 (现待审 1,888,022)
[pool] +待审     878字 深爬VIDEJupO5zt7dFzJ3SNf.md            待审判有效后计数 (现待审 1,888,900)
[pool] +待审     712字 深爬VIDEohZYE5haUOB1ts6U.md            待审判有效后计数 (现待审 1,889,612)
[pool] +待审     526字 深爬VIDEUbvaZYgfW7jQHWCv.md            待审判有效后计数 (现待审 1,890,138)
[pool] +待审     857字 深爬VIDEWbLJs4LOSSpCsA06.md            待审判有效后计数 (现待审 1,890,995)
[pool] +待审   8,200字 深爬首页.md                              待审判有效后计数 (现待审 1,899,195)
[pool] +待审   1,118字 业绩说明会公告台账中国中铁.md                     待审判有效后计数 (现待审 1,900,313)
[pool] +待审   1,082字 业绩说明会公告台账中国建筑.md                     待审判有效后计数 (现待审 1,901,395)
[pool] 跳过 (重复): 生态环境部环评管理北京三线一单激活绿色发展新动.md
[pool] +待审     176字 2026中期快消品行业报告出炉市场总量稳增行业盈利承压.md       待审判有效后计数 (现待审 1,901,571)
[pool] +待审     208字 9家上市公司暴露环境风险金正大全资子公司正磷化工连领罚单.md      待审判有效后计数 (现待审 1,901,779)
[pool] +待审     257字 万德斯与永煤矿业互诉前者讨要工程款等约5600万元后者向.md      待审判有效后计数 (现待审 1,902,036)
[pool] +待审     217字 万德斯中标神东煤炭矿井水提标治理二期项目EPC.md           待审判有效后计数 (现待审 1,902,253)
[pool] +待审     202字 上海电气大功率重燃出海中国高端装备挺进成熟市场.md           待审判有效后计数 (现待审 1,902,455)
[pool] +待审     251字 中国中冶2026年14月新签合同额24803亿元.md          待审判有效后计数 (现待审 1,902,706)
[pool] 跳过 (重复): 中闽能源关于子公司签订EPC总承包合同的公告.md
[pool] 跳过 (重复): 中闽能源子公司签订4165亿元EPC总承包合同.md
[pool] +待审     158字 中闽能源控股子公司签订4165亿元EPC总承包合同.md         待审判有效后计数 (现待审 1,902,864)
[pool] +待审     226字 创新药产业化提速制药装备整线智能化开启国产突围新周期行业.md      待审判有效后计数 (现待审 1,903,090)
[pool] +待审     198字 华康洁净签订5400万元医疗专项专业分包工程合同.md          待审判有效后计数 (现待审 1,903,288)
[pool] +待审     203字 国际市场再获大单中国瑞林签署3378亿元赞比亚新建铜尾矿.md      待审判有效后计数 (现待审 1,903,491)
[pool] +待审     216字 沈阳桃仙国际机场第二跑道项目飞行区工程建设启动.md           待审判有效后计数 (现待审 1,903,707)
[pool] +待审     195字 陕建股份下属子公司中标105亿元储能电站项目EPC总承包.md      待审判有效后计数 (现待审 1,903,902)
[pool] +待审     215字 陕建股份中标105亿元储能电站EPC总承包项目.md           待审判有效后计数 (现待审 1,904,117)
[pool] +待审     243字 陕建股份子公司中标105亿元储能电站EPC总承包项目.md        待审判有效后计数 (现待审 1,904,360)
[pool] +待审     223字 陕建股份子公司中标105亿元储能电站EPC项目.md           待审判有效后计数 (现待审 1,904,583)
[pool] +待审     227字 鞍钢西鞍山铁矿项目选矿设计大赛圆满落幕.md               待审判有效后计数 (现待审 1,904,810)
[pool] +待审     245字 高毛利业务占比提升致营收下降利润增长中国瑞林上半年新签订单.md     待审判有效后计数 (现待审 1,905,055)
[pool] +待审     792字 hbba行标目录EPC工程总承包项目.md                待审判有效后计数 (现待审 1,905,847)
[pool] +待审     796字 hbba行标目录EPC工程总承包项目中标.md              待审判有效后计数 (现待审 1,906,643)
[pool] +待审     784字 hbba行标目录EPC总承包.md                    待审判有效后计数 (现待审 1,907,427)
[pool] +待审     792字 hbba行标目录EPC总承包市场分析.md                待审判有效后计数 (现待审 1,908,219)
[pool] +待审     782字 hbba行标目录EPC纵横.md                     待审判有效后计数 (现待审 1,909,001)
[pool] +待审     782字 hbba行标目录EPC项目.md                     待审判有效后计数 (现待审 1,909,783)
[pool] +待审     786字 hbba行标目录EPC项目中标.md                   待审判有效后计数 (现待审 1,910,569)
[pool] +待审     780字 hbba行标目录中冶长天.md                      待审判有效后计数 (现待审 1,911,349)
[pool] +待审     788字 hbba行标目录中冶长天中标项目.md                  待审判有效后计数 (现待审 1,912,137)
[pool] +待审     784字 hbba行标目录中冶长天国际.md                    待审判有效后计数 (现待审 1,912,921)
[pool] +待审     800字 hbba行标目录中冶长天国际工程有限责任公司.md            待审判有效后计数 (现待审 1,913,721)
[pool] +待审     820字 hbba行标目录中冶长天国际工程有限责任公司E.md           待审判有效后计数 (现待审 1,914,541)
[pool] +待审     834字 hbba行标目录中冶长天国际工程有限责任公司在E.md          待审判有效后计数 (现待审 1,915,375)
[pool] +待审     836字 hbba行标目录中冶长天国际工程有限责任公司如何.md          待审判有效后计数 (现待审 1,916,211)
[pool] +待审     826字 hbba行标目录中冶长天国际工程有限责任公司浙.md           待审判有效后计数 (现待审 1,917,037)
[pool] +待审     812字 hbba行标目录中冶长天国际工程有限责任公司海.md           待审判有效后计数 (现待审 1,917,849)
[pool] +待审     808字 hbba行标目录中冶长天国际工程有限责任公司襄.md           待审判有效后计数 (现待审 1,918,657)
[pool] +待审     820字 hbba行标目录中冶长天国际工程有限责任公司邯.md           待审判有效后计数 (现待审 1,919,477)
[pool] +待审     788字 hbba行标目录中冶长天案例经验.md                  待审判有效后计数 (现待审 1,920,265)
[pool] +待审     782字 hbba行标目录冶金产业链.md                     待审判有效后计数 (现待审 1,921,047)
[pool] +待审     794字 hbba行标目录冶金工程EPC项目管理.md               待审判有效后计数 (现待审 1,921,841)
[pool] +待审     784字 hbba行标目录冶金工程建设.md                    待审判有效后计数 (现待审 1,922,625)
[pool] +待审     788字 hbba行标目录冶金总承包全过程.md                  待审判有效后计数 (现待审 1,923,413)
[pool] +待审     788字 hbba行标目录冶金行业行业报告.md                  待审判有效后计数 (现待审 1,924,201)
[pool] +待审     784字 hbba行标目录冶金领域媒体.md                    待审判有效后计数 (现待审 1,924,985)
[pool] +待审     790字 hbba行标目录华南区域某燃机项目.md                 待审判有效后计数 (现待审 1,925,775)
[pool] +待审     794字 hbba行标目录华南区域某燃机项目中标.md               待审判有效后计数 (现待审 1,926,569)
[pool] +待审     782字 hbba行标目录同cnki.md                     待审判有效后计数 (现待审 1,927,351)
[pool] +待审     780字 hbba行标目录工程建设.md                      待审判有效后计数 (现待审 1,928,131)
[pool] +待审     798字 hbba行标目录浙江省海宁屋顶光伏并网项目.md             待审判有效后计数 (现待审 1,928,929)
[pool] +待审     802字 hbba行标目录浙江省海宁屋顶光伏并网项目中标.md           待审判有效后计数 (现待审 1,929,731)
[pool] +待审     784字 hbba行标目录海上风电项目.md                    待审判有效后计数 (现待审 1,930,515)
[pool] +待审     788字 hbba行标目录海上风电项目中标.md                  待审判有效后计数 (现待审 1,931,303)
[pool] +待审     780字 hbba行标目录行业项目.md                      待审判有效后计数 (现待审 1,932,083)
[pool] +待审     780字 hbba行标目录襄荆高铁.md                      待审判有效后计数 (现待审 1,932,863)
[pool] +待审     784字 hbba行标目录襄荆高铁中标.md                    待审判有效后计数 (现待审 1,933,647)
[pool] +待审     792字 hbba行标目录邯郸某铁路EPC项目.md                待审判有效后计数 (现待审 1,934,439)
[pool] +待审     796字 hbba行标目录邯郸某铁路EPC项目中标.md              待审判有效后计数 (现待审 1,935,235)
[pool] +待审     435字 上交所问询函台账中国中铁.md                      待审判有效后计数 (现待审 1,935,670)
[pool] +待审     413字 上交所问询函台账中国建筑.md                      待审判有效后计数 (现待审 1,936,083)
[pool] +待审     488字 2025年中国风电EPC行业细分应用市场分析海上风电EPC.md     待审判有效后计数 (现待审 1,936,571)
[pool] +待审     540字 2889GWh2026年16月储能中标榜融和元储中.md         待审判有效后计数 (现待审 1,937,111)
[pool] +待审     525字 光伏价格趋势组件均价073元W大EPC分布式263.md         待审判有效后计数 (现待审 1,937,636)
[pool] +待审     325字 月内官宣74万吨扩产项目锂电负极真的不够用了吗行业风向.md       待审判有效后计数 (现待审 1,937,961)
[pool] +待审     410字 永州市交通项目工程建设及交通运输执法领域安全生产座谈会召开.md     待审判有效后计数 (现待审 1,938,371)
[pool] +待审     300字 东华科技互动易问答贵公司运营管理的扎布耶二期现在正在进.md       待审判有效后计数 (现待审 1,938,671)
[pool] 跳过 (重复): 中国海诚互动易问答请问公司及其相关公司是否有糖相关业务.md
[pool] +待审     488字 中工国际互动易问答董秘您好当前全球能源转型加速新型.md         待审判有效后计数 (现待审 1,939,159)
[pool] 跳过 (重复): 中粮科工互动易问答尊敬的董秘您好我是贵公司投资者金.md
[pool] 跳过 (重复): 中钢国际互动易问答尊敬的董秘您好7月30日政治局会议.md
[pool] +待审     323字 华蓝集团互动易问答敬爱的董秘您好请问平陆运河即将开.md         待审判有效后计数 (现待审 1,939,482)
[pool] 跳过 (重复): 奥克股份互动易问答董秘称不涉及超临界二氧化碳那么公司.md
[pool] 跳过 (重复): 广东建工互动易问答三亚崖州湾科技城的25亿项目中标.md
[pool] 跳过 (重复): 广东建工互动易问答贵州省夹岩水利枢纽及黔西北供水工程.md
[pool] 跳过 (重复): 广东建工互动易问答近半个月广东基建市场都呈火热的局面.md
[pool] 跳过 (重复): 建研设计互动易问答请问截至目前公司在手订单金额及同比.md
[pool] 跳过 (重复): 惠通科技互动易问答公司招股文件披露20212022.md
[pool] 跳过 (重复): 永清环保互动易问答请问贵司和其他环保股相比有啥核心的.md
[pool] 跳过 (重复): 立昂技术互动易问答公司在十五五算力网建设过程中公司有.md
[pool] 跳过 (重复): 鲁班奖名单20202021年度第一批中国.md
[pool] 跳过 (重复): 鲁班奖名单全国建筑市场监管公共服务平台.md
[pool] 跳过 (重复): 鲁班奖名单关于20202021年度第一批.md
[pool] +待审   1,095字 metaso_中冶长天国际工程有限责任公司在_scholar.md    待审判有效后计数 (现待审 1,940,577)
[pool] +待审     809字 metaso_中冶长天国际工程有限责任公司如_scholar.md    待审判有效后计数 (现待审 1,941,386)
[pool] +待审   1,767字 metaso_中冶长天在EPC总承包业务中如_scholar.md    待审判有效后计数 (现待审 1,943,153)
[pool] +待审   1,219字 metaso_中冶长天在EPC总承包业务中有_scholar.md    待审判有效后计数 (现待审 1,944,372)
[pool] +待审   1,031字 metaso_中冶长天在EPC总承包项目中如_scholar.md    待审判有效后计数 (现待审 1,945,403)
[pool] +待审   1,542字 metaso_在中冶长天国际工程有限责任公司_scholar.md    待审判有效后计数 (现待审 1,946,945)
[pool] 跳过 (重复): 商务部2026年18月我国全行业对外直接.md
[pool] 跳过 (重复): 商务部2026年18月我国对共建一带一.md
[pool] 跳过 (重复): 商务部2026年18月我国对外劳务合作业.md
[pool] 跳过 (重复): 商务部2026年18月我国对外承包工程业.md
[pool] 跳过 (重复): 商务部商务部国家统计局和国家外汇局联合发.md
[pool] 跳过 (重复): 住建部2026年世界城市日全球主场活动.md
[pool] 跳过 (重复): 住建部国务院政策例行吹风会切实做好保.md
[pool] 跳过 (重复): 住建部国新办举行开局起步十五五.md
[pool] +待审  21,988字 交通运输部大国正确相处的新路就在脚下.md                待审判有效后计数 (现待审 1,968,933)
[pool] 跳过 (重复): 发改委政策通知关于重要工业品低价无序竞争成本核.md
[pool] 跳过 (重复): 发改委项目批复关于内蒙古纳林河矿区陶忽图煤矿项.md
[pool] 跳过 (重复): 发改委项目批复关于惠州液化天然气接收站项目核准.md
[pool] 跳过 (重复): 发改委项目批复关于陕西榆横矿区南区海则滩煤矿项.md
[pool] 跳过 (重复): 发改委项目批复关于陕西榆横矿区南区海测滩煤矿项.md
[pool] +待审   6,432字 国家能源局国家发展改革委国家能源局有关负.md              待审判有效后计数 (现待审 1,975,365)
[pool] 跳过 (重复): 国家能源局完善防灾应急体系提升抢险处置能.md
[pool] 跳过 (重复): 国家核安全局大国正确相处的新路就在脚下.md
[pool] +待审     365字 OFAC筛查台账.md                          待审判有效后计数 (现待审 1,975,730)
[pool] +待审     413字 Panjiva提单证据AECOM.md                  待审判有效后计数 (现待审 1,976,143)
[pool] +待审     426字 patentCN102521710B.md                待审判有效后计数 (现待审 1,976,569)
[pool] +待审     346字 patentCN104361211B.md                待审判有效后计数 (现待审 1,976,915)
[pool] +待审     436字 patentCN104480974B.md                待审判有效后计数 (现待审 1,977,351)
[pool] +待审     446字 patentCN105688622B.md                待审判有效后计数 (现待审 1,977,797)
[pool] +待审     424字 patentCN108371872B.md                待审判有效后计数 (现待审 1,978,221)
[pool] +待审     358字 patentCN109136544B.md                待审判有效后计数 (现待审 1,978,579)
[pool] +待审     423字 patentCN109858751A.md                待审判有效后计数 (现待审 1,979,002)
[pool] +待审     426字 patentCN111674954B.md                待审判有效后计数 (现待审 1,979,428)
[pool] +待审     439字 patentCN111813661B.md                待审判有效后计数 (现待审 1,979,867)
[pool] +待审     386字 patentCN111815282B.md                待审判有效后计数 (现待审 1,980,253)
[pool] +待审     364字 patentCN111815283B.md                待审判有效后计数 (现待审 1,980,617)
[pool] +待审     408字 patentCN112214867B.md                待审判有效后计数 (现待审 1,981,025)
[pool] +待审     450字 patentCN112395361B.md                待审判有效后计数 (现待审 1,981,475)
[pool] +待审     443字 patentCN112403258B.md                待审判有效后计数 (现待审 1,981,918)
[pool] +待审     425字 patentCN112862440B.md                待审判有效后计数 (现待审 1,982,343)
[pool] +待审     443字 patentCN112967025B.md                待审判有效后计数 (现待审 1,982,786)
[pool] +待审     425字 patentCN113191497B.md                待审判有效后计数 (现待审 1,983,211)
[pool] +待审     436字 patentCN114702188B.md                待审判有效后计数 (现待审 1,983,647)
[pool] +待审     399字 patentCN114737051B.md                待审判有效后计数 (现待审 1,984,046)
[pool] +待审     416字 patentCN118798831B.md                待审判有效后计数 (现待审 1,984,462)
[pool] +待审     420字 patentWO2022037500A1.md              待审判有效后计数 (现待审 1,984,882)
[pool] +待审   7,719字 patent国民经济行业分类国家统计局.md               待审判有效后计数 (现待审 1,992,601)
[pool] +待审   5,785字 patent长乐新闻网长乐区互联网新闻中心.md             待审判有效后计数 (现待审 1,998,386)
[pool] +待审     219字 山西宁盛工程建设有限公司排污许可证91141129724.md      待审判有效后计数 (现待审 1,998,605)
[pool] +待审     229字 巴楚县鹿达通工程建设有限公司排污许可证91653130M.md      待审判有效后计数 (现待审 1,998,834)
[pool] +待审     252字 广西中天工程建设集团有限公司柳城县东泉镇污水处理厂排污.md       待审判有效后计数 (现待审 1,999,086)
[pool] +待审     252字 广西中天工程建设集团有限公司柳城县六塘镇污水处理厂排污.md       待审判有效后计数 (现待审 1,999,338)
[pool] +待审     225字 敦煌市鸿睿路桥工程建设有限公司排污许可证91620982.md      待审判有效后计数 (现待审 1,999,563)
[pool] +待审     229字 武穴市诚信路桥工程建设有限责任公司排污许可证914211.md      待审判有效后计数 (现待审 1,999,792)
[pool] +待审     219字 汉中汉东工程建设有限公司排污许可证91610727MA6.md      待审判有效后计数 (现待审 2,000,011)
[pool] +待审     220字 湖南中冶长天重工科技有限公司排污许可证914301005.md      待审判有效后计数 (现待审 2,000,231)
[pool] +待审     235字 湖南省富厚交通工程建设有限公司双峰分公司排污许可证914.md      待审判有效后计数 (现待审 2,000,466)
[pool] +待审     218字 荣成好当家工程建设有限公司排污许可证91371082MA.md      待审判有效后计数 (现待审 2,000,684)
[pool] +待审     232字 陕西环境工程建设子长水处理有限公司排污许可证9161.md        待审判有效后计数 (现待审 2,000,916)
[pool] 跳过 (重复): policyBIM中文官网你的BIM网址导航.md
[pool] 跳过 (重复): policyChinaStateConstructio.md
[pool] +待审   1,811字 policyCSCEC中国建筑第八工程局有限公司.md          待审判有效后计数 (现待审 2,002,727)
[pool] 硬拒 snippet-only (serp_shape): policyDigital电路仿真软件的安装digita.md — 全文腿取回后再入池
[pool] 跳过 (重复): policydigital的解释和发音欧路词典英汉.md
[pool] +待审   7,834字 policyEPCPPPBOTEOD都有啥区别.md           待审判有效后计数 (现待审 2,010,561)
[pool] +待审   7,630字 policyEPC工程总承包模式下各阶段的造价控制概算.md       待审判有效后计数 (现待审 2,018,191)
[pool] +待审   7,960字 policyEPC工程总承包模式下各阶段的造价控制项目.md       待审判有效后计数 (现待审 2,026,151)
[pool] +待审   5,654字 policyEPC模式下工程总承包单位的资质认定及责任承担.md     待审判有效后计数 (现待审 2,031,805)
[pool] +待审   7,238字 policyEPC项目全过程精细化管控21个关键点约定.md       待审判有效后计数 (现待审 2,039,043)
[pool] +待审   3,989字 policyGitHub排行榜Top200热门开源.md         待审判有效后计数 (现待审 2,043,032)
[pool] +待审   4,134字 policyinfrastructure是什么infr.md       待审判有效后计数 (现待审 2,047,166)
[pool] +待审   5,020字 policynewqqcomomn20211130.md         待审判有效后计数 (现待审 2,052,186)
[pool] +待审   4,111字 policy中国网网上中国.md                     待审判有效后计数 (现待审 2,056,297)
[pool] 跳过 (重复): policy什么是BIM建筑信息模型Autode.md
[pool] +待审   1,636字 policy住建部关于工程总承包epc管理办法法行宝法.md       待审判有效后计数 (现待审 2,057,933)
[pool] +待审   3,847字 policy住房城乡建设部关于进一步推进工程总承包发展的若.md     待审判有效后计数 (现待审 2,061,780)
[pool] +待审   4,457字 policy关于EPC工程总承包中央地方出台了哪些政.md        待审判有效后计数 (现待审 2,066,237)
[pool] 跳过 (重复): policy关于印发新型能源体系建设十五五规划的通.md
[pool] +待审   1,857字 policy关于第二十六期全国BIM技能等级考试一.md         待审判有效后计数 (现待审 2,068,094)
[pool] +待审     831字 policy关于粤港澳大湾区粤港澳大湾区门户网.md           待审判有效后计数 (现待审 2,068,925)
[pool] +待审   5,819字 policy团队管理怎么做目标分工沟通与复盘指南.md          待审判有效后计数 (现待审 2,074,744)
[pool] +待审   3,713字 policy团队管理的六个要点分别是什么ONES.md          待审判有效后计数 (现待审 2,078,457)
[pool] 跳过 (重复): policy国家发展改革委召开十五五规划纲要重大.md
[pool] +待审   7,411字 policy国家概况中华人民共和国外交部.md              待审判有效后计数 (现待审 2,085,868)
[pool] +待审   5,291字 policy国家能源局.md                       待审判有效后计数 (现待审 2,091,159)
[pool] +待审     573字 policy国民经济行业分类GBT4754201.md          待审判有效后计数 (现待审 2,091,732)
[pool] +待审   2,504字 policy土木工程网土木工程师的家园.md               待审判有效后计数 (现待审 2,094,236)
[pool] +待审   5,972字 policy宝山钢铁股份有限公司爱企查.md               待审判有效后计数 (现待审 2,100,208)
[pool] +待审   8,028字 policy工程总承包EPC的相关知识及政策依据.md          待审判有效后计数 (现待审 2,108,236)
[pool] +待审   6,591字 policy工程总承包引领新风口EPC项目经理助推建筑业.md      待审判有效后计数 (现待审 2,114,827)
[pool] 跳过 (重复): policy建筑时报雅各布斯世界顶尖的国际工程公司.md
[pool] +待审   7,440字 policy总承包EPC管理办法试行政策解.md             待审判有效后计数 (现待审 2,122,267)
[pool] +待审   6,577字 policy斐济旅游指南2026攻略费用与当地资.md          待审判有效后计数 (现待审 2,128,844)
[pool] +待审   6,778字 policy斐济概况.md                        待审判有效后计数 (现待审 2,135,622)
[pool] +待审   3,401字 policy斐济究竟是一个怎样的国家为什么被众多旅游爱好.md      待审判有效后计数 (现待审 2,139,023)
[pool] +待审   2,500字 policy最新政策下EPC工程总承包模式招标投标中的技巧.md     待审判有效后计数 (现待审 2,141,523)
[pool] +待审   7,610字 policy最高法院如何认定EPC工程总承包合同的效力以.md      待审判有效后计数 (现待审 2,149,133)
[pool] +待审   2,722字 policy李强在政府工作报告中介绍十五五时期主要目标.md       待审判有效后计数 (现待审 2,151,855)
[pool] +待审   3,172字 policy河北邯郸旅游必去十大景点游玩攻略2026年3.md      待审判有效后计数 (现待审 2,155,027)
[pool] +待审   1,173字 policy注意吉大港改名4月起孟加拉吉大港Chit.md        待审判有效后计数 (现待审 2,156,200)
[pool] +待审   6,843字 policy第十五章风险管理2025年详细解析版.md          待审判有效后计数 (现待审 2,163,043)
[pool] +待审   1,239字 policy粤港澳大湾区中央驻港联络办.md               待审判有效后计数 (现待审 2,164,282)
[pool] +待审   2,044字 policy粤港澳大湾区广东人才港gdgov.md            待审判有效后计数 (现待审 2,166,326)
[pool] +待审     872字 policy粤港澳大湾区建设国家发展和改革委员会.md          待审判有效后计数 (现待审 2,167,198)
[pool] +待审     728字 policy粤港澳大湾区建设概要BayAre.md            待审判有效后计数 (现待审 2,167,926)
[pool] +待审   1,403字 policy粤港澳大湾区门户网.md                   待审判有效后计数 (现待审 2,169,329)
[pool] 跳过 (重复): policy能源央视网cctvcom.md
[pool] 跳过 (重复): policy能源的饭碗必须端在自己手里我国加快能源.md
[pool] +待审   7,823字 policy设计企业从事EPC工程总承包项目的设计管理及工.md     待审判有效后计数 (现待审 2,177,152)
[pool] 跳过 (重复): policy采招网招标网招标公告工程招标采购信息.md
[pool] +待审   1,201字 policy重大工程国家发展和改革委员会.md              待审判有效后计数 (现待审 2,178,353)
[pool] 跳过 (重复): policy项目管理对项目进行计划组织协调和控制的活.md
[pool] +待审   4,907字 policy风险管控四一次性讲清楚风险辨识今日.md           待审判有效后计数 (现待审 2,183,260)
[pool] +待审   4,307字 policy风险风险分析风险评价风险评估及风险管理.md         待审判有效后计数 (现待审 2,187,567)
[pool] 跳过 (重复): 国家铁路局国家铁路局关于印发国家铁路局铁.md
[pool] 跳过 (重复): 国家铁路局国家铁路局关于印发铁路交通重大.md
[pool] 跳过 (重复): 市场监管总局市场监管总局发布宿迁市商品混凝土.md
[pool] 跳过 (重复): 国资委央企动态企步新长征猫跳河上的红色传承.md
[pool] +待审     964字 中石化招标公告索引.md                         待审判有效后计数 (现待审 2,188,531)
[pool] 硬拒 snippet-only (serp_shape): 中冶长天_中标_项目_搜狗微信合集.md — 全文腿取回后再入池
[pool] 硬拒 snippet-only (serp_shape): 中冶长天_中标_项目_搜狗微信合集_1.md — 全文腿取回后再入池
[pool] 硬拒 snippet-only (serp_shape): 中冶长天_案例_经验_搜狗微信合集_1.md — 全文腿取回后再入池
[pool] +待审     422字 standard2023年工程建设规范标准编制及相关工作计.md     待审判有效后计数 (现待审 2,188,953)
[pool] +待审   1,535字 standard263总承包承诺执行建设项目工程.md          待审判有效后计数 (现待审 2,190,488)
[pool] +待审   2,541字 standardboosting是什么意思boostin.md      待审判有效后计数 (现待审 2,193,029)
[pool] 硬拒 snippet-only (serp_shape): standardDigital电路仿真软件的安装digi.md — 全文腿取回后再入池
[pool] +待审   2,535字 standardEngineeringCAE.md            待审判有效后计数 (现待审 2,195,564)
[pool] +待审   1,274字 standardEPC业务.md                     待审判有效后计数 (现待审 2,196,838)
[pool] +待审   6,635字 standardEPC工程总承包全过程管控21个要点附图.md      待审判有效后计数 (现待审 2,203,473)
[pool] +待审     330字 standardEPC工程总承包全过程管理如何管科研之友.md      待审判有效后计数 (现待审 2,203,803)
[pool] +待审   2,416字 standardEPC工程总承包计价规范2026解读.md        待审判有效后计数 (现待审 2,206,219)
[pool] +待审     920字 standardEPC工程总承包计价规范GBT5135.md       待审判有效后计数 (现待审 2,207,139)
[pool] +待审   7,755字 standardEPC工程总承包项目管理办法2023最新.md      待审判有效后计数 (现待审 2,214,894)
[pool] +待审   5,811字 standardEPC项目全过程精细化管控21个关键点一.md      待审判有效后计数 (现待审 2,220,705)
[pool] +待审     957字 standardJGJ是什么标准建筑行业标准代号全解析.md       待审判有效后计数 (现待审 2,221,662)
[pool] +待审   2,420字 standard中冶长天国际工程有限责任公司全生命周期.md       待审判有效后计数 (现待审 2,224,082)
[pool] +待审   3,651字 standard中华网弘扬中华文化共创全球华人精神家园.md       待审判有效后计数 (现待审 2,227,733)
[pool] +待审   1,610字 standard中国国家标准工程建设项目分类及分级标准gb.md     待审判有效后计数 (现待审 2,229,343)
[pool] 跳过 (重复): standard中国工程科学CAE.md
[pool] +待审   6,618字 standard住建部发布多本工程建设强制性国家规范可下.md      待审判有效后计数 (现待审 2,235,961)
[pool] +待审   2,143字 standard住建部发布新版清单计价标准GBT50.md        待审判有效后计数 (现待审 2,238,104)
[pool] +待审   6,104字 standard住建部新规9月1日起监理这个职责成为历.md       待审判有效后计数 (现待审 2,244,208)
[pool] +待审     583字 standard住房城乡建设部关于发布国家标准城市综合管.md      待审判有效后计数 (现待审 2,244,791)
[pool] +待审     600字 standard住房城乡建设部关于发布国家标准建设工程项.md      待审判有效后计数 (现待审 2,245,391)
[pool] +待审     620字 standard住房城乡建设部关于发布国家标准建设项目工.md      待审判有效后计数 (现待审 2,246,011)
[pool] +待审     796字 standard住房城乡建设部办公厅关于工程建设强制性国家.md     待审判有效后计数 (现待审 2,246,807)
[pool] +待审   4,086字 standard住房城乡建设部就三项国家标准十二项工程建.md      待审判有效后计数 (现待审 2,250,893)
[pool] +待审   7,026字 standard分部分项工程如何划分最新规范天下条.md         待审判有效后计数 (现待审 2,257,919)
[pool] +待审   4,921字 standard去了一趟斐济实话实说斐济和网上说的不一.md       待审判有效后计数 (现待审 2,262,840)
[pool] +待审   7,043字 standard各种boost全梳理一文搞定boosti.md      待审判有效后计数 (现待审 2,269,883)
[pool] +待审     717字 standard吉大港CHATTOGRAM是哪个国家的.md       待审判有效后计数 (现待审 2,270,600)
[pool] +待审     870字 standard国家标准GBT3614712018.md         待审判有效后计数 (现待审 2,271,470)
[pool] +待审   5,520字 standard国家能源集团.md                    待审判有效后计数 (现待审 2,276,990)
[pool] 跳过 (重复): standard国民经济行业分类国家统计局.md
[pool] 跳过 (重复): standard国民经济行业分类国民经济行业代码表GB.md
[pool] +待审   1,141字 standard国能能源研究院中国能源数据报告2026.md       待审判有效后计数 (现待审 2,278,131)
[pool] +待审   2,604字 standard土木工程网土木工程师的家园.md             待审判有效后计数 (现待审 2,280,735)
[pool] +待审   1,285字 standard工程信息搜索搜索天工网.md               待审判有效后计数 (现待审 2,282,020)
[pool] +待审   7,170字 standard工程建设国家标准管理办法住房和城乡建设部.md      待审判有效后计数 (现待审 2,289,190)
[pool] +待审     947字 standard工程建设标准化2023年07期知网阅读.md       待审判有效后计数 (现待审 2,290,137)
[pool] +待审   2,197字 standard工程建设行业标准管理办法住房和城乡建设部.md      待审判有效后计数 (现待审 2,292,334)
[pool] +待审   8,219字 standard建工实务EPC合同模式探讨总价合同还.md        待审判有效后计数 (现待审 2,300,553)
[pool] +待审   6,473字 standard建设工程168网建设建筑工程信息第一门户.md      待审判有效后计数 (现待审 2,307,026)
[pool] +待审   6,317字 standard最新住建部44本工程建设强制性国家规范.md       待审判有效后计数 (现待审 2,313,343)
[pool] +待审   6,888字 standard机器学习算法之Boosting详解CS.md       待审判有效后计数 (现待审 2,320,231)
[pool] 跳过 (重复): standard柏克德工程公司百科.md
[pool] +待审   3,225字 standard标准化管理体系赋能冶金行业高质量发展普法.md      待审判有效后计数 (现待审 2,323,456)
[pool] +待审   7,720字 standard设计企业从事EPC工程总承包项目的设计管理.md     待审判有效后计数 (现待审 2,331,176)
[pool] +待审   7,056字 standard风险MBA智库百科.md                 待审判有效后计数 (现待审 2,338,232)
[pool] 跳过 (重复): standard风险管控四一次性讲清楚风险辨识.md
[pool] +待审   4,307字 standard风险风险分析风险评价风险评估及风险管.md        待审判有效后计数 (现待审 2,342,539)
[pool] +待审   5,652字 video2026打算再就业的想转行计划创业的朋友们.md        待审判有效后计数 (现待审 2,348,191)
[pool] +待审   5,608字 video34900514.md                     待审判有效后计数 (现待审 2,353,799)
[pool] +待审   3,182字 video54万7093002.md                   待审判有效后计数 (现待审 2,356,981)
[pool] +待审   3,203字 video超越认知中国行业背后的500个秘密远川投学苑.md       待审判有效后计数 (现待审 2,360,184)
[pool] +待审   4,826字 AAAPLUS建筑之上案例老城厢里的文化复兴上海黄.md         待审判有效后计数 (现待审 2,365,010)
[pool] +待审   6,294字 AI造价与商务国务院令第847号审计法实施条例.md           待审判有效后计数 (现待审 2,371,304)
[pool] +待审   4,172字 AI造价与商务城市更新项目池有了制度入口城.md             待审判有效后计数 (现待审 2,375,476)
  … 1000 件 (跳 0)
[pool] +待审     809字 AI造价与商务小栗札记0107从通用AGI到P.md           待审判有效后计数 (现待审 2,376,285)
[pool] +待审     655字 AI造价与商务小栗札记0108中小企业都会问.md            待审判有效后计数 (现待审 2,376,940)
[pool] +待审   5,475字 AI造价与商务成本章删除危大方案提级用了17年.md           待审判有效后计数 (现待审 2,382,415)
[pool] +待审   5,577字 AI造价与商务造价咨询首次入列全国信用规章住建部.md          待审判有效后计数 (现待审 2,387,992)
[pool] +待审   4,486字 IntlEng黄EPC工程风险管理手册EPC之道第5.md        待审判有效后计数 (现待审 2,392,478)
[pool] +待审   1,540字 SEPCOIII微视界全国首个千万千瓦级沙戈荒基地建设.md       待审判有效后计数 (现待审 2,394,018)
[pool] +待审   1,881字 上海勘察设计上海市房屋建筑设计院有限公司.md              待审判有效后计数 (现待审 2,395,899)
[pool] +待审     897字 上海建工总承包部总承包部2026年信息宣传工作系列培.md        待审判有效后计数 (现待审 2,396,796)
[pool] +待审   4,165字 中冶南方工程技术有限公司党旗飘扬党徽闪光公司2025年.md       待审判有效后计数 (现待审 2,400,961)
[pool] +待审   1,219字 中国交通报2026年港航宣传思想文化工作培训班.md           待审判有效后计数 (现待审 2,402,180)
[pool] +待审   4,234字 中国化学工程集团有限公司青春化学丨三化建青年这五年.md         待审判有效后计数 (现待审 2,406,414)
[pool] +待审   1,427字 中国对外承包工程商会译路之星谁与争锋第六届CHINC.md        待审判有效后计数 (现待审 2,407,841)
[pool] +待审   1,980字 中国联合工程有限公司在数贸会遇见AI未来中国联合精彩亮.md       待审判有效后计数 (现待审 2,409,821)
[pool] +待审   2,714字 中建政研集团2027两重项目谋划对准8个领.md             待审判有效后计数 (现待审 2,412,535)
[pool] +待审     353字 中建科工华东大区中秋月满人间美好共筑.md                待审判有效后计数 (现待审 2,412,888)
[pool] +待审     543字 中建西南咨询湖畔会客厅重庆大学教授张巍无创.md             待审判有效后计数 (现待审 2,413,431)
[pool] +待审     893字 中汽工程SURCARASIA2026.md                待审判有效后计数 (现待审 2,414,324)
[pool] 跳过 (重复): 全球工程经营大语言模型不是被提问而是被引.md
[pool] +待审   1,746字 北方基建研究牛只比限价降48万元逊克县第一.md             待审判有效后计数 (现待审 2,416,070)
[pool] +待审   3,367字 北极星风力发电网162MW批量化华电阳江三山岛六.md          待审判有效后计数 (现待审 2,419,437)
[pool] +待审   4,249字 北极星风力发电网561MW海上风电项目公示电气风电.md         待审判有效后计数 (现待审 2,423,686)
[pool] +待审     886字 北极星风力发电网国内首个18MW规模化应用海上风电项.md        待审判有效后计数 (现待审 2,424,572)
[pool] +待审   3,546字 北极星风力发电网最新获批龙源甘肃1100万千瓦新能.md         待审判有效后计数 (现待审 2,428,118)
[pool] +待审   4,489字 北极星风力发电网远景能源预中标55625MW风电项.md         待审判有效后计数 (现待审 2,432,607)
[pool] +待审   1,573字 华中建设工程网11亿河南商丘市中标供水排水大项.md           待审判有效后计数 (现待审 2,434,180)
[pool] +待审   1,103字 华中建设工程网13亿中建五局中标河南信阳市大项.md           待审判有效后计数 (现待审 2,435,283)
[pool] +待审   1,466字 华中建设工程网14亿湖南长沙市新中标重点基建项.md           待审判有效后计数 (现待审 2,436,749)
[pool] +待审   1,612字 华中建设工程网36亿黄石阳新县新中标3大农业示.md           待审判有效后计数 (现待审 2,438,361)
[pool] +待审   1,693字 印尼工程圈640MW东南亚AI数据中心在印尼.md            待审判有效后计数 (现待审 2,440,054)
[pool] +待审   1,735字 印尼工程圈6亿美元印尼首个三聚氰胺项目开工.md             待审判有效后计数 (现待审 2,441,789)
[pool] +待审   2,569字 印尼工程圈印尼159个数据中心吃掉2378吉瓦.md           待审判有效后计数 (现待审 2,444,358)
[pool] 跳过 (重复): 印尼工程圈印尼数据中心爆发这家中国设计院能帮.md
[pool] +待审  22,146字 合同管理与工程造价解析审计法实施条例时隔16年大修逐条对.md      待审判有效后计数 (现待审 2,466,504)
[pool] +待审   3,879字 合同管理与工程造价解析谢洪学老师分享造价鉴定再思考新路.md       待审判有效后计数 (现待审 2,470,383)
[pool] 跳过 (重复): 国际工程与劳务杂志巴西新能源EPC项目风险识别与防控.md
[pool] 跳过 (重复): 国际工程与劳务杂志紧密型联营模式下海外EPC项目管理核.md
[pool] +待审   1,386字 国际工程与劳务杂志译路之星谁与争锋第六届CHINC.md         待审判有效后计数 (现待审 2,471,769)
[pool] +待审     619字 国际工程与境外投资中国对外承包工程简史.md               待审判有效后计数 (现待审 2,472,388)
[pool] +待审   5,460字 国际工程与境外投资中国电建海外项目5个关键问题.md           待审判有效后计数 (现待审 2,477,848)
[pool] +待审   7,784字 国际工程与境外投资国际工程东南亚分包价格参考印尼.md          待审判有效后计数 (现待审 2,485,632)
[pool] +待审   1,358字 国际工程与境外投资柬埔寨德崇扶南运河项目管理数字化解决.md       待审判有效后计数 (现待审 2,486,990)
[pool] +待审   3,650字 国际工程与境外投资海外EPC项目破局之道精细化管理筑.md        待审判有效后计数 (现待审 2,490,640)
[pool] +待审   6,935字 国际工程与境外投资海外项目经理修炼手册上.md              待审判有效后计数 (现待审 2,497,575)
[pool] +待审   1,427字 国际工程与海外项目EPC项目全过程精细化管控214页.md        待审判有效后计数 (现待审 2,499,002)
[pool] +待审   1,883字 国际工程与海外项目中建大爆发中建三局中建四局中建.md          待审判有效后计数 (现待审 2,500,885)
[pool] +待审   3,746字 城市建筑空间UAS浙大院作品让能源塑造.md               待审判有效后计数 (现待审 2,504,631)
[pool] +待审   1,216字 安徽建工集团安徽建工集团举办第七届BIM技术应用.md          待审判有效后计数 (现待审 2,505,847)
[pool] +待审   2,240字 安徽建工集团开足马力集团重点项目建设加速跑.md             待审判有效后计数 (现待审 2,508,087)
[pool] +待审     480字 安徽建工集团集团承办的全国技能大赛安徽选拔赛圆满.md          待审判有效后计数 (现待审 2,508,567)
[pool] +待审     691字 宝冶国际工程廉洁文化上新AI数字人主播宝.md              待审判有效后计数 (现待审 2,509,258)
[pool] +待审   2,184字 工程中标信息陕西建工在陕西拟中标五个项目.md              待审判有效后计数 (现待审 2,511,442)
[pool] +待审   1,234字 工程信息速览341亿中建七局在河南大本营中标.md            待审判有效后计数 (现待审 2,512,676)
[pool] +待审   2,860字 工程合规避坑社1张照片1份证据广州工地新规9月.md           待审判有效后计数 (现待审 2,515,536)
[pool] +待审   2,856字 工程合规避坑社深圳观澜河碧道1死54次检查为何没.md          待审判有效后计数 (现待审 2,518,392)
[pool] +待审   1,916字 工程合规避坑社阳春仓库修缮1人坠亡事故被挂牌督办.md          待审判有效后计数 (现待审 2,520,308)
[pool] +待审   2,536字 工程干货知识分享一建合格标准改为80分了.md              待审判有效后计数 (现待审 2,522,844)
[pool] +待审   2,583字 工程干货知识分享中国中铁领导辞职.md                  待审判有效后计数 (现待审 2,525,427)
[pool] +待审   1,810字 工程干货知识分享中建四局疯狂出差的董事长总经理.md           待审判有效后计数 (现待审 2,527,237)
[pool] +待审   1,954字 工程干货知识分享中建集团总经理新身份.md                待审判有效后计数 (现待审 2,529,191)
[pool] +待审   1,880字 工程干货知识分享举报命题一建考试闹大了.md               待审判有效后计数 (现待审 2,531,071)
[pool] +待审   1,299字 工程干货知识分享人社部资格证书不予补贴.md               待审判有效后计数 (现待审 2,532,370)
[pool] +待审   1,491字 工程干货知识分享别人都在砍补贴中铁某局却涨了注安.md          待审判有效后计数 (现待审 2,533,861)
[pool] +待审   2,016字 工程干货知识分享半年14万中建八局这张工资条撕开.md          待审判有效后计数 (现待审 2,535,877)
[pool] +待审   2,044字 工程干货知识分享甲方和监理再也回不到从前了.md             待审判有效后计数 (现待审 2,537,921)
[pool] +待审   2,300字 工程干货知识分享男女延至70周岁正式执行.md              待审判有效后计数 (现待审 2,540,221)
[pool] +待审   2,053字 工程干货知识分享资质要求新规落地人员配备翻倍这本.md          待审判有效后计数 (现待审 2,542,274)
[pool] +待审   1,462字 工程建设之家中国中铁两位领导辞职.md                  待审判有效后计数 (现待审 2,543,736)
[pool] +待审   1,510字 工程建设之家中铁一局大爆发强势中标118亿E.md            待审判有效后计数 (现待审 2,545,246)
[pool] +待审   1,709字 工程招投标最新动态小张超11个亿中交在海南新中标大单.md        待审判有效后计数 (现待审 2,546,955)
[pool] +待审   1,997字 工程法规投资人EPCO中标海南东方感恩.md               待审判有效后计数 (现待审 2,548,952)
[pool] +待审     647字 工程法规施工中标GH202徐宝线航道泗洪湖.md             待审判有效后计数 (现待审 2,549,599)
[pool] +待审   2,335字 工程职场进阶路18亿沙漠双标电建能建各拿一段.md            待审判有效后计数 (现待审 2,551,934)
[pool] +待审   3,162字 工程职场进阶路2555亿污水EPC中建中铁.md             待审判有效后计数 (现待审 2,555,096)
[pool] +待审   2,498字 工程职场进阶路909亿医院EPC民企翻盘中国二.md           待审判有效后计数 (现待审 2,557,594)
[pool] +待审     635字 工程行业大脑16亿罚款背后境外项目环保风险企.md            待审判有效后计数 (现待审 2,558,229)
[pool] +待审     659字 工程行业大脑2800万损失揭秘采购疏忽国企.md             待审判有效后计数 (现待审 2,558,888)
[pool] +待审     528字 工程行业大脑35万亿城市更新中国学新加坡模式.md            待审判有效后计数 (现待审 2,559,416)
[pool] +待审     794字 工程行业大脑46号令下50亿项目风险8亿央企.md            待审判有效后计数 (现待审 2,560,210)
[pool] +待审     774字 工程行业大脑480万索赔被口头指令打回EPC总.md           待审判有效后计数 (现待审 2,560,984)
[pool] +待审     565字 工程行业大脑PUE13差30揭秘中国数据.md              待审判有效后计数 (现待审 2,561,549)
[pool] +待审     481字 工程行业大脑工程人必看3万省了却赔240万商.md            待审判有效后计数 (现待审 2,562,030)
[pool] +待审     683字 工程行业大脑模块化率90工期却拖到12个月.md             待审判有效后计数 (现待审 2,562,713)
[pool] +待审   1,483字 工程行业杂谈137亿中建五局斩获EPC大单.md             待审判有效后计数 (现待审 2,564,196)
[pool] +待审   3,441字 工程行业洞察工程建设行业最新资讯住房和城乡.md             待审判有效后计数 (现待审 2,567,637)
[pool] +待审   5,277字 工程行业洞察工程建设行业最新资讯工业和信息.md             待审判有效后计数 (现待审 2,572,914)
[pool] +待审   3,119字 工程行业洞察美丽上海建设十五五规划发布.md               待审判有效后计数 (现待审 2,576,033)
[pool] +待审   1,547字 工程行业研究7336亿安徽建工联合体中标重庆.md            待审判有效后计数 (现待审 2,577,580)
[pool] +待审   2,772字 工程行业研究中建港航局等5家启动2027届校招.md           待审判有效后计数 (现待审 2,580,352)
[pool] +待审   4,587字 工程行业研究固投72基建40建筑.md                  待审判有效后计数 (现待审 2,584,939)
[pool] +待审   1,409字 工程行业那点事216亿新疆又中标EPC大项目.md            待审判有效后计数 (现待审 2,586,348)
[pool] +待审   1,556字 工程行业那点事30亿元中建八局联合体中标EPC大.md          待审判有效后计数 (现待审 2,587,904)
[pool] +待审   1,600字 工程资料125亿中建三局中标一个EPC总.md              待审判有效后计数 (现待审 2,589,504)
[pool] +待审     968字 工程资料室中建EPC项目设计管理策划及优化成果.md           待审判有效后计数 (现待审 2,590,472)
[pool] +待审     968字 工程资料室中建二局EPC总承包工程设计创效经验.md           待审判有效后计数 (现待审 2,591,440)
[pool] +待审   3,594字 工程造价咨询管理102126成都10273.md             待审判有效后计数 (现待审 2,595,034)
[pool] +待审   7,267字 工程造价管理建设工程质量检测费检验试验费各由谁.md           待审判有效后计数 (现待审 2,602,301)
[pool] +待审   7,661字 工程造价管理政府投资项目概算调整和EPC项目工程.md          待审判有效后计数 (现待审 2,609,962)
[pool] +待审   2,334字 干工程活啦大量EPC项目结算翻车审计新规.md              待审判有效后计数 (现待审 2,612,296)
[pool] +待审   2,720字 广联达新建造中国土木工程学会2026年学术年会分.md          待审判有效后计数 (现待审 2,615,016)
[pool] +待审   1,608字 广西建工一建集团中秋追月筑福满满广西建工一建.md            待审判有效后计数 (现待审 2,616,624)
[pool] +待审     486字 建工招采仲裁法苑山东省财政厅关于公布政府采购招标投标.md        待审判有效后计数 (现待审 2,617,110)
[pool] +待审  10,808字 建工招采仲裁法苑最高法关于背靠背条款效力的批复.md           待审判有效后计数 (现待审 2,627,918)
[pool] +待审     664字 建筑业要文557亿只是序章云南两批26.md               待审判有效后计数 (现待审 2,628,582)
[pool] +待审   1,691字 建筑业说139亿新疆新中标一个EPC大项目.md             待审判有效后计数 (现待审 2,630,273)
[pool] +待审   1,495字 建筑业说486亿EPC新项目中标了.md                 待审判有效后计数 (现待审 2,631,768)
[pool] +待审   6,392字 建筑信息汇聚平台EPC工程风险管理的五个层次你在哪.md         待审判有效后计数 (现待审 2,638,160)
[pool] +待审   4,996字 建筑前沿中国能建六家子公司2026年上半年.md             待审判有效后计数 (现待审 2,643,156)
[pool] +待审     856字 建筑工程分包平台124亿元中建三局在武汉又拿下一.md          待审判有效后计数 (现待审 2,644,012)
[pool] +待审   4,291字 建筑工程分包平台又5个公路项目中标.md                 待审判有效后计数 (现待审 2,648,303)
[pool] +待审   1,200字 建筑工程分包平台超5亿元锦州市一个大项目中标.md            待审判有效后计数 (现待审 2,649,503)
[pool] +待审   1,575字 建筑工程大全181亿中国电建中标风电EPC大.md            待审判有效后计数 (现待审 2,651,078)
[pool] +待审   1,547字 建筑工程大全39亿水利EPC项目开始招标啦.md             待审判有效后计数 (现待审 2,652,625)
[pool] +待审   1,376字 建筑工程大全49亿的EPC大项目中标单位敲定了.md           待审判有效后计数 (现待审 2,654,001)
[pool] +待审   1,361字 建筑工程大全中国能建大爆发强势中标17亿EPC.md           待审判有效后计数 (现待审 2,655,362)
[pool] +待审   1,556字 建筑工程大全消防大改有证的恭喜了2027年1.md            待审判有效后计数 (现待审 2,656,918)
[pool] +待审   6,197字 建筑工程法律人代位权与债权转让工程价款及优先权.md           待审判有效后计数 (现待审 2,663,115)
[pool] +待审   6,914字 建筑工程资料建筑分部分项工程安全技术交底汇编.md            待审判有效后计数 (现待审 2,670,029)
[pool] +待审   7,358字 建筑工程资料建筑电气安装工程低压配电与照明系统.md           待审判有效后计数 (现待审 2,677,387)
[pool] +待审   1,733字 建筑杂志社四川省2026年绿色建材产业链生态发.md           待审判有效后计数 (现待审 2,679,120)
[pool] +待审     591字 总包之声12亿垫资变追责红线46号令下F.md              待审判有效后计数 (现待审 2,679,711)
[pool] +待审     731字 总包之声200万学费警示海外EPC合同模糊.md             待审判有效后计数 (现待审 2,680,442)
[pool] +待审     610字 总包之声32亿非洲公路项目亏损青天查招标.md              待审判有效后计数 (现待审 2,681,052)
[pool] +待审   6,465字 总包之声46号令实施FEPC项目如何止损.md              待审判有效后计数 (现待审 2,687,517)
[pool] +待审     594字 总包之声60纠纷率揭秘EPC总包如何自.md               待审判有效后计数 (现待审 2,688,111)
[pool] +待审     738字 总包之声审计法修订后如何避免百万亏款危机.md              待审判有效后计数 (现待审 2,688,849)
[pool] +待审     719字 总包之声工程人必看EPC项目亏500万内幕.md             待审判有效后计数 (现待审 2,689,568)
[pool] +待审   1,886字 总包之声菲律宾130亿抽蓄EPC招聘英才.md              待审判有效后计数 (现待审 2,691,454)
[pool] +待审     610字 总包说100万建厕所14个月审批新政下.md               待审判有效后计数 (现待审 2,692,064)
[pool] +待审     662字 总包说196亿警示EPC合同三大暗坑揭秘.md              待审判有效后计数 (现待审 2,692,726)
[pool] +待审     555字 总包说2800万签证漏签结算一审二审终审.md              待审判有效后计数 (现待审 2,693,281)
[pool] +待审     561字 总包说4153亿巨亏背后境外环保罚款真.md               待审判有效后计数 (现待审 2,693,842)
[pool] +待审     706字 总包说800万美元拒签教训海外工程索赔的.md              待审判有效后计数 (现待审 2,694,548)
[pool] +待审   5,070字 总包说86万亏损警示EPC深化设计认真.md               待审判有效后计数 (现待审 2,699,618)
[pool] +待审     573字 总包说EPC项目利润大揭秘六成亏损源于合.md              待审判有效后计数 (现待审 2,700,191)
[pool] +待审     572字 总包说EPC项目超概10红线背后真相及.md               待审判有效后计数 (现待审 2,700,763)
[pool] +待审     687字 总包说PPP项目减负4400亿AI智能合.md              待审判有效后计数 (现待审 2,701,450)
[pool] +待审   5,194字 总包说国际vs中国代位权诉讼20胜率.md                待审判有效后计数 (现待审 2,706,644)
[pool] +待审     591字 总包说百万亏损背后AI如何助你发现中俄环.md              待审判有效后计数 (现待审 2,707,235)
[pool] +待审   2,793字 新基建投融圈山东发改委关于组织做好2027年省级.md          待审判有效后计数 (现待审 2,710,028)
[pool] +待审   1,396字 新基建投融圈近12亿元甘肃300MW12G.md             待审判有效后计数 (现待审 2,711,424)
[pool] +待审   2,508字 新基建通14亿中交三航局四航局二航局中.md               待审判有效后计数 (现待审 2,713,932)
[pool] +待审   1,149字 新基建通46亿北京化工大学项目中标结果.md               待审判有效后计数 (现待审 2,715,081)
[pool] +待审   1,819字 新基建通56亿天津中医药大学项目中标结果.md              待审判有效后计数 (现待审 2,716,900)
[pool] 跳过 (重复): 新基建通5个标南水北调中线项目中标结果.md
[pool] +待审   1,514字 新基建通5亿南开大学津南校区项目中标.md                待审判有效后计数 (现待审 2,718,414)
[pool] 跳过 (重复): 新基建通6亿安徽项目中标了.md
[pool] 跳过 (重复): 新基建通8亿中建在河南中标了.md
[pool] 跳过 (重复): 新基建通9亿中铁十五局中标了.md
[pool] +待审   2,096字 新基建通中国中铁中标雄安新区大项目.md                 待审判有效后计数 (现待审 2,720,510)
[pool] +待审   2,151字 新基建通中国能建中标5亿大单.md                    待审判有效后计数 (现待审 2,722,661)
[pool] +待审   1,028字 新基建通中国能建中标内蒙古5亿大标.md                 待审判有效后计数 (现待审 2,723,689)
[pool] +待审   1,186字 新基建通中建二局喜中新疆13亿光伏治沙项目.md             待审判有效后计数 (现待审 2,724,875)
[pool] 跳过 (重复): 新基建通中建集团斩获8亿大标中建七局中建.md
[pool] +待审   1,394字 新基建通京港澳高速公路深圳段改扩建项目中标.md             待审判有效后计数 (现待审 2,726,269)
[pool] 跳过 (重复): 新基建通山东省近5亿大标发榜中铁十五局联合.md
[pool] 跳过 (重复): 新基建通总投资73亿安荣合高速公路中标结果.md
[pool] 跳过 (重复): 新基建通标书骨干一离职公司就断档真正靠谱.md
[pool] +待审   1,240字 新基建通近10亿水电十四局中标福建省抽蓄大.md             待审判有效后计数 (现待审 2,727,509)
[pool] +待审     564字 施工企业项目管理城更研习上海西岸把最贵的地留给.md           待审判有效后计数 (现待审 2,728,073)
[pool] +待审   9,468字 施工技术华中科技大学刘琦从BIM模型到.md               待审判有效后计数 (现待审 2,737,541)
[pool] +待审     764字 李工工程资料EPC资料责任边界国内模式不能直.md            待审判有效后计数 (现待审 2,738,305)
[pool] +待审   2,746字 每日风电1157亿元远景能源预中标556.md              待审判有效后计数 (现待审 2,741,051)
[pool] +待审   2,050字 每日风电150台10MW机组招标.md                  待审判有效后计数 (现待审 2,743,101)
[pool] +待审   1,865字 每日风电38535MW云南连续核准5个风.md              待审判有效后计数 (现待审 2,744,966)
[pool] +待审   1,668字 每日风电42台14MW机组海南东方CZ8海.md             待审判有效后计数 (现待审 2,746,634)
[pool] +待审   2,495字 每日风电中广核广东阳江帆石2GW海上风电项目.md            待审判有效后计数 (现待审 2,749,129)
[pool] +待审     776字 每日风电国家电投揭阳靖海150MW海上风电项.md            待审判有效后计数 (现待审 2,749,905)
[pool] +待审   2,088字 每日风电欧洲定制明阳185MW海上8M.md               待审判有效后计数 (现待审 2,751,993)
[pool] +待审   3,088字 每日风电汉堡风能展运达WD21011.md                待审判有效后计数 (现待审 2,755,081)
[pool] +待审   2,283字 每日风电江苏561MW海上风电大单电气风电.md             待审判有效后计数 (现待审 2,757,364)
[pool] +待审   2,463字 每日风电金风科技兴安盟绿甲醇配套77MW风电.md            待审判有效后计数 (现待审 2,759,827)
[pool] +待审   3,105字 江苏省储能行业协会会员动态冠隆电力欧洲2MW8.md           待审判有效后计数 (现待审 2,762,932)
[pool] +待审   1,013字 江苏省建筑行业协会2026年江苏省建设工程BIM应用大.md       待审判有效后计数 (现待审 2,763,945)
[pool] +待审   1,658字 河南省建筑业协会协会通知关于举办2026年全国.md           待审判有效后计数 (现待审 2,765,603)
[pool] +待审   1,637字 河南省建筑业协会质量月大讲堂2026质量月.md             待审判有效后计数 (现待审 2,767,240)
[pool] +待审   5,104字 海外工程洞察日本大成建设TaiseiCorp.md            待审判有效后计数 (现待审 2,772,344)
[pool] 跳过 (重复): 海外工程洞察海外工程资讯中国电建签约哥伦比亚.md
[pool] +待审   1,620字 湖北省勘察设计协会会员动态丨中铁大桥院常泰长江大桥斩.md        待审判有效后计数 (现待审 2,773,964)
[pool] +待审   4,068字 筑匠工程网EasyBIM成都智媒体城127.md             待审判有效后计数 (现待审 2,778,032)
[pool] 跳过 (重复): 筑匠工程网人物专访章兰三次迭代一链贯.md
[pool] +待审   2,500字 红哥聊设计院BIMAI数字化到底是机会还是.md             待审判有效后计数 (现待审 2,780,532)
[pool] +待审     587字 红哥聊设计院一万元可以开设计分公司.md                 待审判有效后计数 (现待审 2,781,119)
[pool] +待审   4,506字 罗克的工程数字化笔记ARP是什么80的手工录单审.md          待审判有效后计数 (现待审 2,785,625)
[pool] +待审     640字 罗克的工程数字化笔记智能建造试点收官24个城市证明了.md        待审判有效后计数 (现待审 2,786,265)
[pool] +待审   1,853字 老万工程咨询工程咨询行业快讯2026928.md             待审判有效后计数 (现待审 2,788,118)
[pool] 硬拒 snippet-only (serp_shape): 贵阳工程建筑律师付安会EPC项目究竟是不是骗子工程.md — 全文腿取回后再入池
[pool] +待审   1,478字 路桥工程劳务分包平台166亿元山西3个项目中标.md           待审判有效后计数 (现待审 2,789,596)
[pool] +待审   1,649字 路桥工程劳务分包平台49亿元河南郑州市又一个大项目中标.md       待审判有效后计数 (现待审 2,791,245)
[pool] +待审   1,158字 路桥工程劳务分包平台水电四局水电十六局拟中标抽水蓄能项.md       待审判有效后计数 (现待审 2,792,403)
[pool] +待审   1,378字 路桥工程劳务分包平台超10亿元中铁四局在亳州中标大项目.md       待审判有效后计数 (现待审 2,793,781)
[pool] +待审   1,191字 路桥工程劳务分包平台超12亿元中国电建在广西拟中标水利.md       待审判有效后计数 (现待审 2,794,972)
[pool] +待审   2,066字 路桥工程劳务分包平台超21亿元中国铁建在甘肃拟中标项目.md       待审判有效后计数 (现待审 2,797,038)
[pool] +待审   4,153字 造价AI生成局EPC发包体系下设计优化的定义及施.md          待审判有效后计数 (现待审 2,801,191)
[pool] +待审   2,502字 造价争议笔记住建部点名内卷式竞争建筑业的风.md             待审判有效后计数 (现待审 2,803,693)
[pool] +待审   1,059字 陕西建工钢构集团有限公司聚智破难暖心赋能项目诸葛.md          待审判有效后计数 (现待审 2,804,752)
[pool] +待审   2,047字 风能专委会CWEA可追溯绿电直供金风科技兴安盟绿甲醇.md        待审判有效后计数 (现待审 2,806,799)
[pool] +待审   3,878字 风能专委会CWEA山东河北共6GW海上风电项目启动招.md        待审判有效后计数 (现待审 2,810,677)
[pool] +待审     392字 中国大陆开放获取期刊列表.md                      待审判有效后计数 (现待审 2,811,069)
[pool] +待审     784字 智慧電網.md                              待审判有效后计数 (现待审 2,811,853)
[pool] +待审     394字 營建管理.md                              待审判有效后计数 (现待审 2,812,247)
[pool] +待审     153字 美利云ST美利关于对深圳证券交易所关于对中冶美利纸业.md        待审判有效后计数 (现待审 2,812,400)
[pool] +待审     212字 company中冶长天国际工程有限责任公司中冶长天.md         待审判有效后计数 (现待审 2,812,612)
[pool] +待审     189字 company北京同上科技有限公司工商信息公司电话.md         待审判有效后计数 (现待审 2,812,801)
[pool] 跳过 (重复): company用户协议.md
[pool] +待审     140字 中国建筑近期获得重大项目金额合计1404亿元.md            待审判有效后计数 (现待审 2,812,941)
[pool] 跳过 (重复): 中闽能源子公司联合体签订4165亿元EPC总承包合同.md
[pool] +待审     348字 2026年3月2127日光伏项目EPC总承包分析财经.md        待审判有效后计数 (现待审 2,813,289)
[pool] +待审     303字 中冶钢构中标沙特悬崖球场彰显中国建造实力见道网.md           待审判有效后计数 (现待审 2,813,592)
[pool] +待审     410字 太阳能EPC市场规模及份额增长报告2035年Re.md          待审判有效后计数 (现待审 2,814,002)
[pool] +待审     316字 引江补汉工程建设刷新进度条人民网.md                  待审判有效后计数 (现待审 2,814,318)
[pool] +待审     406字 雄安学府城配套工程建设迎来新进展xiongangov.md        待审判有效后计数 (现待审 2,814,724)
[pool] +待审   6,708字 框架v1.md                              待审判有效后计数 (现待审 2,821,432)
[pool] +待审  13,160字 框架v1_生成指令.md                         待审判有效后计数 (现待审 2,834,592)
[pool] +待审  80,876字 洞察包.md                               待审判有效后计数 (现待审 2,915,468)
[pool] +待审     862字 AssessmentofEcologicalCarry.md       待审判有效后计数 (现待审 2,916,330)
[pool] 跳过 (重复): Grossecosystemproductconcep.md
[pool] +待审     700字 ResearchProgressofBrazingD.md        待审判有效后计数 (现待审 2,917,030)
[pool] +待审   5,769字 TheEnlightenmentofthePract.md        待审判有效后计数 (现待审 2,922,799)
[pool] 跳过 (重复): 中国华南大陆构造与问题.md
[pool] 跳过 (重复): 医学研究生导学关系研究的演进争议与未来展望兼论.md
[pool] 跳过 (重复): 回归与思考基于CiteSpace的知识图谱中华民族共同.md
[pool] 跳过 (重复): 我国乡村振兴研究的热点与趋势展望基于CNKI201.md
[pool] 跳过 (重复): 激光增材制造在航天领域的实践与展望.md
[pool] 跳过 (重复): 勘察设计协会2025年度南方地区勘察设计同业.md
[pool] 跳过 (重复): 勘察设计协会2026年度全国勘察设计同业协会.md
[pool] 跳过 (重复): 勘察设计协会中国勘察设计协会成立40周年庆祝.md
[pool] 跳过 (重复): 勘察设计协会勘察设计行业高质量发展大会在京召.md
[pool] 跳过 (重复): biddingBIM建筑网关注建筑行业BIM技术发展.md
[pool] 跳过 (重复): biddingCSCEC中建科工集团有限公司.md
[pool] 跳过 (重复): biddingEPCPPPBOTEOD都有啥区别.md
[pool] 跳过 (重复): biddingEPC工程总承包项目国内EPC发展现状为.md
[pool] 跳过 (重复): bidding中国上海国际冶金工业展览会2026门票.md
[pool] +待审   1,733字 bidding柏克德中国工程有限公司爱企查.md             待审判有效后计数 (现待审 2,924,532)
[pool] +待审   7,138字 bidding深入理解BIM技术及其应用CSDN博客.md        待审判有效后计数 (现待审 2,931,670)
[pool] 跳过 (重复): bidding能源央视网cctvcom.md
[pool] 跳过 (重复): 中国中冶中国中冶中信证券股份有限公司关于公司2012年度.md
[pool] 跳过 (重复): 中国中冶中国中冶中信证券股份有限公司关于公司2013年度.md
[pool] 跳过 (重复): 中国中冶中国中冶关于回复上海证券交易所对公司2015年年.md
[pool] 跳过 (重复): 中国中冶中国中冶关于收到上海证券交易所对公司2015年年.md
[pool] 跳过 (重复): 中国中冶中国中冶海外监管公告关於收到上海证券交易所.md
[pool] 跳过 (重复): 中国中铁中国中铁中国中铁股份有限公司2023年面向专业投.md
[pool] 跳过 (重复): 中国中铁中国中铁中国中铁股份有限公司2024年面向专业投.md
[pool] 跳过 (重复): 中国中铁中国中铁中国中铁股份有限公司2026年中期权益分.md
[pool] 跳过 (重复): BIM技术在建设工程项目管理中的应用研究免费.md
[pool] 跳过 (重复): EPC工程总承包项目全过程跟踪审计研究免费.md
[pool] 跳过 (重复): EPC建设项目中网格化管理的探讨及应用免费.md
[pool] 跳过 (重复): EPC总承包模式下工程造价的全过程协同管理研究免费.md
[pool] 跳过 (重复): EPC模式下建筑施工项目的全过程管理探讨免费.md
[pool] 跳过 (重复): EPC模式下浙江省海宁屋顶光伏并网项目风险管理研究免费.md
[pool] 跳过 (重复): EPC模式下铁路项目工程合同管理研究免费.md
[pool] 跳过 (重复): EPC联合体工程项目管理痛点剖析及对策免费.md
[pool] 跳过 (重复): 一种烟气脱硫塔内壁的防腐蚀装置免费.md
[pool] 跳过 (重复): 一种立式换热器管束检修用的快速移动装置免费.md
[pool] 跳过 (重复): 一种节能型高效径向甲醇反应器免费.md
[pool] 跳过 (重复): 一种适用于强放热反应的径向轴向复合式反应器免费.md
[pool] 跳过 (重复): 义乌江灯光亮化工程（一期）EPC总承包夜景照明工程赏析免费.md
[pool] 跳过 (重复): 人工智能赋能“工程项目管理”智慧课堂建设教学改革研究免费.md
[pool] 跳过 (重复): 以设计为龙头的海上风电工程总承包项目管理研究免费.md
[pool] 跳过 (重复): 全面质量管理在电力建设EPC项目中的应用及分析免费.md
[pool] 跳过 (重复): 冶金流程工程学理论指导下钢铁智能化探索与实践免费.md
[pool] 跳过 (重复): 国外大型油气建设项目管理模式研究及启示免费.md
[pool] 跳过 (重复): 国投湄洲湾第二发电厂EPC项目管理的创新与探索免费.md
[pool] 跳过 (重复): 基于BIM+GIS的铁路EPC项目施组进度一体化管理方法网络首发免费.md
[pool] 跳过 (重复): 基于EPC总承包模式的住宅建筑工程管理策略探究免费.md
[pool] 跳过 (重复): 基于博弈论组合赋权—模糊综合评价法的铁路EPC项目进度影响因素研究免费.md
[pool] 跳过 (重复): 基于层次分析法的高校新校区项目管理模式优选研究免费.md
[pool] 跳过 (重复): 基于平行分包模式的建筑工程EPC成本评估研究免费.md
[pool] 跳过 (重复): 基于数字化技术的电力工程总承包项目管理研究——以华南区域某燃机项目为例免费.md
[pool] 跳过 (重复): 基于神经网络的水煤浆气化炉炉温预测方法免费.md
[pool] 跳过 (重复): 基于财务共享的资金集中管理创新机制与经济后果研究——以中石化集团为例免费.md
[pool] 跳过 (重复): 大型水电工程建设管理模式创新免费.md
[pool] 跳过 (重复): 大语言模型在土木工程领域中的研究现状、挑战及趋势免费.md
[pool] 跳过 (重复): 安徽 印发住房城乡建设领域“人工智能+”行动方案免费.md
[pool] 跳过 (重复): 工程总承包与全过程工程咨询融合应用的价值、挑战与对策免费.md
[pool] 跳过 (重复): 建设单位EPC项目管理困境及提升路径研究免费.md
[pool] 跳过 (重复): 建设管理平台在城市轨道交通工程建设项目管理中的应用免费.md
[pool] 跳过 (重复): 招标人主体责任强化背景下企业合规管理数字化转型研究免费.md
[pool] 跳过 (重复): 探析水利水电工程项目管理模式免费.md
[pool] 跳过 (重复): 改革破局筑根基 追求卓越提效能——核理化院工程建设项目管理实践与探索免费.md
[pool] 跳过 (重复): 数智化赋能下石油工程建设EPC项目成本控制研究免费.md
[pool] 跳过 (重复): 新型建筑材料应用对工程项目管理与运维成本影响分析免费.md
[pool] 跳过 (重复): 构建EPCO一体化管理体系是建筑企业的终极目标——中国勘察设计企业蜕变为EPC工程总承包商的必然性免费.md
[pool] 跳过 (重复): 核电工程项目管理信息化研究与探索免费.md
[pool] 跳过 (重复): 水利水电工程EPC项目设计管理难点与对策免费.md
[pool] 跳过 (重复): 水利水电工程项目管理存在不足点及改进措施免费.md
[pool] 跳过 (重复): 浅谈电力工程EPC总承包设计管理免费.md
[pool] 跳过 (重复): 济南出台新政助力建筑业高质量发展免费.md
[pool] 跳过 (重复): 海外EPC工程总承包项目的组织策划探讨免费.md
[pool] 跳过 (重复): 海外EPC联营项目管理“十大理念”内涵及落地实践免费.md
[pool] 跳过 (重复): 生成式人工智能赋能监管能力提升的内在逻辑及优化路径——基于公共资源交易领域案例的分析免费.md
[pool] 跳过 (重复): 电力工程EPC总承包模式下的财务协同管理策略探讨免费.md
[pool] 跳过 (重复): 省级电子招投标的现状分析与对策研究免费.md
[pool] 跳过 (重复): 石化行业铁路专用线实施EPC项目管理研究免费.md
[pool] 跳过 (重复): 自然语言处理模型与文本图像生成技术驱动下的包装设计免费.md
[pool] 跳过 (重复): 苦练内功 开拓创新免费.md
[pool] 跳过 (重复): 设计主导EPC模式创新路径的深度探索免费.md
[pool] 跳过 (重复): 铁路工程EPC总承包项目业主与总承包商风险治理行为演化博弈研究免费.md
[pool] 跳过 (重复): 面向新工科的工程项目管理智慧课程建设路径研究免费.md
[pool] +待审     480字 company中冶长天国际工程有限责任公司.md             待审判有效后计数 (现待审 2,932,150)
[pool] +待审   2,235字 company中冶长天国际工程有限责任公司中冶长天官网.md       待审判有效后计数 (现待审 2,934,385)
[pool] +待审     616字 company中冶长天国际工程有限责任公司企查查.md          待审判有效后计数 (现待审 2,935,001)
[pool] +待审     642字 company中国中铁中国中铁公司中国中铁竞品.md           待审判有效后计数 (现待审 2,935,643)
[pool] +待审   2,465字 company中国中铁股份有限公司核心团队高管核心人.md        待审判有效后计数 (现待审 2,938,108)
[pool] +待审   2,318字 company企业主页中冶长天国际工程有限责任公司南开.md       待审判有效后计数 (现待审 2,940,426)
[pool] 跳过 (重复): company关于我们.md
[pool] +待审   2,029字 company北京同上科技有限公司同上科技信息查询官.md        待审判有效后计数 (现待审 2,942,455)
[pool] +待审   2,035字 company杭州同上科技有限公司同上科技企业工商信息.md       待审判有效后计数 (现待审 2,944,490)
[pool] 跳过 (重复): dangdangEPC工程总承包全过程管理李永福中国电.md
[pool] 跳过 (重复): dangdangEPC工程总承包全过程管理李永福等著.md
[pool] 跳过 (重复): dangdangEPC工程总承包项目管理模板及操作实例余时.md
[pool] 跳过 (重复): dangdang国际工程EPC项目风险管理第2版.md
[pool] 跳过 (重复): dangdang深入浅出4G网络LTEEPC.md
[pool] +待审     423字 深爬indexshtml.md                      待审判有效后计数 (现待审 2,944,913)
[pool] +待审   3,753字 深爬m.md                               待审判有效后计数 (现待审 2,948,666)
[pool] 跳过 (重复): 深爬VIDEFEtnzEB4evJlwJvT.md
[pool] 跳过 (重复): 深爬VIDEJupO5zt7dFzJ3SNf.md
[pool] +待审     652字 深爬VIDEmb91oYwjBsSbIY0t.md            待审判有效后计数 (现待审 2,949,318)
[pool] 跳过 (重复): 深爬VIDEohZYE5haUOB1ts6U.md
[pool] +待审     850字 深爬VIDERRer2Efsxlt3ItqG.md            待审判有效后计数 (现待审 2,950,168)
[pool] 跳过 (重复): 深爬VIDEWbLJs4LOSSpCsA06.md
[pool] +待审   8,202字 深爬首页.md                              待审判有效后计数 (现待审 2,958,370)
[pool] +待审   1,118字 业绩说明会公告台账中国中铁.md                     待审判有效后计数 (现待审 2,959,488)
[pool] +待审   1,082字 业绩说明会公告台账中国建筑.md                     待审判有效后计数 (现待审 2,960,570)
[pool] 跳过 (重复): 生态环境部环评管理北京三线一单激活绿色发展新动.md
[pool] 跳过 (重复): 9家上市公司暴露环境风险金正大全资子公司正磷化工连领罚单.md
[pool] 跳过 (重复): 上海电气大功率重燃出海中国高端装备挺进成熟市场.md
[pool] 跳过 (重复): 中闽能源关于子公司签订EPC总承包合同的公告.md
[pool] 跳过 (重复): 中闽能源子公司签订4165亿元EPC总承包合同.md
[pool] 跳过 (重复): 中闽能源控股子公司签订4165亿元EPC总承包合同.md
[pool] 跳过 (重复): 创新药产业化提速制药装备整线智能化开启国产突围新周期行业.md
[pool] 跳过 (重复): 华康洁净签订5400万元医疗专项专业分包工程合同.md
[pool] 跳过 (重复): 国际市场再获大单中国瑞林签署3378亿元赞比亚新建铜尾矿.md
[pool] 跳过 (重复): 鞍钢西鞍山铁矿项目选矿设计大赛圆满落幕.md
[pool] 跳过 (重复): 高毛利业务占比提升致营收下降利润增长中国瑞林上半年新签订单.md
[pool] +待审     784字 hbba行标目录EPC总承包.md                    待审判有效后计数 (现待审 2,961,354)
[pool] +待审     792字 hbba行标目录EPC总承包市场分析.md                待审判有效后计数 (现待审 2,962,146)
[pool] +待审     782字 hbba行标目录EPC纵横.md                     待审判有效后计数 (现待审 2,962,928)
[pool] +待审     780字 hbba行标目录中冶长天.md                      待审判有效后计数 (现待审 2,963,708)
[pool] +待审     788字 hbba行标目录中冶长天中标项目.md                  待审判有效后计数 (现待审 2,964,496)
[pool] +待审     784字 hbba行标目录中冶长天国际.md                    待审判有效后计数 (现待审 2,965,280)
[pool] +待审     800字 hbba行标目录中冶长天国际工程有限责任公司.md            待审判有效后计数 (现待审 2,966,080)
[pool] +待审     834字 hbba行标目录中冶长天国际工程有限责任公司在E.md          待审判有效后计数 (现待审 2,966,914)
[pool] +待审     836字 hbba行标目录中冶长天国际工程有限责任公司如何.md          待审判有效后计数 (现待审 2,967,750)
[pool] +待审     788字 hbba行标目录中冶长天案例经验.md                  待审判有效后计数 (现待审 2,968,538)
[pool] +待审     782字 hbba行标目录冶金产业链.md                     待审判有效后计数 (现待审 2,969,320)
[pool] +待审     794字 hbba行标目录冶金工程EPC项目管理.md               待审判有效后计数 (现待审 2,970,114)
[pool] +待审     784字 hbba行标目录冶金工程建设.md                    待审判有效后计数 (现待审 2,970,898)
[pool] +待审     788字 hbba行标目录冶金总承包全过程.md                  待审判有效后计数 (现待审 2,971,686)
[pool] +待审     788字 hbba行标目录冶金行业行业报告.md                  待审判有效后计数 (现待审 2,972,474)
[pool] +待审     784字 hbba行标目录冶金领域媒体.md                    待审判有效后计数 (现待审 2,973,258)
[pool] +待审     782字 hbba行标目录同cnki.md                     待审判有效后计数 (现待审 2,974,040)
[pool] +待审     780字 hbba行标目录工程建设.md                      待审判有效后计数 (现待审 2,974,820)
[pool] +待审     780字 hbba行标目录行业项目.md                      待审判有效后计数 (现待审 2,975,600)
[pool] +待审     435字 上交所问询函台账中国中铁.md                      待审判有效后计数 (现待审 2,976,035)
[pool] +待审     413字 上交所问询函台账中国建筑.md                      待审判有效后计数 (现待审 2,976,448)
[pool] 跳过 (重复): 中国海诚互动易问答请问公司及其相关公司是否有糖相关业务.md
[pool] 跳过 (重复): 中工国际互动易问答董秘您好当前全球能源转型加速新型.md
[pool] 跳过 (重复): 中粮科工互动易问答尊敬的董秘您好我是贵公司投资者金.md
[pool] 跳过 (重复): 中钢国际互动易问答尊敬的董秘您好7月30日政治局会议.md
[pool] 跳过 (重复): 奥克股份互动易问答董秘称不涉及超临界二氧化碳那么公司.md
[pool] 跳过 (重复): 广东建工互动易问答三亚崖州湾科技城的25亿项目中标.md
[pool] 跳过 (重复): 广东建工互动易问答贵州省夹岩水利枢纽及黔西北供水工程.md
[pool] 跳过 (重复): 广东建工互动易问答近半个月广东基建市场都呈火热的局面.md
[pool] 跳过 (重复): 建研设计互动易问答请问截至目前公司在手订单金额及同比.md
[pool] 跳过 (重复): 惠通科技互动易问答公司招股文件披露20212022.md
[pool] 跳过 (重复): 永清环保互动易问答请问贵司和其他环保股相比有啥核心的.md
[pool] 跳过 (重复): 立昂技术互动易问答公司在十五五算力网建设过程中公司有.md
[pool] 跳过 (重复): 鲁班奖名单20202021年度第一批中国.md
[pool] 跳过 (重复): 鲁班奖名单全国建筑市场监管公共服务平台.md
[pool] 跳过 (重复): 鲁班奖名单关于20202021年度第一批.md
[pool] +待审   1,317字 metaso_中冶长天国际工程有限责任公司在_scholar.md    待审判有效后计数 (现待审 2,977,765)
[pool] +待审   1,116字 metaso_中冶长天国际工程有限责任公司如_scholar.md    待审判有效后计数 (现待审 2,978,881)
[pool] +待审   1,453字 metaso_中冶长天在EPC总承包业务中如_scholar.md    待审判有效后计数 (现待审 2,980,334)
[pool] +待审   1,114字 metaso_中冶长天在EPC总承包业务中有_scholar.md    待审判有效后计数 (现待审 2,981,448)
[pool] +待审   1,100字 metaso_中冶长天在EPC总承包项目中如_scholar.md    待审判有效后计数 (现待审 2,982,548)
[pool] +待审   1,161字 metaso_在中冶长天国际工程有限责任公司_scholar.md    待审判有效后计数 (现待审 2,983,709)
[pool] 跳过 (重复): 商务部2026年18月我国全行业对外直接.md
[pool] 跳过 (重复): 商务部2026年18月我国对共建一带一.md
[pool] 跳过 (重复): 商务部2026年18月我国对外劳务合作业.md
[pool] 跳过 (重复): 商务部2026年18月我国对外承包工程业.md
[pool] 跳过 (重复): 商务部商务部国家统计局和国家外汇局联合发.md
[pool] 跳过 (重复): 住建部2026年世界城市日全球主场活动.md
[pool] 跳过 (重复): 住建部国务院政策例行吹风会切实做好保.md
[pool] 跳过 (重复): 住建部国新办举行开局起步十五五.md
[pool] 跳过 (重复): 交通运输部大国正确相处的新路就在脚下.md
[pool] 跳过 (重复): 发改委项目批复关于内蒙古纳林河矿区陶忽图煤矿项.md
[pool] 跳过 (重复): 发改委项目批复关于惠州液化天然气接收站项目核准.md
[pool] 跳过 (重复): 发改委项目批复关于陕西榆横矿区南区海则滩煤矿项.md
[pool] 跳过 (重复): 发改委项目批复关于陕西榆横矿区南区海测滩煤矿项.md
[pool] 跳过 (重复): 国家能源局国家发展改革委国家能源局有关负.md
[pool] 跳过 (重复): 国家能源局完善防灾应急体系提升抢险处置能.md
[pool] 跳过 (重复): OFAC筛查台账.md
[pool] +待审     413字 Panjiva提单证据AECOM.md                  待审判有效后计数 (现待审 2,984,122)
[pool] 跳过 (重复): patent国民经济行业分类国家统计局.md
[pool] +待审   2,531字 patent土木工程网土木工程师的家园.md               待审判有效后计数 (现待审 2,986,653)
[pool] 跳过 (重复): patent捷可勃斯夹头制造苏州有限公司.md
[pool] 跳过 (重复): patent柏克德中国工程有限公司爱企查.md
[pool] 跳过 (重复): 山西宁盛工程建设有限公司排污许可证91141129724.md
[pool] 跳过 (重复): 巴楚县鹿达通工程建设有限公司排污许可证91653130M.md
[pool] 跳过 (重复): 广西中天工程建设集团有限公司柳城县东泉镇污水处理厂排污.md
[pool] 跳过 (重复): 广西中天工程建设集团有限公司柳城县六塘镇污水处理厂排污.md
[pool] 跳过 (重复): 敦煌市鸿睿路桥工程建设有限公司排污许可证91620982.md
[pool] 跳过 (重复): 武穴市诚信路桥工程建设有限责任公司排污许可证914211.md
[pool] 跳过 (重复): 汉中汉东工程建设有限公司排污许可证91610727MA6.md
[pool] 跳过 (重复): 湖南中冶长天重工科技有限公司排污许可证914301005.md
[pool] 跳过 (重复): 湖南省富厚交通工程建设有限公司双峰分公司排污许可证914.md
[pool] 跳过 (重复): 荣成好当家工程建设有限公司排污许可证91371082MA.md
[pool] 跳过 (重复): 陕西环境工程建设子长水处理有限公司排污许可证9161.md
[pool] +待审     685字 policyAECOM谷德设计网gooood.md            待审判有效后计数 (现待审 2,987,338)
[pool] 跳过 (重复): policyBIM中文官网你的BIM网址导航.md
[pool] 跳过 (重复): policyChinaStateConstructio.md
[pool] 硬拒 snippet-only (serp_shape): policyDigital电路仿真软件的安装digita.md — 全文腿取回后再入池
[pool] 跳过 (重复): policydigital的解释和发音欧路词典英汉.md
[pool] 跳过 (重复): policyinfrastructure是什么infr.md
[pool] +待审   4,095字 policy中国网网上中国.md                     待审判有效后计数 (现待审 2,991,433)
[pool] 跳过 (重复): policy什么是BIM建筑信息模型Autode.md
[pool] +待审     807字 policy什么是项目管理PMI中国.md                待审判有效后计数 (现待审 2,992,240)
[pool] 跳过 (重复): policy关于印发新型能源体系建设十五五规划的通.md
[pool] 跳过 (重复): policy关于第二十六期全国BIM技能等级考试一.md
[pool] 跳过 (重复): policy团队管理怎么做目标分工沟通与复盘指南.md
[pool] +待审   5,299字 policy国家能源局.md                       待审判有效后计数 (现待审 2,997,539)
[pool] +待审     426字 policy国家能源集团.md                      待审判有效后计数 (现待审 2,997,965)
[pool] 跳过 (重复): policy国民经济行业分类GBT4754201.md
[pool] 跳过 (重复): policy土木工程网土木工程师的家园.md
[pool] 跳过 (重复): policy建筑时报雅各布斯世界顶尖的国际工程公司.md
[pool] 跳过 (重复): policy李强在政府工作报告中介绍十五五时期主要目标.md
[pool] 跳过 (重复): policy能源的饭碗必须端在自己手里我国加快能源.md
[pool] +待审   7,662字 policy能源频道.md                        待审判有效后计数 (现待审 3,005,627)
[pool] 跳过 (重复): policy重大工程国家发展和改革委员会.md
[pool] 跳过 (重复): policy风险风险分析风险评价风险评估及风险管理.md
[pool] 跳过 (重复): 国家铁路局国家铁路局关于印发铁路交通重大.md
[pool] 跳过 (重复): 市场监管总局市场监管总局发布宿迁市商品混凝土.md
[pool] 跳过 (重复): 国资委央企动态企步新长征猫跳河上的红色传承.md
[pool] +待审   1,455字 中石化招标公告索引.md                         待审判有效后计数 (现待审 3,007,082)
[pool] +待审     868字 wechat600万吨年分两期建设中冶长天总承包湖南.md        待审判有效后计数 (现待审 3,007,950)
[pool] +待审     790字 wechat中冶长天中标衡钢烧结区域无组织扬尘综合治理E.md      待审判有效后计数 (现待审 3,008,740)
[pool] +待审   2,973字 wechat中冶长天在锰行业取得又一重要业绩突破中标新疆.md      待审判有效后计数 (现待审 3,011,713)
[pool] +待审   4,440字 wechat中冶长天连续签订和中标多个项目包含贵航特钢烧.md      待审判有效后计数 (现待审 3,016,153)
[pool] +待审   1,216字 wechat企业快讯突破中冶长天中标联鑫钢铁煤气资源.md        待审判有效后计数 (现待审 3,017,369)
[pool] +待审   1,465字 wechat竞争激烈超47亿元项目中冶中标.md             待审判有效后计数 (现待审 3,018,834)
[pool] +待审   1,764字 wechat长乐系钢企青山集团合资印尼建钢厂已有.md          待审判有效后计数 (现待审 3,020,598)
[pool] +待审   2,719字 wechat项目动态中冶长天连续中标签约多个重要项目.md        待审判有效后计数 (现待审 3,023,317)
[pool] +待审   1,895字 standardEngineeringCAE.md            待审判有效后计数 (现待审 3,025,212)
[pool] 跳过 (重复): standardEPC项目全过程精细化管控21个关键点一.md
[pool] 跳过 (重复): standardinfrastructure是什么in.md
[pool] 跳过 (重复): standard中华网弘扬中华文化共创全球华人精神家园.md
[pool] 跳过 (重复): standard住房城乡建设部关于发布国家标准建设工程项.md
[pool] 跳过 (重复): standard国民经济行业分类国家统计局.md
[pool] 跳过 (重复): standard国民经济行业分类国民经济行业代码表GB.md
[pool] +待审   1,992字 standard湖北省冶金工业协会包含黑色冶金行业有色.md       待审判有效后计数 (现待审 3,027,204)
[pool] 跳过 (重复): standard风险MBA智库百科.md
[pool] +待审     960字 video114800500.md                    待审判有效后计数 (现待审 3,028,164)
[pool] +待审   1,007字 video15400114.md                     待审判有效后计数 (现待审 3,029,171)
[pool] +待审     992字 video2026打算再创业转行的朋友有没有你盯上的行.md       待审判有效后计数 (现待审 3,030,163)
[pool] +待审   3,103字 video54万7093002.md                   待审判有效后计数 (现待审 3,033,266)
[pool] +待审   1,032字 video776421751.md                    待审判有效后计数 (现待审 3,034,298)
[pool] +待审   1,006字 video中冶长天乒乓球2.md                     待审判有效后计数 (现待审 3,035,304)
[pool] +待审   1,029字 video未来10年20262036这4个行业比开药.md        待审判有效后计数 (现待审 3,036,333)
[pool] +待审   3,162字 video超越认知中国行业背后的500个秘密远川投学苑.md       待审判有效后计数 (现待审 3,039,495)
[pool] 跳过 (重复): AAAPLUS建筑之上案例老城厢里的文化复兴上海黄.md
[pool] +待审   4,960字 AI造价与商务11部门联合发文建筑业企业参与六.md           待审判有效后计数 (现待审 3,044,455)
[pool] 跳过 (重复): AI造价与商务国务院令第847号审计法实施条例.md
[pool] 跳过 (重复): AI造价与商务城市更新项目池有了制度入口城.md
[pool] 跳过 (重复): AI造价与商务小栗札记0108中小企业都会问.md
[pool] +待审     467字 AI造价与商务小栗札记0111很多创业者心中.md            待审判有效后计数 (现待审 3,044,922)
[pool] 跳过 (重复): AI造价与商务小栗札记0112很多企业应用AI.md
[pool] +待审     726字 AI造价与商务小栗札记0114全球汽车产业格局.md           待审判有效后计数 (现待审 3,045,648)
[pool] 跳过 (重复): AI造价与商务成本章删除危大方案提级用了17年.md
[pool] +待审   5,144字 AI造价与商务海南市政定额换版落地2026版12.md          待审判有效后计数 (现待审 3,050,792)
[pool] +待审   2,909字 AI造价与商务评标不再认人甘肃拟全省试行暗标.md            待审判有效后计数 (现待审 3,053,701)
[pool] 跳过 (重复): IntlEng黄EPC工程风险管理手册EPC之道第5.md
[pool] 跳过 (重复): 上海勘察设计上海市房屋建筑设计院有限公司.md
[pool] 跳过 (重复): 上海建工总承包部总承包部2026年信息宣传工作系列培.md
[pool] 跳过 (重复): 中冶南方工程技术有限公司党旗飘扬党徽闪光公司2025年.md
[pool] 跳过 (重复): 中国化学工程集团有限公司青春化学丨三化建青年这五年.md
[pool] 跳过 (重复): 中国对外承包工程商会译路之星谁与争锋第六届CHINC.md
[pool] 跳过 (重复): 中国建筑单广袖赴新加坡调研中建南洋公司及重点.md
[pool] 跳过 (重复): 中国联合工程有限公司在数贸会遇见AI未来中国联合精彩亮.md
[pool] 跳过 (重复): 中建科工华东大区中秋月满人间美好共筑.md
[pool] 跳过 (重复): 中汽工程SURCARASIA2026.md
[pool] 跳过 (重复): 全球工程经营大语言模型不是被提问而是被引.md
[pool] 跳过 (重复): 北方基建研究牛只比限价降48万元逊克县第一.md
[pool] 跳过 (重复): 印尼工程圈6亿美元印尼首个三聚氰胺项目开工.md
[pool] 跳过 (重复): 印尼工程圈印尼159个数据中心吃掉2378吉瓦.md
[pool] 跳过 (重复): 印尼工程圈印尼数据中心爆发这家中国设计院能帮.md
[pool] 跳过 (重复): 国际工程与劳务杂志巴西新能源EPC项目风险识别与防控.md
[pool] 跳过 (重复): 国际工程与劳务杂志紧密型联营模式下海外EPC项目管理核.md
[pool] 跳过 (重复): 国际工程与劳务杂志译路之星谁与争锋第六届CHINC.md
[pool] 跳过 (重复): 国际工程与境外投资中国对外承包工程简史.md
[pool] 跳过 (重复): 国际工程与境外投资中国电建海外项目5个关键问题.md
[pool] 跳过 (重复): 国际工程与境外投资国际工程东南亚分包价格参考印尼.md
[pool] 跳过 (重复): 国际工程与境外投资柬埔寨德崇扶南运河项目管理数字化解决.md
[pool] 跳过 (重复): 国际工程与境外投资海外EPC项目破局之道精细化管理筑.md
[pool] 跳过 (重复): 国际工程与境外投资海外项目经理修炼手册上.md
[pool] 跳过 (重复): 国际工程与海外项目EPC项目全过程精细化管控214页.md
[pool] 跳过 (重复): 城市建筑空间UAS浙大院作品让能源塑造.md
[pool] +待审   3,674字 孟祥和建筑科技与AI共创4个多月后我想把这28节56.md        待审判有效后计数 (现待审 3,057,375)
[pool] +待审   3,700字 孟祥和建筑科技与AI把图纸丢给AI它一口气把2D.md          待审判有效后计数 (现待审 3,061,075)
[pool] 跳过 (重复): 安徽建工集团安徽建工集团举办第七届BIM技术应用.md
[pool] 跳过 (重复): 安徽建工集团开足马力集团重点项目建设加速跑.md
  … 1500 件 (跳 0)
[pool] 跳过 (重复): 安徽建工集团集团承办的全国技能大赛安徽选拔赛圆满.md
[pool] 跳过 (重复): 工程行业大脑1500万悬案揭秘无效合同竟吃定工.md
[pool] +待审     629字 工程行业大脑15分差真相AI评标下中国承包.md             待审判有效后计数 (现待审 3,061,704)
[pool] 跳过 (重复): 工程行业大脑16亿罚款背后境外项目环保风险企.md
[pool] 跳过 (重复): 工程行业大脑2800万损失揭秘采购疏忽国企.md
[pool] 跳过 (重复): 工程行业大脑46号令下50亿项目风险8亿央企.md
[pool] +待审     700字 工程行业大脑5事故率背后海外EPC项目安全成.md            待审判有效后计数 (现待审 3,062,404)
[pool] 跳过 (重复): 工程行业大脑PUE13差30揭秘中国数据.md
[pool] 跳过 (重复): 工程行业大脑三林楔形绿地65生态用地总包如何.md
[pool] 跳过 (重复): 工程行业大脑总包项目计税误区9成风险AI助建筑.md
[pool] 跳过 (重复): 工程行业大脑模块化率90工期却拖到12个月.md
[pool] +待审     642字 工程行业大脑造价人注意100万红线内造价咨询.md            待审判有效后计数 (现待审 3,063,046)
[pool] 跳过 (重复): 工程行业洞察工程建设行业最新资讯住房和城乡.md
[pool] 跳过 (重复): 工程行业洞察工程建设行业最新资讯工业和信息.md
[pool] 跳过 (重复): 工程行业洞察美丽上海建设十五五规划发布.md
[pool] 跳过 (重复): 工程行业研究7336亿安徽建工联合体中标重庆.md
[pool] 跳过 (重复): 工程行业研究中建港航局等5家启动2027届校招.md
[pool] 跳过 (重复): 工程行业研究固投72基建40建筑.md
[pool] 跳过 (重复): 广联达新建造中国土木工程学会2026年学术年会分.md
[pool] 跳过 (重复): 广西建工一建集团中秋追月筑福满满广西建工一建.md
[pool] 跳过 (重复): 建工招采仲裁法苑山东省财政厅关于公布政府采购招标投标.md
[pool] 跳过 (重复): 建工招采仲裁法苑最高法关于背靠背条款效力的批复.md
[pool] 跳过 (重复): 建筑前沿中国能建六家子公司2026年上半年.md
[pool] 跳过 (重复): 建筑工程大全181亿中国电建中标风电EPC大.md
[pool] 跳过 (重复): 建筑工程大全39亿水利EPC项目开始招标啦.md
[pool] 跳过 (重复): 建筑工程大全49亿的EPC大项目中标单位敲定了.md
[pool] 跳过 (重复): 建筑工程大全中国电建大爆发强势中标27亿EPC.md
[pool] 跳过 (重复): 建筑工程大全中铁联合体中标10亿EPC大单.md
[pool] 跳过 (重复): 建筑工程资料建筑分部分项工程安全技术交底汇编.md
[pool] 跳过 (重复): 建筑工程资料建筑电气安装工程低压配电与照明系统.md
[pool] 跳过 (重复): 总包说196亿警示EPC合同三大暗坑揭秘.md
[pool] 跳过 (重复): 总包说2800万签证漏签结算一审二审终审.md
[pool] 跳过 (重复): 总包说4153亿巨亏背后境外环保罚款真.md
[pool] +待审     593字 总包说73死102亿巨损背后设计院EP.md               待审判有效后计数 (现待审 3,063,639)
[pool] 跳过 (重复): 总包说800万美元拒签教训海外工程索赔的.md
[pool] +待审     652字 总包说80修改率背后的真相AI审查如何.md               待审判有效后计数 (现待审 3,064,291)
[pool] +待审     632字 总包说AI评标效率提升14倍承包商输在哪.md              待审判有效后计数 (现待审 3,064,923)
[pool] 跳过 (重复): 总包说EPC联营体沙特项目亏损揭秘12.md
[pool] 跳过 (重复): 总包说巴西EPC合同陷阱重重45利润率.md
[pool] 跳过 (重复): 总包说签证漏签28天决定2800万窝工.md
[pool] +待审     638字 总包说设计优化是EPC项目关键如何避免5.md              待审判有效后计数 (现待审 3,065,561)
[pool] 跳过 (重复): 新基建通14亿中交三航局四航局二航局中.md
[pool] 跳过 (重复): 新基建通46亿北京化工大学项目中标结果.md
[pool] 跳过 (重复): 新基建通56亿天津中医药大学项目中标结果.md
[pool] 跳过 (重复): 新基建通5个标南水北调中线项目中标结果.md
[pool] 跳过 (重复): 新基建通5亿南开大学津南校区项目中标.md
[pool] 跳过 (重复): 新基建通6亿安徽项目中标了.md
[pool] 跳过 (重复): 新基建通8亿中建在河南中标了.md
[pool] 跳过 (重复): 新基建通9亿中铁十五局中标了.md
[pool] 跳过 (重复): 新基建通中国中铁中标雄安新区大项目.md
[pool] 跳过 (重复): 新基建通中国能建中标5亿大单.md
[pool] 跳过 (重复): 新基建通中国能建中标内蒙古5亿大标.md
[pool] 跳过 (重复): 新基建通中建二局喜中新疆13亿光伏治沙项目.md
[pool] 跳过 (重复): 新基建通中建集团斩获8亿大标中建七局中建.md
[pool] 跳过 (重复): 新基建通京港澳高速公路深圳段改扩建项目中标.md
[pool] 跳过 (重复): 新基建通山东省近5亿大标发榜中铁十五局联合.md
[pool] 跳过 (重复): 新基建通总投资73亿安荣合高速公路中标结果.md
[pool] 跳过 (重复): 新基建通标书骨干一离职公司就断档真正靠谱.md
[pool] 跳过 (重复): 新基建通近10亿水电十四局中标福建省抽蓄大.md
[pool] 跳过 (重复): 施工企业项目管理城更研习上海西岸把最贵的地留给.md
[pool] 跳过 (重复): 施工技术华中科技大学刘琦从BIM模型到.md
[pool] 跳过 (重复): 河南省建筑业协会质量月大讲堂2026质量月.md
[pool] 跳过 (重复): 海外工程洞察日本大成建设TaiseiCorp.md
[pool] 跳过 (重复): 海外工程洞察海外工程资讯中国电建签约哥伦比亚.md
[pool] 跳过 (重复): 筑匠工程网EasyBIM成都智媒体城127.md
[pool] 跳过 (重复): 筑匠工程网人物专访章兰三次迭代一链贯.md
[pool] 跳过 (重复): 红哥聊设计院BIMAI数字化到底是机会还是.md
[pool] 跳过 (重复): 红哥聊设计院一万元可以开设计分公司.md
[pool] 跳过 (重复): 罗克的工程数字化笔记ARP是什么80的手工录单审.md
[pool] 跳过 (重复): 罗克的工程数字化笔记智能建造试点收官24个城市证明了.md
[pool] 跳过 (重复): 老万工程咨询工程咨询行业快讯2026928.md
[pool] 跳过 (重复): 规划师杂志政策资讯完善绿色低碳认证体系助.md
[pool] +待审     558字 规划师杂志江苏十五五城市更新专项规划来了.md              待审判有效后计数 (现待审 3,066,119)
[pool] 跳过 (重复): 造价争议笔记住建部点名内卷式竞争建筑业的风.md
[pool] 跳过 (重复): 美利云ST美利关于对深圳证券交易所关于对中冶美利纸业.md
[pool] +待审     212字 company中冶长天国际工程有限责任公司中冶长天.md         待审判有效后计数 (现待审 3,066,331)
[pool] +待审     217字 company中冶长天国际工程有限责任公司经营状况爱.md        待审判有效后计数 (现待审 3,066,548)
[pool] +待审     226字 company中国中铁股份有限公司企业工商信用信息电话.md       待审判有效后计数 (现待审 3,066,774)
[pool] +待审     189字 company北京同上科技有限公司工商信息公司电话.md         待审判有效后计数 (现待审 3,066,963)
[pool] 跳过 (重复): 中闽能源子公司联合体签订4165亿元EPC总承包合同.md
[pool] +待审   4,834字 第1章_绪论 研究缘起、方法与价值_v2.md              待审判有效后计数 (现待审 3,071,797)
[pool] +待审   3,919字 第2章_中冶长天国际工程 企业画像与基本盘_v2.md          待审判有效后计数 (现待审 3,075,716)
[pool] +待审   5,410字 第3章_中冶长天国际工程的发展沿革与战略演进_v2.md         待审判有效后计数 (现待审 3,081,126)
[pool] +待审   6,376字 第4章_中冶长天国际工程的经营策略与市场打法_v2.md         待审判有效后计数 (现待审 3,087,502)
[pool] +待审   4,985字 第5章_市场全景 规模、中标与竞争格局_v2.md            待审判有效后计数 (现待审 3,092,487)
[pool] 跳过 (重复): background.js.LICENSE.txt
[pool] 跳过 (重复): content.js.LICENSE.txt
[pool] 跳过 (重复): main.js.LICENSE.txt
[pool] 跳过 (重复): options.js.LICENSE.txt
[pool] 跳过 (重复): params.js.LICENSE.txt
[pool] 跳过 (重复): workflow.js.LICENSE.txt
[pool] +待审     504字 路由计划.md                              待审判有效后计数 (现待审 3,092,991)
[pool] +待审   1,625字 研究报告需求.txt                           待审判有效后计数 (现待审 3,094,616)
[pool] +待审   1,628字 研究报告需求.txt                           待审判有效后计数 (现待审 3,096,244)
[pool] +待审  10,900字 EPC工程总承包书籍介绍.docx                    待审判有效后计数 (现待审 3,107,144)
[pool] +待审   1,835字 签名页.md                               待审判有效后计数 (现待审 3,108,979)
[pool] +待审     112字 路由计划.md                              待审判有效后计数 (现待审 3,109,091)
[pool] +待审   1,077字 研究报告需求.txt                           待审判有效后计数 (现待审 3,110,168)
[pool] +待审 145,836字 《中国核电工程有限公司怎么干EPC总承包》研究报告_定稿.docx    待审判有效后计数 (现待审 3,256,004)
[pool] +待审  82,888字 《中国核电工程有限公司怎么干EPC总承包业务》最终研究报告.docx   待审判有效后计数 (现待审 3,338,892)
[pool] +待审   1,998字 前言.md                                待审判有效后计数 (现待审 3,340,890)
[pool] +待审  89,818字 完整报告.md                              待审判有效后计数 (现待审 3,430,708)
[pool] +待审     436字 执行摘要.md                              待审判有效后计数 (现待审 3,431,144)
[pool] +待审  87,384字 正文_14章.md                            待审判有效后计数 (现待审 3,518,528)
[pool] +待审     301字 fact_pack.md                         待审判有效后计数 (现待审 3,518,829)
[pool] +待审     856字 修订diff.md                            待审判有效后计数 (现待审 3,519,685)
[pool] +待审     637字 内容简介.md                              待审判有效后计数 (现待审 3,520,322)
[pool] +待审 215,671字 报告_终稿.md                             待审判有效后计数 (现待审 3,735,993)
[pool] 跳过 (重复): 报告_终稿_citefixed.md
[pool] +待审 151,321字 报告精修版_合并.md                          待审判有效后计数 (现待审 3,887,314)
[pool] 跳过 (重复): 报告精修版_合并_citefixed.md
[pool] +待审     720字 推荐序.md                               待审判有效后计数 (现待审 3,888,034)
[pool] +待审     365字 敏感性检验.md                             待审判有效后计数 (现待审 3,888,399)
[pool] +待审     300字 渠道血缘榜.md                             待审判有效后计数 (现待审 3,888,699)
[pool] +待审     292字 独立审计报告.md                            待审判有效后计数 (现待审 3,888,991)
[pool] +待审   1,391字 盲评报告.md                              待审判有效后计数 (现待审 3,890,382)
[pool] +待审 149,481字 研究报告_交付版.docx                        待审判有效后计数 (现待审 4,039,863)
[pool] +待审 156,610字 研究报告_交付版.md                          待审判有效后计数 (现待审 4,196,473)
[pool] +待审 149,747字 研究报告_公文风测试.docx                      待审判有效后计数 (现待审 4,346,220)
[pool] 跳过 (重复): 研究报告_排版测试.docx
[pool] +待审  12,337字 第10章_华龙一号示范工程深度复盘.md                 待审判有效后计数 (现待审 4,358,557)
[pool] 跳过 (重复): 第10章_华龙一号示范工程深度复盘_citefixed.md
[pool] 跳过 (重复): 第10章_华龙一号示范工程深度复盘_conf.md
[pool] 跳过 (重复): 第10章_华龙一号示范工程深度复盘_conf_citefixed.md
[pool] +待审   9,050字 第11章_多项目标杆矩阵与方法论.md                  待审判有效后计数 (现待审 4,367,607)
[pool] 跳过 (重复): 第11章_多项目标杆矩阵与方法论_citefixed.md
[pool] 跳过 (重复): 第11章_多项目标杆矩阵与方法论_conf.md
[pool] 跳过 (重复): 第11章_多项目标杆矩阵与方法论_conf_citefixed.md
[pool] +待审   8,554字 第12章_中核工程EPC能力提炼与可迁移方法论.md           待审判有效后计数 (现待审 4,376,161)
[pool] 跳过 (重复): 第12章_中核工程EPC能力提炼与可迁移方法论_citefixed.md
[pool] 跳过 (重复): 第12章_中核工程EPC能力提炼与可迁移方法论_conf.md
[pool] 跳过 (重复): 第12章_中核工程EPC能力提炼与可迁移方法论_conf_citefixed.md
[pool] +待审  13,258字 第13章_行业启示与战略建议.md                    待审判有效后计数 (现待审 4,389,419)
[pool] 跳过 (重复): 第13章_行业启示与战略建议_citefixed.md
[pool] 跳过 (重复): 第13章_行业启示与战略建议_conf.md
[pool] 跳过 (重复): 第13章_行业启示与战略建议_conf_citefixed.md
[pool] +待审  10,692字 第14章_趋势_ 数字化·智能·绿色·出海.md             待审判有效后计数 (现待审 4,400,111)
[pool] 跳过 (重复): 第14章_趋势_ 数字化·智能·绿色·出海_citefixed.md
[pool] 跳过 (重复): 第14章_趋势_ 数字化·智能·绿色·出海_conf.md
[pool] 跳过 (重复): 第14章_趋势_ 数字化·智能·绿色·出海_conf_citefixed.md
[pool] 跳过 (重复): 第1章_核电产业格局与中核工程的战略坐标.md
[pool] 跳过 (重复): 第1章_核电产业格局与中核工程的战略坐标_citefixed.md
[pool] 跳过 (重复): 第1章_核电产业格局与中核工程的战略坐标_conf.md
[pool] 跳过 (重复): 第1章_核电产业格局与中核工程的战略坐标_conf_citefixed.md
[pool] +待审  11,645字 第2章_EPC 模式与核电工程的适配逻辑.md              待审判有效后计数 (现待审 4,411,756)
[pool] 跳过 (重复): 第2章_EPC 模式与核电工程的适配逻辑_citefixed.md
[pool] 跳过 (重复): 第2章_EPC 模式与核电工程的适配逻辑_conf.md
[pool] 跳过 (重复): 第2章_EPC 模式与核电工程的适配逻辑_conf_citefixed.md
[pool] +待审  13,399字 第3章_组织管控与多项目协同体系.md                  待审判有效后计数 (现待审 4,425,155)
[pool] 跳过 (重复): 第3章_组织管控与多项目协同体系_conf.md
[pool] +待审  12,441字 第4章_设计龙头_ 核电EPC的设计主导.md              待审判有效后计数 (现待审 4,437,596)
[pool] 跳过 (重复): 第4章_设计龙头_ 核电EPC的设计主导_citefixed.md
[pool] 跳过 (重复): 第4章_设计龙头_ 核电EPC的设计主导_conf.md
[pool] 跳过 (重复): 第4章_设计龙头_ 核电EPC的设计主导_conf_citefixed.md
[pool] +待审  10,933字 第5章_采购与核电设备供应链.md                    待审判有效后计数 (现待审 4,448,529)
[pool] 跳过 (重复): 第5章_采购与核电设备供应链_citefixed.md
[pool] 跳过 (重复): 第5章_采购与核电设备供应链_conf.md
[pool] 跳过 (重复): 第5章_采购与核电设备供应链_conf_citefixed.md
[pool] +待审   7,516字 第6章_施工建造与接口管理.md                     待审判有效后计数 (现待审 4,456,045)
[pool] +待审  11,536字 第7章_调试与移交体系(核电特色).md                 待审判有效后计数 (现待审 4,467,581)
[pool] 跳过 (重复): 第7章_调试与移交体系(核电特色)_citefixed.md
[pool] 跳过 (重复): 第7章_调试与移交体系(核电特色)_conf.md
[pool] 跳过 (重复): 第7章_调试与移交体系(核电特色)_conf_citefixed.md
[pool] +待审   9,864字 第8章_四控_ 进度·费用·质量·安全.md               待审判有效后计数 (现待审 4,477,445)
[pool] 跳过 (重复): 第8章_四控_ 进度·费用·质量·安全_citefixed.md
[pool] 跳过 (重复): 第8章_四控_ 进度·费用·质量·安全_conf.md
[pool] 跳过 (重复): 第8章_四控_ 进度·费用·质量·安全_conf_citefixed.md
[pool] +待审  10,668字 第9章_合同商务与风险管控.md                     待审判有效后计数 (现待审 4,488,113)
[pool] 跳过 (重复): 第9章_合同商务与风险管控_citefixed.md
[pool] 跳过 (重复): 第9章_合同商务与风险管控_conf.md
[pool] 跳过 (重复): 第9章_合同商务与风险管控_conf_citefixed.md
[pool] +待审     513字 致决策者N问.md                            待审判有效后计数 (现待审 4,488,626)
[pool] +待审   4,631字 质量报告.md                              待审判有效后计数 (现待审 4,493,257)
[pool] 跳过 (重复): 质量报告_citefixed.md
[pool] +待审   1,022字 过程附录_可审计过程结构.md                      待审判有效后计数 (现待审 4,494,279)
[pool] +待审   3,786字 宣传文章.md                              待审判有效后计数 (现待审 4,498,065)
[pool] +待审     515字 提示词_1_行业痛点.md                        待审判有效后计数 (现待审 4,498,580)
[pool] +待审     450字 提示词_2_方法论.md                         待审判有效后计数 (现待审 4,499,030)
[pool] +待审     433字 提示词_3_成果数据.md                        待审判有效后计数 (现待审 4,499,463)
[pool] +待审     659字 llms.txt                             待审判有效后计数 (现待审 4,500,122)
[pool] +待审 150,327字 merged.md                            待审判有效后计数 (现待审 4,650,449)
[pool] +待审  92,695字 merged_part2.md                      待审判有效后计数 (现待审 4,743,144)
[pool] 跳过 (重复): SKILL.md
[pool] +待审     497字 密度审计.md                              待审判有效后计数 (现待审 4,743,641)
[pool] +待审  10,153字 关键点卡.md                              待审判有效后计数 (现待审 4,753,794)
[pool] +待审     992字 案例卡.md                               待审判有效后计数 (现待审 4,754,786)
[pool] +待审   1,882字 模型卡.md                               待审判有效后计数 (现待审 4,756,668)
[pool] +待审   7,226字 避坑清单.md                              待审判有效后计数 (现待审 4,763,894)
[pool] +待审     493字 业务公式.md                              待审判有效后计数 (现待审 4,764,387)
[pool] +待审   1,998字 移植路径.md                              待审判有效后计数 (现待审 4,766,385)
[pool] +待审     478字 经验地图.md                              待审判有效后计数 (现待审 4,766,863)
[pool] +待审     489字 T001_宏观视阈-双碳战略下核电产业的逻辑重启.md          待审判有效后计数 (现待审 4,767,352)
[pool] +待审     360字 T002_战略对标-中核工程在核电全产业链中的角色定位.md       待审判有效后计数 (现待审 4,767,712)
[pool] +待审     368字 T003_技术驱动-数字化转型作为战略执行的核心推力.md        待审判有效后计数 (现待审 4,768,080)
[pool] +待审     311字 T004_章节关系映射与内容规划.md                  待审判有效后计数 (现待审 4,768,391)
[pool] +待审     424字 T005_组织架构与多项目矩阵式管控模式.md              待审判有效后计数 (现待审 4,768,815)
[pool] +待审     418字 T006_设计-采购-施工-E-P-C-三位一体协同机制.md      待审判有效后计数 (现待审 4,769,233)
[pool] +待审     272字 T007_数字化环境下的标准集成与元数据管理.md            待审判有效后计数 (现待审 4,769,505)
[pool] +待审     511字 T008_核电EPC-设计龙头-的内涵与逻辑架构.md          待审判有效后计数 (现待审 4,770,016)
[pool] +待审     332字 T009_数字化环境下的设计标准化与集成化管理.md           待审判有效后计数 (现待审 4,770,348)
[pool] +待审     322字 T010_施工质量风险的结构化识别与设计防御.md            待审判有效后计数 (现待审 4,770,670)
[pool] +待审     364字 T011_施工质量风险的结构化识别与设计防御.md            待审判有效后计数 (现待审 4,771,034)
[pool] +待审     298字 T012_现场设计变更与接口的动态管控.md               待审判有效后计数 (现待审 4,771,332)
[pool] +待审     348字 T013_核电文档元数据在EPC全生命周期中的标准化支撑.md      待审判有效后计数 (现待审 4,771,680)
[pool] +待审     383字 T014_核电设备采购的战略特殊性与管控逻辑.md            待审判有效后计数 (现待审 4,772,063)
[pool] +待审     255字 T015_长周期关键设备的供应链管理.md                待审判有效后计数 (现待审 4,772,318)
[pool] +待审     403字 T016_施工建造质量风险评估与动态管理体系.md            待审判有效后计数 (现待审 4,772,721)
[pool] +待审     281字 T017_EPC-模式下的施工测量与联合管理机制.md          待审判有效后计数 (现待审 4,773,002)
[pool] +待审     251字 T018_数字化环境下的仪控标准安装设计应用.md            待审判有效后计数 (现待审 4,773,253)
[pool] +待审     240字 T019_辅助厂房-BOP-设计接口与变更控制.md           待审判有效后计数 (现待审 4,773,493)
[pool] +待审     315字 T020_施工阶段的文档元数据与信息化协同.md             待审判有效后计数 (现待审 4,773,808)
[pool] +待审     639字 T021_核电EPC调试移交体系的逻辑框架与转场管理.md        待审判有效后计数 (现待审 4,774,447)
[pool] +待审     645字 T022_核电特色的质量保证与风险评估体系.md             待审判有效后计数 (现待审 4,775,092)
[pool] +待审     361字 T023_数字化环境下的调试技术支持与物项交付.md           待审判有效后计数 (现待审 4,775,453)
[pool] +待审     679字 T024_现场签证与零星委托的分类及精细化管理.md           待审判有效后计数 (现待审 4,776,132)
[pool] +待审     293字 T025_施工质量风险的结构化评估与量化模型.md            待审判有效后计数 (现待审 4,776,425)
[pool] +待审     266字 T026_测量管理与专业分包资质风险动态管控.md            待审判有效后计数 (现待审 4,776,691)
[pool] +待审     301字 T027_实验室采购及特殊设备合同执行风险.md             待审判有效后计数 (现待审 4,776,992)
[pool] +待审     616字 T028_关键里程碑管理-以-穹顶吊装-为核心的施工组织优.md     待审判有效后计数 (现待审 4,777,608)
[pool] +待审     397字 T029_数字化设计转型-基于EB平台的仪控标准安装设计实.md     待审判有效后计数 (现待审 4,778,005)
[pool] +待审     546字 T030_施工质量风险管控-结构化风险因素库与量化评估模型.md     待审判有效后计数 (现待审 4,778,551)
[pool] +待审     497字 T031_财务管理数字化升级-全生命周期管控与资金统筹.md       待审判有效后计数 (现待审 4,779,048)
[pool] +待审     455字 T032_采购与供应链深度协同-质保有效性与BOP实验室采.md     待审判有效后计数 (现待审 4,779,503)
[pool] +待审     394字 T033_多项目并行下的EPC管理框架映射与矩阵构建.md        待审判有效后计数 (现待审 4,779,897)
[pool] +待审     402字 T034_多维度标杆对比-从方家山到漳州项目的管理演进.md       待审判有效后计数 (现待审 4,780,299)
[pool] +待审     463字 T035_基于元数据与数字化平台的核电设计标准化方法论.md       待审判有效后计数 (现待审 4,780,762)
[pool] +待审     462字 T036_结构化质量风险评估与全链条质保管控模型.md          待审判有效后计数 (现待审 4,781,224)
[pool] +待审     362字 T037_中核工程EPC管理模式的可迁移性总结.md           待审判有效后计数 (现待审 4,781,586)
[pool] +待审     579字 T038_核心技术标准化与数字化设计的深度融合.md           待审判有效后计数 (现待审 4,782,165)
[pool] +待审     651字 T039_施工质量风险评估与-防造假-治理体系.md           待审判有效后计数 (现待审 4,782,816)
[pool] +待审     504字 T040_数字化财务管控与全生命周期价值创造.md            待审判有效后计数 (现待审 4,783,320)
[pool] +待审     465字 T041_关键里程碑节点管控与接口协调策略.md             待审判有效后计数 (现待审 4,783,785)
[pool] +待审   2,892字 WBS.md                               待审判有效后计数 (现待审 4,786,677)
[pool] +待审   1,760字 研究报告需求.txt                           待审判有效后计数 (现待审 4,788,437)
[pool] +待审  34,555字 4500_中国海诚工程科技股份有限公司、青岛三利集团有限公司建设工程施工 待审判有效后计数 (现待审 4,822,992)
[pool] +待审   5,515字 751_青岛三利集团有限公司、中国海诚工程科技股份有限公司建设工程施工合 待审判有效后计数 (现待审 4,828,507)
[pool] 跳过 (重复): 勘察设计协会2025年度南方地区勘察设计同业.md
[pool] 跳过 (重复): 勘察设计协会2026年度全国勘察设计同业协会.md
[pool] 跳过 (重复): 勘察设计协会中国勘察设计协会成立40周年庆祝.md
[pool] 跳过 (重复): 勘察设计协会勘察设计行业高质量发展大会在京召.md
[pool] +待审   2,024字 biddingEPCPCECEP分别是什么意思一图.md         待审判有效后计数 (现待审 4,830,531)
[pool] +待审   7,834字 biddingEPCPPPBOTEOD都有啥区别.md          待审判有效后计数 (现待审 4,838,365)
[pool] +待审   4,025字 biddingEPC模式在政府投资项目建设实践中存在的突出.md     待审判有效后计数 (现待审 4,842,390)
[pool] +待审   5,941字 biddingEPC项目全流程造价疑难问题解析招标预算.md       待审判有效后计数 (现待审 4,848,331)
[pool] +待审   6,313字 biddingEPC项目合同履行中涉及的17个造价核心问题.md     待审判有效后计数 (现待审 4,854,644)
[pool] +待审   3,742字 bidding中华网弘扬中华文化共创全球华人精神家园.md        待审判有效后计数 (现待审 4,858,386)
[pool] +待审   3,080字 bidding中国国家铁路集团有限公司.md               待审判有效后计数 (现待审 4,861,466)
[pool] +待审   2,272字 bidding中国物流集团有限公司.md                 待审判有效后计数 (现待审 4,863,738)
[pool] +待审   5,575字 bidding人这一辈子一定要去一趟义乌中国日报.md          待审判有效后计数 (现待审 4,869,313)
[pool] 跳过 (重复): bidding建设工程勘察设计管理条例.md
[pool] +待审   2,348字 bidding快递100查快递寄快递管快递上快递1.md         待审判有效后计数 (现待审 4,871,661)
[pool] +待审   2,870字 bidding柏克德中国工程有限公司爱企查.md             待审判有效后计数 (现待审 4,874,531)
[pool] +待审   4,253字 bidding淮君作为做为究竟有什么区别做.md             待审判有效后计数 (现待审 4,878,784)
[pool] +待审   7,265字 bidding硬件项目中的turnkey是啥意思实际.md        待审判有效后计数 (现待审 4,886,049)
[pool] +待审   7,252字 bidding硬件项目中的turnkey是啥意思案例.md        待审判有效后计数 (现待审 4,893,301)
[pool] +待审   7,823字 bidding设计企业从事EPC工程总承包项目的设计管理及.md     待审判有效后计数 (现待审 4,901,124)
[pool] +待审   3,001字 bidding通信世界网首页.md                    待审判有效后计数 (现待审 4,904,125)
[pool] +待审   1,914字 bidding金健米业.md                       待审判有效后计数 (现待审 4,906,039)
[pool] +待审   2,162字 bidding金健米业600127最新价格行情.md           待审判有效后计数 (现待审 4,908,201)
[pool] +待审   1,299字 bidding金健米业600127股票行情走势图.md          待审判有效后计数 (现待审 4,909,500)
[pool] +待审   6,778字 bidding项目管理MBA智库百科.md                待审判有效后计数 (现待审 4,916,278)
[pool] 跳过 (重复): bidding项目管理十大领域五大过程44个定义.md
[pool] 跳过 (重复): bidding项目管理对项目进行计划组织协调和控制的.md
[pool] +待审   3,272字 中国海诚中国海诚2025年半年度报告摘要.md              待审判有效后计数 (现待审 4,919,550)
[pool] +待审   3,520字 中国海诚中国海诚2026年16月非经营性资金占用及其他.md       待审判有效后计数 (现待审 4,923,070)
[pool] +待审   5,778字 中国海诚中国海诚2026年半年度募集资金存放管理与实际.md       待审判有效后计数 (现待审 4,928,848)
[pool] +待审   3,335字 中国海诚中国海诚2026年半年度报告摘要.md              待审判有效后计数 (现待审 4,932,183)
[pool] +待审   1,435字 中国海诚中国海诚中国海诚工程科技股份有限公司年报信息披露.md      待审判有效后计数 (现待审 4,933,618)
[pool] +待审     939字 中国海诚中国海诚关于与上海石库门酿酒有限公司签订工程总承.md      待审判有效后计数 (现待审 4,934,557)
[pool] +待审     660字 中国海诚中国海诚关于参加2026年上海辖区上市公司集体接.md      待审判有效后计数 (现待审 4,935,217)
[pool] +待审   2,579字 中国海诚中国海诚关于质量回报双提升行动方案的进展公告.md        待审判有效后计数 (现待审 4,937,796)
[pool] +待审     663字 中国海诚中国海诚半年报监事会决议公告.md                待审判有效后计数 (现待审 4,938,459)
[pool] +待审     651字 中国海诚中国海诚董事会审计委员会2026年第七次会议决议.md      待审判有效后计数 (现待审 4,939,110)
[pool] 跳过 (重复): BIM技术在建设工程项目管理中的应用研究免费.md
[pool] 跳过 (重复): EPC工程总承包项目全过程跟踪审计研究免费.md
[pool] 跳过 (重复): EPC建设项目中网格化管理的探讨及应用免费.md
[pool] 跳过 (重复): EPC总承包模式下工程造价的全过程协同管理研究免费.md
[pool] 跳过 (重复): EPC模式下建筑施工项目的全过程管理探讨免费.md
[pool] 跳过 (重复): EPC模式下浙江省海宁屋顶光伏并网项目风险管理研究免费.md
[pool] 跳过 (重复): EPC模式下铁路项目工程合同管理研究免费.md
[pool] 跳过 (重复): EPC联合体工程项目管理痛点剖析及对策免费.md
[pool] 跳过 (重复): 一种烟气脱硫塔内壁的防腐蚀装置免费.md
[pool] 跳过 (重复): 一种立式换热器管束检修用的快速移动装置免费.md
[pool] 跳过 (重复): 一种节能型高效径向甲醇反应器免费.md
[pool] 跳过 (重复): 一种适用于强放热反应的径向轴向复合式反应器免费.md
[pool] 跳过 (重复): 义乌江灯光亮化工程（一期）EPC总承包夜景照明工程赏析免费.md
[pool] 跳过 (重复): 人工智能赋能“工程项目管理”智慧课堂建设教学改革研究免费.md
[pool] 跳过 (重复): 以设计为龙头的海上风电工程总承包项目管理研究免费.md
[pool] 跳过 (重复): 全面质量管理在电力建设EPC项目中的应用及分析免费.md
[pool] 跳过 (重复): 冶金流程工程学理论指导下钢铁智能化探索与实践免费.md
[pool] 跳过 (重复): 国外大型油气建设项目管理模式研究及启示免费.md
[pool] 跳过 (重复): 国投湄洲湾第二发电厂EPC项目管理的创新与探索免费.md
[pool] 跳过 (重复): 基于BIM+GIS的铁路EPC项目施组进度一体化管理方法网络首发免费.md
[pool] 跳过 (重复): 基于EPC总承包模式的住宅建筑工程管理策略探究免费.md
[pool] 跳过 (重复): 基于博弈论组合赋权—模糊综合评价法的铁路EPC项目进度影响因素研究免费.md
[pool] 跳过 (重复): 基于层次分析法的高校新校区项目管理模式优选研究免费.md
[pool] 跳过 (重复): 基于平行分包模式的建筑工程EPC成本评估研究免费.md
[pool] 跳过 (重复): 基于数字化技术的电力工程总承包项目管理研究——以华南区域某燃机项目为例免费.md
[pool] 跳过 (重复): 基于神经网络的水煤浆气化炉炉温预测方法免费.md
[pool] 跳过 (重复): 基于财务共享的资金集中管理创新机制与经济后果研究——以中石化集团为例免费.md
[pool] 跳过 (重复): 大型水电工程建设管理模式创新免费.md
[pool] 跳过 (重复): 大语言模型在土木工程领域中的研究现状、挑战及趋势免费.md
[pool] 跳过 (重复): 安徽 印发住房城乡建设领域“人工智能+”行动方案免费.md
[pool] 跳过 (重复): 工程总承包与全过程工程咨询融合应用的价值、挑战与对策免费.md
[pool] 跳过 (重复): 建设单位EPC项目管理困境及提升路径研究免费.md
[pool] 跳过 (重复): 建设管理平台在城市轨道交通工程建设项目管理中的应用免费.md
[pool] 跳过 (重复): 招标人主体责任强化背景下企业合规管理数字化转型研究免费.md
[pool] 跳过 (重复): 探析水利水电工程项目管理模式免费.md
[pool] 跳过 (重复): 改革破局筑根基 追求卓越提效能——核理化院工程建设项目管理实践与探索免费.md
[pool] 跳过 (重复): 数智化赋能下石油工程建设EPC项目成本控制研究免费.md
[pool] 跳过 (重复): 新型建筑材料应用对工程项目管理与运维成本影响分析免费.md
[pool] 跳过 (重复): 昆明有色冶金设计研究院股份公司 红泥坡EPC项目获业主表扬 彰显总承包管理硬实力免费.md
[pool] 跳过 (重复): 构建EPCO一体化管理体系是建筑企业的终极目标——中国勘察设计企业蜕变为EPC工程总承包商的必然性免费.md
[pool] 跳过 (重复): 核电工程项目管理信息化研究与探索免费.md
[pool] 跳过 (重复): 水利水电工程EPC项目设计管理难点与对策免费.md
[pool] 跳过 (重复): 水利水电工程项目管理存在不足点及改进措施免费.md
[pool] +待审     387字 泰国变电站EPC项目的风险与对策免费.md                待审判有效后计数 (现待审 4,939,497)
[pool] 跳过 (重复): 浅析冶金工程项目质量管理存在的问题及对策免费.md
[pool] 跳过 (重复): 浅谈电力工程EPC总承包设计管理免费.md
[pool] 跳过 (重复): 济南出台新政助力建筑业高质量发展免费.md
[pool] 跳过 (重复): 海外EPC工程总承包项目的组织策划探讨免费.md
[pool] 跳过 (重复): 海外EPC联营项目管理“十大理念”内涵及落地实践免费.md
[pool] 跳过 (重复): 生成式人工智能赋能监管能力提升的内在逻辑及优化路径——基于公共资源交易领域案例的分析免费.md
[pool] 跳过 (重复): 电力工程EPC总承包模式下的财务协同管理策略探讨免费.md
[pool] 跳过 (重复): 省级电子招投标的现状分析与对策研究免费.md
[pool] 跳过 (重复): 石化行业铁路专用线实施EPC项目管理研究免费.md
[pool] 跳过 (重复): 自然语言处理模型与文本图像生成技术驱动下的包装设计免费.md
[pool] 跳过 (重复): 苦练内功 开拓创新免费.md
[pool] 跳过 (重复): 论冶金建设工程总承包中工程公司的费用与进度控制应用免费.md
[pool] 跳过 (重复): 设计主导EPC模式创新路径的深度探索免费.md
[pool] 跳过 (重复): 铁路工程EPC总承包项目业主与总承包商风险治理行为演化博弈研究免费.md
[pool] 跳过 (重复): 面向新工科的工程项目管理智慧课程建设路径研究免费.md
[pool] +待审   1,378字 dangdang国际工程EPC项目风险管理第2版.md          待审判有效后计数 (现待审 4,940,875)
[pool] +待审   1,597字 深爬content117591102ht.md              待审判有效后计数 (现待审 4,942,472)
[pool] +待审     778字 深爬content35097880htm.md              待审判有效后计数 (现待审 4,943,250)
[pool] +待审     803字 深爬content35098342htm.md              待审判有效后计数 (现待审 4,944,053)
[pool] +待审     436字 深爬content76151953htm.md              待审判有效后计数 (现待审 4,944,489)
[pool] +待审   1,646字 深爬content76891246htm.md              待审判有效后计数 (现待审 4,946,135)
[pool] +待审     426字 深爬content76891258htm.md              待审判有效后计数 (现待审 4,946,561)
[pool] +待审     402字 深爬content76891272htm.md              待审判有效后计数 (现待审 4,946,963)
[pool] +待审   1,460字 深爬content76913922htm.md              待审判有效后计数 (现待审 4,948,423)
[pool] +待审     629字 深爬content77749990htm.md              待审判有效后计数 (现待审 4,949,052)
[pool] +待审   1,040字 深爬content77888669htm.md              待审判有效后计数 (现待审 4,950,092)
[pool] +待审     303字 深爬node7219999htm.md                  待审判有效后计数 (现待审 4,950,395)
[pool] +待审     253字 深爬node7220017htm.md                  待审判有效后计数 (现待审 4,950,648)
[pool] +待审   4,618字 深爬首页.md                              待审判有效后计数 (现待审 4,955,266)
[pool] +待审     286字 djyanbao研报索引轻工工程行业报告.md              待审判有效后计数 (现待审 4,955,552)
[pool] +待审   1,134字 业绩说明会公告台账中国海诚工程科技股份有限公司.md           待审判有效后计数 (现待审 4,956,686)
[pool] +待审   1,310字 业绩说明会问答实录互动易中国海诚.md                  待审判有效后计数 (现待审 4,957,996)
[pool] 跳过 (重复): 生态环境部环评管理北京三线一单激活绿色发展新动.md
[pool] 跳过 (重复): 上海电气大功率重燃出海中国高端装备挺进成熟市场.md
[pool] +待审     235字 中国通号中标墨西哥AIFAPachuca铁路弱电总承包项目.md     待审判有效后计数 (现待审 4,958,231)
[pool] 跳过 (重复): 中闽能源关于子公司签订EPC总承包合同的公告.md
[pool] 跳过 (重复): 中闽能源子公司签订4165亿元EPC总承包合同.md
[pool] +待审     239字 交投生态牵头中标一物流园项目设计施工总承包项目金额281.md      待审判有效后计数 (现待审 4,958,470)
[pool] +待审     232字 冠中生态联合体拟中标104亿元工程总承包项目.md            待审判有效后计数 (现待审 4,958,702)
[pool] 跳过 (重复): 创新药产业化提速制药装备整线智能化开启国产突围新周期行业.md
[pool] 跳过 (重复): 华康洁净签订5400万元医疗专项专业分包工程合同.md
[pool] 跳过 (重复): 国际市场再获大单中国瑞林签署3378亿元赞比亚新建铜尾矿.md
[pool] +待审     199字 孟加拉国将从最不发达国家毕业投资窗口打开了吗问海.md          待审判有效后计数 (现待审 4,958,901)
[pool] +待审     226字 新华财经晚报2026中国民企500强发布营收超千亿元企业.md      待审判有效后计数 (现待审 4,959,127)
[pool] +待审     153字 春华资本张晶十年陪跑静待芯光成炬.md                  待审判有效后计数 (现待审 4,959,280)
[pool] +待审     257字 江西省金融控股集团有限公司原董事长齐伟被提起公诉.md          待审判有效后计数 (现待审 4,959,537)
[pool] +待审     183字 赛项清单里的产业密码世界技能大赛一线观察.md              待审判有效后计数 (现待审 4,959,720)
[pool] +待审     245字 高毛利业务占比提升致营收下降利润增长中国瑞林上半年新签订单.md     待审判有效后计数 (现待审 4,959,965)
[pool] +待审     760字 hbba行标目录EPC总承包市场分析.md                待审判有效后计数 (现待审 4,960,725)
[pool] +待审     764字 hbba行标目录两河口水电站移民代建工程.md              待审判有效后计数 (现待审 4,961,489)
[pool] +待审     768字 hbba行标目录两河口水电站移民代建工程中标.md            待审判有效后计数 (现待审 4,962,257)
[pool] +待审     752字 hbba行标目录中国工程咨询.md                    待审判有效后计数 (现待审 4,963,009)
[pool] +待审     754字 hbba行标目录中国海诚EPC.md                   待审判有效后计数 (现待审 4,963,763)
[pool] +待审     758字 hbba行标目录中国海诚EPC案例.md                 待审判有效后计数 (现待审 4,964,521)
[pool] +待审     756字 hbba行标目录中国海诚中标项目.md                  待审判有效后计数 (现待审 4,965,277)
[pool] +待审     752字 hbba行标目录中国海诚工程.md                    待审判有效后计数 (现待审 4,966,029)
[pool] +待审     768字 hbba行标目录中国海诚工程科技股份有限公司.md            待审判有效后计数 (现待审 4,966,797)
[pool] +待审     818字 hbba行标目录中国海诚工程科技股份有限公司义.md           待审判有效后计数 (现待审 4,967,615)
[pool] +待审     786字 hbba行标目录中国海诚工程科技股份有限公司华.md           待审判有效后计数 (现待审 4,968,401)
[pool] +待审     802字 hbba行标目录中国海诚工程科技股份有限公司在E.md          待审判有效后计数 (现待审 4,969,203)
[pool] +待审     832字 hbba行标目录中国海诚工程科技股份有限公司江.md           待审判有效后计数 (现待审 4,970,035)
[pool] +待审     776字 hbba行标目录中国海诚工程科技股份有限公司玉.md           待审判有效后计数 (现待审 4,970,811)
[pool] +待审     798字 hbba行标目录中国海诚工程科技股份有限公司的E.md          待审判有效后计数 (现待审 4,971,609)
[pool] +待审     788字 hbba行标目录中国海诚工程科技股份有限公司邯.md           待审判有效后计数 (现待审 4,972,397)
[pool] +待审     780字 hbba行标目录中国海诚工程科技股份有限公司锦.md           待审判有效后计数 (现待审 4,973,177)
[pool] +待审     756字 hbba行标目录中国海诚经验总结.md                  待审判有效后计数 (现待审 4,973,933)
[pool] +待审     790字 hbba行标目录义乌江灯光亮化工程一期EPC.md            待审判有效后计数 (现待审 4,974,723)
[pool] +待审     758字 hbba行标目录华南区域某燃机项目.md                 待审判有效后计数 (现待审 4,975,481)
[pool] +待审     762字 hbba行标目录华南区域某燃机项目中标.md               待审判有效后计数 (现待审 4,976,243)
[pool] +待审     762字 hbba行标目录工程咨询设计施工总承包.md               待审判有效后计数 (现待审 4,977,005)
[pool] +待审     750字 hbba行标目录工程总承包.md                     待审判有效后计数 (现待审 4,977,755)
[pool] +待审     752字 hbba行标目录工程管理前沿.md                    待审判有效后计数 (现待审 4,978,507)
[pool] +待审     804字 hbba行标目录江西省赣州经济技术开发区蓝翔康居.md          待审判有效后计数 (现待审 4,979,311)
[pool] +待审     748字 hbba行标目录海诚工程.md                      待审判有效后计数 (现待审 4,980,059)
[pool] +待审     748字 hbba行标目录玉昆项目.md                      待审判有效后计数 (现待审 4,980,807)
[pool] +待审     752字 hbba行标目录玉昆项目中标.md                    待审判有效后计数 (现待审 4,981,559)
[pool] +待审     762字 hbba行标目录轻工工程EPC项目管理.md               待审判有效后计数 (现待审 4,982,321)
[pool] +待审     754字 hbba行标目录轻工工程产业链.md                   待审判有效后计数 (现待审 4,983,075)
[pool] +待审     754字 hbba行标目录轻工工程总承包.md                   待审判有效后计数 (现待审 4,983,829)
[pool] +待审     756字 hbba行标目录轻工工程行业报告.md                  待审判有效后计数 (现待审 4,984,585)
[pool] +待审     756字 hbba行标目录轻工总承包全过程.md                  待审判有效后计数 (现待审 4,985,341)
[pool] +待审     748字 hbba行标目录轻工设计.md                      待审判有效后计数 (现待审 4,986,089)
[pool] +待审     760字 hbba行标目录邯郸某铁路EPC项目.md                待审判有效后计数 (现待审 4,986,849)
[pool] +待审     764字 hbba行标目录邯郸某铁路EPC项目中标.md              待审判有效后计数 (现待审 4,987,613)
[pool] +待审     752字 hbba行标目录锦屏水电工程.md                    待审判有效后计数 (现待审 4,988,365)
[pool] +待审     756字 hbba行标目录锦屏水电工程中标.md                  待审判有效后计数 (现待审 4,989,121)
[pool] +待审     550字 中国海诚互动易问答中国海诚董秘您好公司营收净利连续两.md        待审判有效后计数 (现待审 4,989,671)
[pool] 跳过 (重复): 中国海诚互动易问答请问公司及其相关公司是否有糖相关业务.md
[pool] 跳过 (重复): 中粮科工互动易问答尊敬的董秘您好我是贵公司投资者金.md
[pool] 跳过 (重复): 中钢国际互动易问答尊敬的董秘您好7月30日政治局会议.md
[pool] 跳过 (重复): 奥克股份互动易问答董秘称不涉及超临界二氧化碳那么公司.md
[pool] 跳过 (重复): 广东建工互动易问答三亚崖州湾科技城的25亿项目中标.md
[pool] 跳过 (重复): 广东建工互动易问答贵州省夹岩水利枢纽及黔西北供水工程.md
[pool] 跳过 (重复): 广东建工互动易问答近半个月广东基建市场都呈火热的局面.md
[pool] 跳过 (重复): 建研设计互动易问答请问截至目前公司在手订单金额及同比.md
[pool] 跳过 (重复): 惠通科技互动易问答公司招股文件披露20212022.md
[pool] 跳过 (重复): 永清环保互动易问答请问贵司和其他环保股相比有啥核心的.md
[pool] 跳过 (重复): 立昂技术互动易问答公司在十五五算力网建设过程中公司有.md
[pool] 跳过 (重复): 鲁班奖名单20202021年度第一批中国.md
[pool] 跳过 (重复): 鲁班奖名单全国建筑市场监管公共服务平台.md
[pool] 跳过 (重复): 鲁班奖名单关于20202021年度第一批.md
[pool] +待审   1,013字 metaso_中国海诚在EPC总包业务中如何_scholar.md    待审判有效后计数 (现待审 4,990,684)
[pool] +待审   1,120字 metaso_中国海诚在EPC项目中其核心设_scholar.md    待审判有效后计数 (现待审 4,991,804)
[pool] +待审     727字 metaso_中国海诚在EPC项目中如何通过_scholar.md    待审判有效后计数 (现待审 4,992,531)
[pool] +待审   1,066字 metaso_中国海诚在EPC项目中是否曾因_scholar.md    待审判有效后计数 (现待审 4,993,597)
[pool] +待审     884字 metaso_中国海诚在EPC项目中的供应链_scholar.md    待审判有效后计数 (现待审 4,994,481)
[pool] +待审   1,229字 metaso_中国海诚在EPC项目中的合同风_scholar.md    待审判有效后计数 (现待审 4,995,710)
[pool] +待审     995字 metaso_中国海诚在EPC项目中的设计采_scholar.md    待审判有效后计数 (现待审 4,996,705)
[pool] +待审   1,203字 metaso_中国海诚在EPC项目执行中如何_scholar.md    待审判有效后计数 (现待审 4,997,908)
[pool] +待审   1,124字 metaso_中国海诚在海外EPC项目中如何_scholar.md    待审判有效后计数 (现待审 4,999,032)
[pool] +待审     789字 metaso_中国海诚工程科技股份有限公司在_scholar.md    待审判有效后计数 (现待审 4,999,821)
[pool] +待审     377字 metaso_中国海诚工程科技股份有限公司的_scholar.md    待审判有效后计数 (现待审 5,000,198)
[pool] +待审     688字 metaso_中国海诚的EPC业务是否具备应_scholar.md    待审判有效后计数 (现待审 5,000,886)
[pool] +待审     897字 metaso_中国海诚的EPC业务是否具备跨_scholar.md    待审判有效后计数 (现待审 5,001,783)
[pool] +待审     452字 metaso_中国海诚的EPC业务是否实现了_scholar.md    待审判有效后计数 (现待审 5,002,235)
[pool] +待审     644字 metaso_中国海诚的EPC业务是否形成了_scholar.md    待审判有效后计数 (现待审 5,002,879)
[pool] +待审     701字 metaso_中国海诚的EPC业务是否成功实_scholar.md    待审判有效后计数 (现待审 5,003,580)
[pool] +待审     628字 metaso_中国海诚的EPC业务是否通过供_scholar.md    待审判有效后计数 (现待审 5,004,208)
[pool] +待审   1,018字 metaso_中国海诚的EPC订单获取是否高_scholar.md    待审判有效后计数 (现待审 5,005,226)
[pool] +待审   1,028字 metaso_中国海诚的EPC项目在执行过程_scholar.md    待审判有效后计数 (现待审 5,006,254)
[pool] +待审     622字 metaso_中国海诚的EPC项目履约能力是_scholar.md    待审判有效后计数 (现待审 5,006,876)
[pool] +待审     625字 metaso_中国海诚的EPC项目是否具备应_scholar.md    待审判有效后计数 (现待审 5,007,501)
[pool] +待审     256字 metaso_中国海诚的EPC项目是否通过优_scholar.md    待审判有效后计数 (现待审 5,007,757)
[pool] +待审     898字 metaso_中国海诚的EPC项目是否通过技_scholar.md    待审判有效后计数 (现待审 5,008,655)
[pool] +待审     615字 metaso_中国海诚的EPC项目是否通过标_scholar.md    待审判有效后计数 (现待审 5,009,270)
[pool] +待审     907字 metaso_中国海诚的EPC项目是否采用了_scholar.md    待审判有效后计数 (现待审 5,010,177)
[pool] +待审     379字 metaso_中国海诚的EPC项目资金回笼速_scholar.md    待审判有效后计数 (现待审 5,010,556)
[pool] +待审   1,200字 metaso_作为老牌工程国企中国海诚如何利_scholar.md    待审判有效后计数 (现待审 5,011,756)
[pool] +待审     537字 metaso_在海外EPC项目中中国海诚是否_scholar.md    待审判有效后计数 (现待审 5,012,293)
[pool] +待审     613字 metaso_面对EPC项目中的设计变更与索_scholar.md    待审判有效后计数 (现待审 5,012,906)
[pool] +待审     890字 metaso_面对EPC项目普遍存在的设计变_scholar.md    待审判有效后计数 (现待审 5,013,796)
[pool] +待审   1,134字 metaso_面对国内EPC市场从拼价格向拼_scholar.md    待审判有效后计数 (现待审 5,014,930)
[pool] 跳过 (重复): 商务部2026年18月我国全行业对外直接.md
[pool] 跳过 (重复): 商务部2026年18月我国对共建一带一.md
[pool] 跳过 (重复): 商务部2026年18月我国对外劳务合作业.md
[pool] 跳过 (重复): 商务部2026年18月我国对外承包工程业.md
[pool] 跳过 (重复): 商务部商务部国家统计局和国家外汇局联合发.md
[pool] 跳过 (重复): 住建部2026年世界城市日全球主场活动.md
[pool] 跳过 (重复): 住建部国务院政策例行吹风会切实做好保.md
[pool] 跳过 (重复): 住建部国新办举行开局起步十五五.md
[pool] 跳过 (重复): 发改委政策通知关于重要工业品低价无序竞争成本核.md
[pool] 跳过 (重复): 发改委项目批复关于内蒙古纳林河矿区陶忽图煤矿项.md
[pool] 跳过 (重复): 发改委项目批复关于惠州液化天然气接收站项目核准.md
[pool] 跳过 (重复): 发改委项目批复关于陕西榆横矿区南区海则滩煤矿项.md
[pool] 跳过 (重复): 发改委项目批复关于陕西榆横矿区南区海测滩煤矿项.md
[pool] +待审   6,868字 国家能源局严守建设施工安全强化工程质量管.md              待审判有效后计数 (现待审 5,021,798)
[pool] 跳过 (重复): 国家核安全局大国正确相处的新路就在脚下.md
[pool] +待审     365字 OFAC筛查台账.md                          待审判有效后计数 (现待审 5,022,163)
[pool] +待审     413字 Panjiva提单证据AECOM.md                  待审判有效后计数 (现待审 5,022,576)
[pool] +待审   3,127字 patent国家趣谈泰国是个什么样的国家10个方面了解.md       待审判有效后计数 (现待审 5,025,703)
[pool] 跳过 (重复): patent柏克德中国工程有限公司爱企查.md
[pool] +待审   3,094字 patent重庆市人民政府网.md                    待审判有效后计数 (现待审 5,028,797)
[pool] 跳过 (重复): policydigital的解释和发音欧路词典英汉.md
[pool] 跳过 (重复): policyinfrastructure是什么infr.md
[pool] +待审   1,182字 policyLight英雄联盟WIKIBWIKI哔.md         待审判有效后计数 (现待审 5,029,979)
[pool] +待审   1,029字 policyzwglsmofgovcn.md               待审判有效后计数 (现待审 5,031,008)
[pool] +待审   6,218字 policy上海30处最佳景点中国2026.md             待审判有效后计数 (现待审 5,037,226)
[pool] +待审   2,261字 policy上海市文化和旅游局上海官方中国旅游网站上海.md       待审判有效后计数 (现待审 5,039,487)
[pool] +待审   6,091字 policy中国新闻网梳理天下新闻.md                 待审判有效后计数 (现待审 5,045,578)
[pool] +待审   1,053字 policy中国海诚公司制糖工程业务优势突出行业领先.md        待审判有效后计数 (现待审 5,046,631)
[pool] +待审   4,149字 policy中国网网上中国.md                     待审判有效后计数 (现待审 5,050,780)
[pool] +待审     628字 policy关于我们.md                        待审判有效后计数 (现待审 5,051,408)
[pool] +待审   6,212字 policy农产品生产供应基地项目东区粮库三期项目设.md        待审判有效后计数 (现待审 5,057,620)
[pool] +待审     603字 policy勘察与勘查的区别附对比图表百度文库.md           待审判有效后计数 (现待审 5,058,223)
[pool] +待审   1,421字 policy好去处藏在深圳的丽江小镇龙华观澜古墟一日.md        待审判有效后计数 (现待审 5,059,644)
[pool] +待审   1,836字 policy我国地方政府债券的前世今生.md               待审判有效后计数 (现待审 5,061,480)
[pool] 硬拒 snippet-only (serp_shape): policy数字电子技术基础六下载Digital软.md — 全文腿取回后再入池
[pool] +待审   2,574字 policy新型电网更强更绿更智能国家能源局.md            待审判有效后计数 (现待审 5,064,054)
[pool] +待审   7,503字 policy沙特最新沙特实时滚动快讯聚合所有沙特相关.md        待审判有效后计数 (现待审 5,071,557)
[pool] +待审   3,172字 policy河北邯郸旅游必去十大景点游玩攻略2026年3.md      待审判有效后计数 (现待审 5,074,729)
[pool] 跳过 (重复): policy硬件项目中的turnkey是啥意思实际案.md
[pool] 跳过 (重复): policy硬件项目中的turnkey是啥意思案例应.md
[pool] +待审   3,851字 policy财政部银监会关于印发金融资产管理公司资产处.md       待审判有效后计数 (现待审 5,078,580)
[pool] +待审   6,776字 policy重庆旅游保姆级攻略来了10大必去景点行程路.md       待审判有效后计数 (现待审 5,085,356)
[pool] 跳过 (重复): policy项目管理十大领域五大过程44个定义.md
[pool] 跳过 (重复): policy项目管理对项目进行计划组织协调和控制的活.md
[pool] 跳过 (重复): 国家铁路局国家铁路局关于印发国家铁路局铁.md
[pool] 跳过 (重复): 国家铁路局国家铁路局关于印发铁路交通重大.md
[pool] 跳过 (重复): 市场监管总局市场监管总局发布宿迁市商品混凝土.md
[pool] 跳过 (重复): 国资委央企动态企步新长征猫跳河上的红色传承.md
[pool] +待审   1,451字 中石化招标公告索引.md                         待审判有效后计数 (现待审 5,086,807)
[pool] +待审   2,540字 standardEngineeringCAE.md            待审判有效后计数 (现待审 5,089,347)
[pool] +待审     536字 standardEPC项目全周期管理实务手册百度文库.md        待审判有效后计数 (现待审 5,089,883)
  … 2000 件 (跳 0)
[pool] 跳过 (重复): standardinfrastructure是什么in.md
[pool] +待审   2,573字 standard中国轻工业信息网全国轻工行业门户.md          待审判有效后计数 (现待审 5,092,456)
[pool] +待审   2,971字 standard中国轻工业联合会.md                  待审判有效后计数 (现待审 5,095,427)
[pool] +待审     693字 standard义乌大剧院项目泛光照明工程定标结果公示.md       待审判有效后计数 (现待审 5,096,120)
[pool] +待审   2,644字 standard义乌江灯光亮化工程一期EPC总承包项目.md       待审判有效后计数 (现待审 5,098,764)
[pool] +待审     600字 standard住房城乡建设部关于发布国家标准建设工程项.md      待审判有效后计数 (现待审 5,099,364)
[pool] +待审     487字 standard制盐工程项目规范送审稿审查会.md            待审判有效后计数 (现待审 5,099,851)
[pool] +待审   6,655字 standard数字电子技术基础六下载Digita.md         待审判有效后计数 (现待审 5,106,506)
[pool] 跳过 (重复): standard柏克德工程公司百科.md
[pool] +待审   1,252字 standard江西省人民政府.md                   待审判有效后计数 (现待审 5,107,758)
[pool] +待审   1,308字 standard浙江同济工程管理有限公司关于城区亮化和一.md      待审判有效后计数 (现待审 5,109,066)
[pool] +待审   3,066字 standard轻工业.md                       待审判有效后计数 (现待审 5,112,132)
[pool] +待审   1,197字 standard轻工技术与工程专业知识库中国研究生招生.md       待审判有效后计数 (现待审 5,113,329)
[pool] +待审   5,818字 standard邯郸十大必去景点2025最新攻略一篇.md        待审判有效后计数 (现待审 5,119,147)
[pool] 跳过 (重复): standard项目管理十大领域五大过程44个定义.md
[pool] 跳过 (重复): standard项目管理对项目进行计划组织协调和控制.md
[pool] +待审   1,729字 video153000122.md                    待审判有效后计数 (现待审 5,120,876)
[pool] +待审   2,082字 video18430482952.md                  待审判有效后计数 (现待审 5,122,958)
[pool] +待审   1,175字 video20210430中国海诚股东大会我是唯一一个.md       待审判有效后计数 (现待审 5,124,133)
[pool] +待审   1,077字 video41300519.md                     待审判有效后计数 (现待审 5,125,210)
[pool] +待审     941字 video654910959.md                    待审判有效后计数 (现待审 5,126,151)
[pool] +待审   1,797字 video中国化学工程第四建设有限公司简称四化建公司.md        待审判有效后计数 (现待审 5,127,948)
[pool] +待审   2,127字 video中建四局EPC深度培训视频共4期合集.md           待审判有效后计数 (现待审 5,130,075)
[pool] +待审     937字 video什么是工程总承包.md                     待审判有效后计数 (现待审 5,131,012)
[pool] 跳过 (重复): AI造价与商务11部门联合发文建筑业企业参与六.md
[pool] +待审   3,225字 AI造价与商务9月造价政策中盘盘点计价换版信用.md           待审判有效后计数 (现待审 5,134,237)
[pool] 跳过 (重复): AI造价与商务小栗札记0112很多企业应用AI.md
[pool] 跳过 (重复): AI造价与商务小栗札记0114全球汽车产业格局.md
[pool] +待审     524字 AI造价与商务小栗札记0115特朗普正式宣布将.md           待审判有效后计数 (现待审 5,134,761)
[pool] +待审     619字 AI造价与商务小栗札记0116一边给AI加冕.md            待审判有效后计数 (现待审 5,135,380)
[pool] +待审   5,073字 AI造价与商务房屋养老金计价有了标尺吉林住宅.md            待审判有效后计数 (现待审 5,140,453)
[pool] 跳过 (重复): AI造价与商务海南市政定额换版落地2026版12.md
[pool] 跳过 (重复): IntlEng黄EPC工程风险管理手册EPC破局术06.md
[pool] 跳过 (重复): SEPCOIII微视界国庆献礼沙特卡西姆EPC项目举.md
[pool] 跳过 (重复): SEPCOIII微视界国庆献礼沙特拉比格四期海水淡化.md
[pool] 跳过 (重复): 上海建工总承包部总承包部2026年信息宣传工作系列培.md
[pool] +待审     956字 上海建工设计总院向时代致敬为祖国点赞总院祝您.md            待审判有效后计数 (现待审 5,141,409)
[pool] 跳过 (重复): 中冶南方工程技术有限公司党旗飘扬党徽闪光公司2025年.md
[pool] +待审     512字 中国化学工程四化建四化建大干鏖战正当时献礼国庆展风.md         待审判有效后计数 (现待审 5,141,921)
[pool] 跳过 (重复): 中国建筑单广袖赴新加坡调研中建南洋公司及重点.md
[pool] +待审   2,555字 中建新疆建工建证城长城市新语沣和苑项目三.md              待审判有效后计数 (现待审 5,144,476)
[pool] +待审   3,302字 中建桥梁合规普法系列丨印章管理篇.md                  待审判有效后计数 (现待审 5,147,778)
[pool] +待审   1,304字 中建科工华东大区2026有所为有所AI丨迎新.md            待审判有效后计数 (现待审 5,149,082)
[pool] +待审     969字 中建西南院工程总承包暖心总包四川道孚抽水蓄能电站前.md         待审判有效后计数 (现待审 5,150,051)
[pool] +待审   4,350字 全过程工程咨询项目管理EPC项目各阶段工作内容及文件要求.md      待审判有效后计数 (现待审 5,154,401)
[pool] +待审   7,214字 全过程工程咨询项目管理设计院牵头EPC模式下的项目管理.md       待审判有效后计数 (现待审 5,161,615)
[pool] +待审     832字 刘建宁讲造价关于招标工程量清单缺项是否补充计价的.md          待审判有效后计数 (现待审 5,162,447)
[pool] +待审   1,008字 华中建设工程网11亿中建八局中标河南三门峡大项.md           待审判有效后计数 (现待审 5,163,455)
[pool] +待审   1,411字 华中建设工程网13亿湖南常德市新中标2大民生项.md           待审判有效后计数 (现待审 5,164,866)
[pool] +待审     983字 华中建设工程网21亿河南平顶山市新中标公路大项.md           待审判有效后计数 (现待审 5,165,849)
[pool] +待审   1,048字 华中建设工程网22亿河南三门峡市中标重大基建项.md           待审判有效后计数 (现待审 5,166,897)
[pool] +待审   1,125字 华中建设工程网24亿宝业湖北建工中标武汉市大项.md           待审判有效后计数 (现待审 5,168,022)
[pool] 跳过 (重复): 印尼工程圈印尼数据中心爆发这家中国设计院能帮.md
[pool] 跳过 (重复): 印尼工程圈近三天印尼中标中铝氧化铝补签联通.md
[pool] +待审   2,040字 国建标培建筑工程管理中心4863亿EPC大单落地.md          待审判有效后计数 (现待审 5,170,062)
[pool] +待审   1,714字 国建标培建筑工程管理中心旋挖钻机事故致1人死亡施工监理.md       待审判有效后计数 (现待审 5,171,776)
[pool] 跳过 (重复): 国际工程与劳务杂志巴西新能源EPC项目风险识别与防控.md
[pool] 跳过 (重复): 国际工程与劳务杂志紧密型联营模式下海外EPC项目管理核.md
[pool] 跳过 (重复): 国际工程与境外投资中亚地区的央企足迹.md
[pool] 跳过 (重复): 国际工程与境外投资国际工程东南亚分包价格参考印尼.md
[pool] +待审   2,489字 孟祥和建筑科技与AIAI能帮你做标书吗能但有些边界.md         待审判有效后计数 (现待审 5,174,265)
[pool] 跳过 (重复): 孟祥和建筑科技与AI共创4个多月后我想把这28节56.md
[pool] 跳过 (重复): 孟祥和建筑科技与AI把图纸丢给AI它一口气把2D.md
[pool] +待审   2,854字 安徽建工集团六张网起笔水为脉安徽建工绘就.md              待审判有效后计数 (现待审 5,177,119)
[pool] +待审   2,441字 工程干货知识分享10万亿铜王崩塌雷比恒大还大世界.md          待审判有效后计数 (现待审 5,179,560)
[pool] +待审   1,949字 工程干货知识分享47岁掌舵中建四局这个年轻董事长在.md         待审判有效后计数 (现待审 5,181,509)
[pool] 跳过 (重复): 工程干货知识分享中建集团总经理新身份.md
[pool] +待审   1,299字 工程干货知识分享人社部资格证书不予补贴.md               待审判有效后计数 (现待审 5,182,808)
[pool] +待审   2,299字 工程干货知识分享住建局把路灯杆卖746亿.md              待审判有效后计数 (现待审 5,185,107)
[pool] +待审   2,266字 工程干货知识分享住建部通知2027年1月1日起强制.md         待审判有效后计数 (现待审 5,187,373)
[pool] 跳过 (重复): 工程干货知识分享别人都在砍补贴中铁某局却涨了注安.md
[pool] 跳过 (重复): 工程干货知识分享半年14万中建八局这张工资条撕开.md
[pool] +待审   1,687字 工程干货知识分享建工集团一工地布满摄像头超级密集.md          待审判有效后计数 (现待审 5,189,060)
[pool] +待审   1,981字 工程干货知识分享恭喜23家建筑民企上榜500强.md           待审判有效后计数 (现待审 5,191,041)
[pool] 跳过 (重复): 工程干货知识分享资质要求新规落地人员配备翻倍这本.md
[pool] +待审   1,295字 工程建设之家124亿中建三局强势中标一个EP.md            待审判有效后计数 (现待审 5,192,336)
[pool] +待审   1,447字 工程建设之家138亿中铁建中标一个EPC总承.md            待审判有效后计数 (现待审 5,193,783)
[pool] +待审   1,372字 工程建设之家超17亿中国能建新中标一个EPC大.md           待审判有效后计数 (现待审 5,195,155)
[pool] +待审   1,078字 工程招投标最新动态小张269亿元西藏地区中标一个大项目.md       待审判有效后计数 (现待审 5,196,233)
[pool] +待审   1,184字 工程招投标最新动态小张519亿元山东聊城新中标一个大项.md       待审判有效后计数 (现待审 5,197,417)
[pool] +待审     767字 工程招投标最新动态小张53亿元广东韶关中标一个大单.md         待审判有效后计数 (现待审 5,198,184)
[pool] +待审   3,571字 工程招投标最新动态小张6587亿元青藏铁路格尔木至拉萨.md       待审判有效后计数 (现待审 5,201,755)
[pool] +待审   1,346字 工程招投标最新动态小张超15个亿广西地区新中标大项目.md        待审判有效后计数 (现待审 5,203,101)
[pool] +待审   2,092字 工程职场进阶路1875亿宁夏2GWh储能超级大.md           待审判有效后计数 (现待审 5,205,193)
[pool] +待审   2,233字 工程职场进阶路33亿800MW甘肃三大储能EP.md           待审判有效后计数 (现待审 5,207,426)
[pool] 跳过 (重复): 工程行业大脑1500万悬案揭秘无效合同竟吃定工.md
[pool] 跳过 (重复): 工程行业大脑794亿大单亏300万中国移动限.md
[pool] 跳过 (重复): 工程行业大脑AI研发采购15超支惊悚揭秘工.md
[pool] 跳过 (重复): 工程行业大脑三林楔形绿地65生态用地总包如何.md
[pool] 跳过 (重复): 工程行业大脑中资矿企海外合规风险损失10亿A.md
[pool] 跳过 (重复): 工程行业大脑建工新规下180万赔偿案惊曝造价.md
[pool] 跳过 (重复): 工程行业大脑总包项目计税误区9成风险AI助建筑.md
[pool] 跳过 (重复): 工程行业大脑放下双手才能抬起双眼老张转型失败.md
[pool] +待审     700字 工程行业大脑海外工程纠纷35年拖不起200.md             待审判有效后计数 (现待审 5,208,126)
[pool] +待审   1,442字 工程行业杂谈118亿元中铁一局在甘肃拿下一个.md            待审判有效后计数 (现待审 5,209,568)
[pool] 跳过 (重复): 工程行业洞察工程建设行业最新资讯工业和信息.md
[pool] +待审   7,913字 工程造价管理别再被签证单上的情况属实骗了.md              待审判有效后计数 (现待审 5,217,481)
[pool] +待审   1,032字 工程造价管理政府投资项目审批全流程图解建议收藏.md           待审判有效后计数 (现待审 5,218,513)
[pool] +待审   1,246字 广东省建设工程标准定额站订阅号争议案例分享620施工.md        待审判有效后计数 (现待审 5,219,759)
[pool] +待审     496字 建工招采仲裁法苑建设工程价款优先受偿权的行使要点.md          待审判有效后计数 (现待审 5,220,255)
[pool] +待审     552字 建工招采仲裁法苑最高法工程价款关于垫资款中贷款.md           待审判有效后计数 (现待审 5,220,807)
[pool] +待审   1,536字 建筑业说5标齐发中铁建设中铁建工中铁电.md               待审判有效后计数 (现待审 5,222,343)
[pool] +待审   1,487字 建筑业说中铁二十五局联合体组团拿下198亿.md             待审判有效后计数 (现待审 5,223,830)
[pool] +待审   2,953字 建筑信息汇聚平台入库案例EPC项目谁向施工人付款.md          待审判有效后计数 (现待审 5,226,783)
[pool] +待审   1,258字 建筑信息汇聚平台国有企业招标采购过程中违纪违法的典型.md        待审判有效后计数 (现待审 5,228,041)
[pool] +待审   1,164字 建筑工程分包平台98亿元水电十四局又拟中标一个抽.md          待审判有效后计数 (现待审 5,229,205)
[pool] +待审   1,191字 建筑工程分包平台投资超35亿元上海又一个大项目中标.md         待审判有效后计数 (现待审 5,230,396)
[pool] +待审   1,226字 建筑工程分包平台超30亿元中国能建在西藏拿下一个大.md         待审判有效后计数 (现待审 5,231,622)
[pool] +待审     749字 建筑工程分包平台超4亿元中交建筑在南通市拟中标项目.md         待审判有效后计数 (现待审 5,232,371)
[pool] 跳过 (重复): 建筑工程分包平台超5亿元锦州市一个大项目中标.md
[pool] 跳过 (重复): 建筑工程大全中国电建大爆发强势中标27亿EPC.md
[pool] 跳过 (重复): 建筑工程大全中铁联合体中标10亿EPC大单.md
[pool] +待审   3,330字 建筑工程法律人EPC工程总承包中发包人要求编制.md           待审判有效后计数 (现待审 5,235,701)
[pool] +待审   3,203字 建筑工程资料钻孔灌注桩施工技术交底.md                 待审判有效后计数 (现待审 5,238,904)
[pool] 跳过 (重复): 建筑工程鲁班联盟我在中天工地见识了零渗漏卫生间施工.md
[pool] 跳过 (重复): 建筑技术杂志社BIM三维扫描技术在异型钢结构幕墙.md
[pool] +待审   4,539字 建筑时报国常会推动重大工程项目尽早开工建设.md             待审判有效后计数 (现待审 5,243,443)
[pool] +待审     931字 建筑管理中建布局酒店餐饮行业.md                    待审判有效后计数 (现待审 5,244,374)
[pool] +待审     613字 总包之声770号文后造价人面临的风险几何.md              待审判有效后计数 (现待审 5,244,987)
[pool] +待审     550字 总包之声EPC垫资陷阱3百万起揭秘垫资黑.md              待审判有效后计数 (现待审 5,245,537)
[pool] +待审     628字 总包之声EPC结算惊爆4665亿变65亿.md              待审判有效后计数 (现待审 5,246,165)
[pool] +待审     624字 总包之声一个签证漏签2800万没了这不是.md              待审判有效后计数 (现待审 5,246,789)
[pool] +待审   4,402字 总包之声曼比拉仲裁大胜58亿项目闯18关.md              待审判有效后计数 (现待审 5,251,191)
[pool] 跳过 (重复): 总包说113亿项目中标秘诀AI助力中.md
[pool] 跳过 (重复): 总包说15亿超概危机招标文件深度不足.md
[pool] +待审     650字 总包说18亿质押取水权河南水务融资大逆.md               待审判有效后计数 (现待审 5,251,841)
[pool] 跳过 (重复): 总包说21份合同清单揭秘漏签一份结算少.md
[pool] 跳过 (重复): 总包说2264亿诉讼背后边设计边施工的.md
[pool] 跳过 (重复): 总包说50亿项目背后统筹平台定标准三林.md
[pool] 跳过 (重复): 总包说AI助挽回12亿损失沙特光伏项目.md
[pool] 跳过 (重复): 总包说EPC联营体沙特项目亏损揭秘12.md
[pool] 跳过 (重复): 总包说EPC项目亏1700万总价上限争议.md
[pool] +待审     595字 总包说TOD转型失算百万亏在哪揭秘苏州.md               待审判有效后计数 (现待审 5,252,436)
[pool] 跳过 (重复): 总包说工程人必看AI应用四大误区揭秘实.md
[pool] 跳过 (重复): 总包说巴西EPC合同陷阱重重45利润率.md
[pool] 跳过 (重复): 总包说巴西EPC风险高815中国承包.md
[pool] 跳过 (重复): 总包说政府项目违规举债百万损失如何防.md
[pool] 跳过 (重复): 总包说签证漏签28天决定2800万窝工.md
[pool] 跳过 (重复): 新基建通21亿福建大项目中标了.md
[pool] 跳过 (重复): 新基建通2个标首都地区环线高速公路招标.md
[pool] 跳过 (重复): 新基建通3亿中铁建工在河北中标了.md
[pool] 跳过 (重复): 新基建通4亿中建八局中标了.md
[pool] 跳过 (重复): 新基建通4亿中铁四局在江苏中标了.md
[pool] 跳过 (重复): 新基建通5个标南水北调中线项目中标结果.md
[pool] 跳过 (重复): 新基建通5亿中国能建葛洲坝中标了.md
[pool] 跳过 (重复): 新基建通5亿山东项目招标.md
[pool] 跳过 (重复): 新基建通6亿安徽项目中标了.md
[pool] 跳过 (重复): 新基建通8亿中建在河南中标了.md
[pool] 跳过 (重复): 新基建通9个标青藏铁路项目中标结果.md
[pool] 跳过 (重复): 新基建通9亿中铁十五局中标了.md
[pool] 跳过 (重复): 新基建通合肥绕城高速公路中标结果.md
[pool] 跳过 (重复): 新基建通大连港码头工程中标结果.md
[pool] 跳过 (重复): 新基建通徐州轨道交通4号线中标结果.md
[pool] 跳过 (重复): 新基建通狮子洋通道项目中标结果.md
[pool] 跳过 (重复): 施工企业项目管理城市更新贷款管理办法落地满月九道门.md
[pool] 跳过 (重复): 施工技术国庆好文特辑工程建设行业生成式.md
[pool] 跳过 (重复): 李工工程资料EPC资料责任边界国内模式不能直.md
[pool] +待审     889字 江苏省建筑行业协会建筑与市政工程施工质量控制通用规范.md        待审判有效后计数 (现待审 5,253,325)
[pool] 跳过 (重复): 河南省建筑业协会质量月大讲堂2026质量月.md
[pool] 跳过 (重复): 海外工程洞察海外工程资讯中国电建签约哥伦比亚.md
[pool] +待审     429字 海天工程咨询山河万里海天同声.md                    待审判有效后计数 (现待审 5,253,754)
[pool] 跳过 (重复): 筑匠工程网人物专访章兰三次迭代一链贯.md
[pool] +待审   2,592字 红哥聊设计院传统设计院模式真的要变了以后最值.md            待审判有效后计数 (现待审 5,256,346)
[pool] +待审   2,604字 红哥聊设计院城市更新市政设计院的真金白银在.md             待审判有效后计数 (现待审 5,258,950)
[pool] +待审   2,295字 红哥聊设计院设计院最尴尬的处境工作两三年就被.md            待审判有效后计数 (现待审 5,261,245)
[pool] +待审   2,574字 红哥聊设计院设计院最悲哀的一个现象80后40多.md           待审判有效后计数 (现待审 5,263,819)
[pool] +待审   3,680字 罗克的工程数字化笔记AI落地建筑业为什么说现在是价值.md        待审判有效后计数 (现待审 5,267,499)
[pool] 跳过 (重复): 老万工程咨询工程咨询行业快讯2026928.md
[pool] 跳过 (重复): 老万工程咨询工程咨询行业快讯2026930.md
[pool] +待审     646字 腾达建设党建工作佳节聚首话共建情暖邻里迎中秋文.md           待审判有效后计数 (现待审 5,268,145)
[pool] +待审   5,111字 贵阳工程建筑律师付安会EPC固定价就一分钱调不了遇到招.md       待审判有效后计数 (现待审 5,273,256)
[pool] +待审   6,352字 贵阳工程建筑律师付安会从34大单子34到.md              待审判有效后计数 (现待审 5,279,608)
[pool] +待审   1,287字 路桥工程劳务分包平台148亿元中铁四局拿下两个大单.md         待审判有效后计数 (现待审 5,280,895)
[pool] +待审   1,222字 路桥工程劳务分包平台19亿元济南三个大项目确定中标人.md        待审判有效后计数 (现待审 5,282,117)
[pool] +待审   1,094字 路桥工程劳务分包平台228亿元内蒙古又一个大项目敲定.md        待审判有效后计数 (现待审 5,283,211)
[pool] +待审   1,243字 路桥工程劳务分包平台3个标安徽又一个高速公路改扩建项目.md       待审判有效后计数 (现待审 5,284,454)
[pool] +待审   2,034字 路桥工程劳务分包平台4899亿元湖南一个高速公路大项.md        待审判有效后计数 (现待审 5,286,488)
[pool] +待审   1,172字 路桥工程劳务分包平台559亿元葛洲坝电力公司在丽江市.md        待审判有效后计数 (现待审 5,287,660)
[pool] +待审   1,233字 路桥工程劳务分包平台中交路建中交二航局拟中标公路项目.md        待审判有效后计数 (现待审 5,288,893)
[pool] +待审   1,578字 路桥工程劳务分包平台中国交建又拟中标两个港口项目.md          待审判有效后计数 (现待审 5,290,471)
[pool] +待审   1,313字 路桥工程劳务分包平台西藏3个公路项目中标人确定.md           待审判有效后计数 (现待审 5,291,784)
[pool] +待审   1,229字 路桥工程劳务分包平台超19亿元中国电建在宁夏中宁县拿下.md       待审判有效后计数 (现待审 5,293,013)
[pool] +待审   3,440字 造价AI生成局评标重大失误致导致实际无效合同履约后.md         待审判有效后计数 (现待审 5,296,453)
[pool] 跳过 (重复): 造价争议笔记4665亿中标结算报了65亿.md
[pool] 跳过 (重复): 造价人家园EPC项目亏1700万总价上限争议.md
[pool] +待审     555字 造价人家园箱式支护对比拉森钢板桩费用节省约6.md            待审判有效后计数 (现待审 5,297,008)
[pool] +待审   2,452字 造价工程师大本营一年6903亿砸向水利建筑要被放弃.md         待审判有效后计数 (现待审 5,299,460)
[pool] +待审   2,187字 造价工程师大本营一造保分技巧15条考场别再做无用.md          待审判有效后计数 (现待审 5,301,647)
[pool] +待审   4,203字 造价明法AI走进评标室招投标行业正在迎来.md              待审判有效后计数 (现待审 5,305,850)
[pool] +待审   3,649字 陕西建工装饰集团以坚守献礼以匠心筑梦陕建装饰集.md           待审判有效后计数 (现待审 5,309,499)
[pool] +待审   6,708字 框架v1.md                              待审判有效后计数 (现待审 5,316,207)
[pool] +待审  12,897字 框架v1_生成指令.md                         待审判有效后计数 (现待审 5,329,104)
[pool] +待审   6,708字 框架v2.md                              待审判有效后计数 (现待审 5,335,812)
[pool] 跳过 (重复): 框架v2_生成指令.md
[pool] +待审  66,919字 洞察包.md                               待审判有效后计数 (现待审 5,402,731)
[pool] +待审     423字 EPC工程总承包设计管理优化研究.md                  待审判有效后计数 (现待审 5,403,154)
[pool] +待审     450字 国资改革马前卒国有资产监管机构沿革历程回眸.md             待审判有效后计数 (现待审 5,403,604)
[pool] +待审     546字 工业机器人技术现状与产业化发展分析.md                 待审判有效后计数 (现待审 5,404,150)
[pool] +待审     408字 工程与工程管理再审视工程管理系列谈一.md                待审判有效后计数 (现待审 5,404,558)
[pool] +待审   3,550字 新时代税收征管环境下大企业税收风险管理体系研究.md           待审判有效后计数 (现待审 5,408,108)
[pool] +待审     451字 真诚合作办好三资企业.md                        待审判有效后计数 (现待审 5,408,559)
[pool] 跳过 (重复): 勘察设计协会2025年度南方地区勘察设计同业.md
[pool] 跳过 (重复): 勘察设计协会2026年度全国勘察设计同业协会.md
[pool] 跳过 (重复): 勘察设计协会中国勘察设计协会成立40周年庆祝.md
[pool] 跳过 (重复): 勘察设计协会勘察设计行业高质量发展大会在京召.md
[pool] +待审   7,029字 biddingChina中国网新闻中心传递中国价值.md         待审判有效后计数 (现待审 5,415,588)
[pool] +待审   2,024字 biddingEPCPCECEP分别是什么意思一图.md         待审判有效后计数 (现待审 5,417,612)
[pool] 跳过 (重复): biddingEPCPPPBOTEOD都有啥区别.md
[pool] +待审     468字 biddingEPC项目管理流程及职责说明百度文库.md         待审判有效后计数 (现待审 5,418,080)
[pool] 跳过 (重复): bidding中华网弘扬中华文化共创全球华人精神家园.md
[pool] +待审     848字 bidding中国海诚002116中标上海市徐汇区绿.md        待审判有效后计数 (现待审 5,418,928)
[pool] +待审   2,648字 bidding中国海诚734134个股资讯.md             待审判有效后计数 (现待审 5,421,576)
[pool] +待审   6,698字 bidding中国海诚关联交易解读2026年预计金额同比.md      待审判有效后计数 (现待审 5,428,274)
[pool] +待审   1,571字 bidding中国海诚跌321.md                   待审判有效后计数 (现待审 5,429,845)
[pool] 跳过 (重复): bidding建设工程勘察设计管理条例.md
[pool] 跳过 (重复): bidding硬件项目中的turnkey是啥意思实际.md
[pool] 跳过 (重复): bidding硬件项目中的turnkey是啥意思案例.md
[pool] 跳过 (重复): bidding项目管理十大领域五大过程44个定义.md
[pool] 跳过 (重复): 中国海诚中国海诚2025年半年度报告摘要.md
[pool] 跳过 (重复): 中国海诚中国海诚2026年半年度募集资金存放管理与实际.md
[pool] 跳过 (重复): 中国海诚中国海诚2026年半年度报告摘要.md
[pool] 跳过 (重复): 中国海诚中国海诚中国海诚工程科技股份有限公司年报信息披露.md
[pool] 跳过 (重复): 中国海诚中国海诚关于与上海石库门酿酒有限公司签订工程总承.md
[pool] 跳过 (重复): 中国海诚中国海诚关于参加2026年上海辖区上市公司集体接.md
[pool] 跳过 (重复): 中国海诚中国海诚半年报监事会决议公告.md
[pool] 跳过 (重复): BIM技术在建设工程项目管理中的应用研究免费.md
[pool] 跳过 (重复): EPC工程总承包项目全过程跟踪审计研究免费.md
[pool] 跳过 (重复): EPC建设项目中网格化管理的探讨及应用免费.md
[pool] 跳过 (重复): EPC总承包模式下工程造价的全过程协同管理研究免费.md
[pool] 跳过 (重复): EPC模式下建筑施工项目的全过程管理探讨免费.md
[pool] 跳过 (重复): EPC模式下浙江省海宁屋顶光伏并网项目风险管理研究免费.md
[pool] 跳过 (重复): EPC模式下铁路项目工程合同管理研究免费.md
[pool] 跳过 (重复): EPC联合体工程项目管理痛点剖析及对策免费.md
[pool] 跳过 (重复): 一种烟气脱硫塔内壁的防腐蚀装置免费.md
[pool] 跳过 (重复): 一种立式换热器管束检修用的快速移动装置免费.md
[pool] 跳过 (重复): 一种节能型高效径向甲醇反应器免费.md
[pool] 跳过 (重复): 一种适用于强放热反应的径向轴向复合式反应器免费.md
[pool] 跳过 (重复): 义乌江灯光亮化工程（一期）EPC总承包夜景照明工程赏析免费.md
[pool] 跳过 (重复): 人工智能赋能“工程项目管理”智慧课堂建设教学改革研究免费.md
[pool] 跳过 (重复): 以设计为龙头的海上风电工程总承包项目管理研究免费.md
[pool] 跳过 (重复): 全面质量管理在电力建设EPC项目中的应用及分析免费.md
[pool] 跳过 (重复): 冶金流程工程学理论指导下钢铁智能化探索与实践免费.md
[pool] 跳过 (重复): 国外大型油气建设项目管理模式研究及启示免费.md
[pool] 跳过 (重复): 国投湄洲湾第二发电厂EPC项目管理的创新与探索免费.md
[pool] 跳过 (重复): 基于BIM+GIS的铁路EPC项目施组进度一体化管理方法网络首发免费.md
[pool] 跳过 (重复): 基于EPC总承包模式的住宅建筑工程管理策略探究免费.md
[pool] 跳过 (重复): 基于博弈论组合赋权—模糊综合评价法的铁路EPC项目进度影响因素研究免费.md
[pool] 跳过 (重复): 基于层次分析法的高校新校区项目管理模式优选研究免费.md
[pool] 跳过 (重复): 基于平行分包模式的建筑工程EPC成本评估研究免费.md
[pool] 跳过 (重复): 基于数字化技术的电力工程总承包项目管理研究——以华南区域某燃机项目为例免费.md
[pool] 跳过 (重复): 基于神经网络的水煤浆气化炉炉温预测方法免费.md
[pool] 跳过 (重复): 基于财务共享的资金集中管理创新机制与经济后果研究——以中石化集团为例免费.md
[pool] 跳过 (重复): 大型水电工程建设管理模式创新免费.md
[pool] 跳过 (重复): 大语言模型在土木工程领域中的研究现状、挑战及趋势免费.md
[pool] 跳过 (重复): 安徽 印发住房城乡建设领域“人工智能+”行动方案免费.md
[pool] 跳过 (重复): 工程总承包与全过程工程咨询融合应用的价值、挑战与对策免费.md
[pool] 跳过 (重复): 建设单位EPC项目管理困境及提升路径研究免费.md
[pool] 跳过 (重复): 建设管理平台在城市轨道交通工程建设项目管理中的应用免费.md
[pool] 跳过 (重复): 招标人主体责任强化背景下企业合规管理数字化转型研究免费.md
[pool] 跳过 (重复): 探析水利水电工程项目管理模式免费.md
[pool] 跳过 (重复): 改革破局筑根基 追求卓越提效能——核理化院工程建设项目管理实践与探索免费.md
[pool] 跳过 (重复): 数智化赋能下石油工程建设EPC项目成本控制研究免费.md
[pool] 跳过 (重复): 新型建筑材料应用对工程项目管理与运维成本影响分析免费.md
[pool] 跳过 (重复): 昆明有色冶金设计研究院股份公司 红泥坡EPC项目获业主表扬 彰显总承包管理硬实力免费.md
[pool] 跳过 (重复): 构建EPCO一体化管理体系是建筑企业的终极目标——中国勘察设计企业蜕变为EPC工程总承包商的必然性免费.md
[pool] 跳过 (重复): 核电工程项目管理信息化研究与探索免费.md
[pool] 跳过 (重复): 水利水电工程EPC项目设计管理难点与对策免费.md
[pool] 跳过 (重复): 水利水电工程项目管理存在不足点及改进措施免费.md
[pool] 跳过 (重复): 泰国变电站EPC项目的风险与对策免费.md
[pool] 跳过 (重复): 浅析冶金工程项目质量管理存在的问题及对策免费.md
[pool] 跳过 (重复): 浅谈电力工程EPC总承包设计管理免费.md
[pool] 跳过 (重复): 济南出台新政助力建筑业高质量发展免费.md
[pool] 跳过 (重复): 海外EPC工程总承包项目的组织策划探讨免费.md
[pool] 跳过 (重复): 海外EPC联营项目管理“十大理念”内涵及落地实践免费.md
[pool] 跳过 (重复): 生成式人工智能赋能监管能力提升的内在逻辑及优化路径——基于公共资源交易领域案例的分析免费.md
[pool] 跳过 (重复): 电力工程EPC总承包模式下的财务协同管理策略探讨免费.md
[pool] 跳过 (重复): 省级电子招投标的现状分析与对策研究免费.md
[pool] 跳过 (重复): 石化行业铁路专用线实施EPC项目管理研究免费.md
[pool] 跳过 (重复): 自然语言处理模型与文本图像生成技术驱动下的包装设计免费.md
[pool] 跳过 (重复): 苦练内功 开拓创新免费.md
[pool] 跳过 (重复): 论冶金建设工程总承包中工程公司的费用与进度控制应用免费.md
[pool] 跳过 (重复): 设计主导EPC模式创新路径的深度探索免费.md
[pool] 跳过 (重复): 铁路工程EPC总承包项目业主与总承包商风险治理行为演化博弈研究免费.md
[pool] 跳过 (重复): 面向新工科的工程项目管理智慧课程建设路径研究免费.md
[pool] +待审     761字 深爬aboutsiteshtml.md                  待审判有效后计数 (现待审 5,430,606)
[pool] +待审     636字 深爬contactshtml.md                    待审判有效后计数 (现待审 5,431,242)
[pool] +待审   1,716字 深爬copyrightshtml.md                  待审判有效后计数 (现待审 5,432,958)
[pool] +待审     572字 深爬ct16shtml.md                       待审判有效后计数 (现待审 5,433,530)
[pool] +待审     674字 深爬xlcx.md                            待审判有效后计数 (现待审 5,434,204)
[pool] +待审     607字 深爬xwcx.md                            待审判有效后计数 (现待审 5,434,811)
[pool] +待审   1,677字 深爬首页.md                              待审判有效后计数 (现待审 5,436,488)
[pool] 跳过 (重复): djyanbao研报索引轻工工程行业报告.md
[pool] +待审   1,114字 业绩说明会公告台账中国海诚.md                     待审判有效后计数 (现待审 5,437,602)
[pool] +待审   1,134字 业绩说明会公告台账中国海诚工程科技股份有限公司.md           待审判有效后计数 (现待审 5,438,736)
[pool] +待审   1,310字 业绩说明会问答实录互动易中国海诚.md                  待审判有效后计数 (现待审 5,440,046)
[pool] 跳过 (重复): 生态环境部环评管理北京三线一单激活绿色发展新动.md
[pool] 跳过 (重复): 上海电气大功率重燃出海中国高端装备挺进成熟市场.md
[pool] 跳过 (重复): 交投生态牵头中标一物流园项目设计施工总承包项目金额281.md
[pool] 跳过 (重复): 创新药产业化提速制药装备整线智能化开启国产突围新周期行业.md
[pool] 跳过 (重复): 华康洁净签订5400万元医疗专项专业分包工程合同.md
[pool] 跳过 (重复): 国际市场再获大单中国瑞林签署3378亿元赞比亚新建铜尾矿.md
[pool] 跳过 (重复): 孟加拉国将从最不发达国家毕业投资窗口打开了吗问海.md
[pool] 跳过 (重复): 新华财经晚报2026中国民企500强发布营收超千亿元企业.md
[pool] 跳过 (重复): 春华资本张晶十年陪跑静待芯光成炬.md
[pool] 跳过 (重复): 赛项清单里的产业密码世界技能大赛一线观察.md
[pool] 跳过 (重复): 高毛利业务占比提升致营收下降利润增长中国瑞林上半年新签订单.md
[pool] +待审     760字 hbba行标目录EPC总承包市场分析.md                待审判有效后计数 (现待审 5,440,806)
[pool] +待审     752字 hbba行标目录中国工程咨询.md                    待审判有效后计数 (现待审 5,441,558)
[pool] +待审     754字 hbba行标目录中国海诚EPC.md                   待审判有效后计数 (现待审 5,442,312)
[pool] +待审     758字 hbba行标目录中国海诚EPC案例.md                 待审判有效后计数 (现待审 5,443,070)
[pool] +待审     756字 hbba行标目录中国海诚中标项目.md                  待审判有效后计数 (现待审 5,443,826)
[pool] +待审     752字 hbba行标目录中国海诚工程.md                    待审判有效后计数 (现待审 5,444,578)
[pool] +待审     768字 hbba行标目录中国海诚工程科技股份有限公司.md            待审判有效后计数 (现待审 5,445,346)
[pool] +待审     802字 hbba行标目录中国海诚工程科技股份有限公司在E.md          待审判有效后计数 (现待审 5,446,148)
[pool] +待审     798字 hbba行标目录中国海诚工程科技股份有限公司的E.md          待审判有效后计数 (现待审 5,446,946)
[pool] +待审     756字 hbba行标目录中国海诚经验总结.md                  待审判有效后计数 (现待审 5,447,702)
[pool] +待审     762字 hbba行标目录工程咨询设计施工总承包.md               待审判有效后计数 (现待审 5,448,464)
[pool] +待审     750字 hbba行标目录工程总承包.md                     待审判有效后计数 (现待审 5,449,214)
[pool] +待审     752字 hbba行标目录工程管理前沿.md                    待审判有效后计数 (现待审 5,449,966)
[pool] +待审     748字 hbba行标目录海诚工程.md                      待审判有效后计数 (现待审 5,450,714)
[pool] +待审     762字 hbba行标目录轻工工程EPC项目管理.md               待审判有效后计数 (现待审 5,451,476)
[pool] +待审     754字 hbba行标目录轻工工程产业链.md                   待审判有效后计数 (现待审 5,452,230)
[pool] +待审     754字 hbba行标目录轻工工程总承包.md                   待审判有效后计数 (现待审 5,452,984)
[pool] +待审     756字 hbba行标目录轻工工程行业报告.md                  待审判有效后计数 (现待审 5,453,740)
[pool] +待审     756字 hbba行标目录轻工总承包全过程.md                  待审判有效后计数 (现待审 5,454,496)
[pool] +待审     748字 hbba行标目录轻工设计.md                      待审判有效后计数 (现待审 5,455,244)
[pool] 跳过 (重复): 中国海诚互动易问答请问公司及其相关公司是否有糖相关业务.md
[pool] 跳过 (重复): 中粮科工互动易问答尊敬的董秘您好我是贵公司投资者金.md
[pool] 跳过 (重复): 中钢国际互动易问答尊敬的董秘您好7月30日政治局会议.md
[pool] 跳过 (重复): 奥克股份互动易问答董秘称不涉及超临界二氧化碳那么公司.md
[pool] 跳过 (重复): 广东建工互动易问答三亚崖州湾科技城的25亿项目中标.md
[pool] 跳过 (重复): 广东建工互动易问答贵州省夹岩水利枢纽及黔西北供水工程.md
[pool] 跳过 (重复): 广东建工互动易问答近半个月广东基建市场都呈火热的局面.md
[pool] 跳过 (重复): 建研设计互动易问答请问截至目前公司在手订单金额及同比.md
[pool] 跳过 (重复): 惠通科技互动易问答公司招股文件披露20212022.md
[pool] 跳过 (重复): 永清环保互动易问答请问贵司和其他环保股相比有啥核心的.md
[pool] 跳过 (重复): 立昂技术互动易问答公司在十五五算力网建设过程中公司有.md
[pool] 跳过 (重复): 鲁班奖名单20202021年度第一批中国.md
[pool] 跳过 (重复): 鲁班奖名单全国建筑市场监管公共服务平台.md
[pool] 跳过 (重复): 鲁班奖名单关于20202021年度第一批.md
[pool] +待审   1,126字 metaso_中国海诚在EPC总包业务中如何_scholar.md    待审判有效后计数 (现待审 5,456,370)
[pool] +待审     761字 metaso_中国海诚在EPC项目中其核心设_scholar.md    待审判有效后计数 (现待审 5,457,131)
[pool] +待审     845字 metaso_中国海诚在EPC项目中如何通过_scholar.md    待审判有效后计数 (现待审 5,457,976)
[pool] +待审     835字 metaso_中国海诚在EPC项目中是否曾因_scholar.md    待审判有效后计数 (现待审 5,458,811)
[pool] +待审     803字 metaso_中国海诚在EPC项目中的供应链_scholar.md    待审判有效后计数 (现待审 5,459,614)
[pool] +待审     801字 metaso_中国海诚在EPC项目中的合同风_scholar.md    待审判有效后计数 (现待审 5,460,415)
[pool] +待审   1,363字 metaso_中国海诚在EPC项目中的设计采_scholar.md    待审判有效后计数 (现待审 5,461,778)
[pool] +待审     982字 metaso_中国海诚在EPC项目执行中如何_scholar.md    待审判有效后计数 (现待审 5,462,760)
[pool] +待审     884字 metaso_中国海诚在海外EPC项目中如何_scholar.md    待审判有效后计数 (现待审 5,463,644)
[pool] +待审     604字 metaso_中国海诚工程科技股份有限公司在_scholar.md    待审判有效后计数 (现待审 5,464,248)
[pool] +待审     756字 metaso_中国海诚工程科技股份有限公司的_scholar.md    待审判有效后计数 (现待审 5,465,004)
[pool] +待审     800字 metaso_中国海诚的EPC业务是否具备应_scholar.md    待审判有效后计数 (现待审 5,465,804)
[pool] +待审     580字 metaso_中国海诚的EPC业务是否具备跨_scholar.md    待审判有效后计数 (现待审 5,466,384)
[pool] +待审   1,400字 metaso_中国海诚的EPC业务是否实现了_scholar.md    待审判有效后计数 (现待审 5,467,784)
[pool] +待审     920字 metaso_中国海诚的EPC业务是否形成了_scholar.md    待审判有效后计数 (现待审 5,468,704)
[pool] +待审     609字 metaso_中国海诚的EPC业务是否成功实_scholar.md    待审判有效后计数 (现待审 5,469,313)
[pool] +待审     564字 metaso_中国海诚的EPC业务是否通过供_scholar.md    待审判有效后计数 (现待审 5,469,877)
[pool] +待审     767字 metaso_中国海诚的EPC订单获取是否高_scholar.md    待审判有效后计数 (现待审 5,470,644)
[pool] +待审     963字 metaso_中国海诚的EPC项目在执行过程_scholar.md    待审判有效后计数 (现待审 5,471,607)
[pool] +待审     706字 metaso_中国海诚的EPC项目履约能力是_scholar.md    待审判有效后计数 (现待审 5,472,313)
[pool] +待审     963字 metaso_中国海诚的EPC项目是否具备应_scholar.md    待审判有效后计数 (现待审 5,473,276)
[pool] +待审     524字 metaso_中国海诚的EPC项目是否通过优_scholar.md    待审判有效后计数 (现待审 5,473,800)
[pool] +待审     541字 metaso_中国海诚的EPC项目是否通过技_scholar.md    待审判有效后计数 (现待审 5,474,341)
[pool] +待审     440字 metaso_中国海诚的EPC项目是否通过标_scholar.md    待审判有效后计数 (现待审 5,474,781)
[pool] +待审     861字 metaso_中国海诚的EPC项目是否采用了_scholar.md    待审判有效后计数 (现待审 5,475,642)
[pool] +待审     568字 metaso_中国海诚的EPC项目资金回笼速_scholar.md    待审判有效后计数 (现待审 5,476,210)
[pool] +待审   1,351字 metaso_作为老牌工程国企中国海诚如何利_scholar.md    待审判有效后计数 (现待审 5,477,561)
[pool] +待审     857字 metaso_在海外EPC项目中中国海诚是否_scholar.md    待审判有效后计数 (现待审 5,478,418)
[pool] +待审     818字 metaso_面对EPC项目中的设计变更与索_scholar.md    待审判有效后计数 (现待审 5,479,236)
[pool] +待审     832字 metaso_面对EPC项目普遍存在的设计变_scholar.md    待审判有效后计数 (现待审 5,480,068)
[pool] +待审     561字 metaso_面对国内EPC市场从拼价格向拼_scholar.md    待审判有效后计数 (现待审 5,480,629)
[pool] 跳过 (重复): 住建部2026年世界城市日全球主场活动.md
[pool] 跳过 (重复): 住建部国务院政策例行吹风会切实做好保.md
[pool] 跳过 (重复): 住建部国新办举行开局起步十五五.md
[pool] 跳过 (重复): 发改委项目批复关于内蒙古纳林河矿区陶忽图煤矿项.md
[pool] 跳过 (重复): 发改委项目批复关于惠州液化天然气接收站项目核准.md
[pool] 跳过 (重复): 发改委项目批复关于陕西榆横矿区南区海则滩煤矿项.md
[pool] 跳过 (重复): 发改委项目批复关于陕西榆横矿区南区海测滩煤矿项.md
[pool] 跳过 (重复): 国家能源局严守建设施工安全强化工程质量管.md
[pool] 跳过 (重复): 国家核安全局大国正确相处的新路就在脚下.md
[pool] 跳过 (重复): OFAC筛查台账.md
[pool] +待审     413字 Panjiva提单证据AECOM.md                  待审判有效后计数 (现待审 5,481,042)
[pool] +待审   2,287字 policyCAE中国工程院.md                    待审判有效后计数 (现待审 5,483,329)
[pool] 跳过 (重复): policydigital的解释和发音欧路词典英汉.md
[pool] +待审   7,142字 policyinfrastructure是什么infr.md       待审判有效后计数 (现待审 5,490,471)
[pool] 跳过 (重复): policyLight英雄联盟WIKIBWIKI哔.md
[pool] 跳过 (重复): policy中国新闻网梳理天下新闻.md
[pool] +待审   4,946字 policy中国日报网传播中国影响世界.md               待审判有效后计数 (现待审 5,495,417)
[pool] +待审   4,164字 policy中国网网上中国.md                     待审判有效后计数 (现待审 5,499,581)
[pool] 跳过 (重复): policy硬件项目中的turnkey是啥意思实际案.md
[pool] 跳过 (重复): policy硬件项目中的turnkey是啥意思案例应.md
[pool] 跳过 (重复): policy项目管理十大领域五大过程44个定义.md
[pool] 跳过 (重复): 国家铁路局国家铁路局关于印发铁路交通重大.md
[pool] 跳过 (重复): 市场监管总局市场监管总局发布宿迁市商品混凝土.md
[pool] 跳过 (重复): 国资委央企动态企步新长征猫跳河上的红色传承.md
[pool] 跳过 (重复): 中石化招标公告索引.md
[pool] 硬拒 snippet-only (serp_shape): standardDigital电路仿真软件的安装digi.md — 全文腿取回后再入池
[pool] 跳过 (重复): standardEPC项目全周期管理实务手册百度文库.md
[pool] +待审   7,027字 standardinfrastructure是什么in.md       待审判有效后计数 (现待审 5,506,608)
[pool] +待审   5,125字 standardwin10系统属性面板的几种打开方法.md        待审判有效后计数 (现待审 5,511,733)
[pool] 跳过 (重复): standard住房城乡建设部关于发布国家标准建设工程项.md
[pool] +待审     620字 standard住房城乡建设部关于发布国家标准建设项目工.md      待审判有效后计数 (现待审 5,512,353)
[pool] +待审     460字 standard关于召开国家标准轻工领域工程建设标准体系.md      待审判有效后计数 (现待审 5,512,813)
[pool] +待审     484字 standard关于召开工程建设强制性国家规范轻工工程.md       待审判有效后计数 (现待审 5,513,297)
[pool] +待审     487字 standard制盐工程项目规范送审稿审查会.md            待审判有效后计数 (现待审 5,513,784)
[pool] 跳过 (重复): standard勘察与勘查的区别附对比图表百度文库.md
[pool] +待审   4,906字 standard项目管理十大领域五大过程44个定义.md         待审判有效后计数 (现待审 5,518,690)
[pool] +待审   1,863字 video19810010225.md                  待审判有效后计数 (现待审 5,520,553)
[pool] +待审   1,659字 video26480092406.md                  待审判有效后计数 (现待审 5,522,212)
[pool] +待审   1,666字 video301第三章1什么是总承包专业分包劳务分.md         待审判有效后计数 (现待审 5,523,878)
[pool] +待审     953字 video423801420.md                    待审判有效后计数 (现待审 5,524,831)
[pool] +待审   1,613字 video51543040909.md                  待审判有效后计数 (现待审 5,526,444)
[pool] +待审   1,560字 video63380053300.md                  待审判有效后计数 (现待审 5,528,004)
[pool] +待审   1,325字 video9510413.md                      待审判有效后计数 (现待审 5,529,329)
[pool] +待审   1,653字 video中国工商业储能从入门到精通0116.md            待审判有效后计数 (现待审 5,530,982)
[pool] +待审   1,342字 video为什么新加坡能在全球海工EPC领域占据重要位置.md      待审判有效后计数 (现待审 5,532,324)
[pool] +待审     952字 video光伏行业必须知道的EPC三大风险.md             待审判有效后计数 (现待审 5,533,276)
[pool] +待审   1,459字 video法律公开课工程总承包法律服务全流程实务完整.md        待审判有效后计数 (现待审 5,534,735)
[pool] +待审   1,888字 video第08讲工程总承包专业分包与劳务分包合同管理.md       待审判有效后计数 (现待审 5,536,623)
[pool] 跳过 (重复): AI造价与商务11部门联合发文建筑业企业参与六.md
[pool] 跳过 (重复): AI造价与商务9月造价政策中盘盘点计价换版信用.md
[pool] 跳过 (重复): AI造价与商务小栗札记0112很多企业应用AI.md
[pool] 跳过 (重复): AI造价与商务小栗札记0114全球汽车产业格局.md
[pool] 跳过 (重复): AI造价与商务小栗札记0115特朗普正式宣布将.md
[pool] 跳过 (重复): AI造价与商务小栗札记0116一边给AI加冕.md
[pool] 跳过 (重复): AI造价与商务房屋养老金计价有了标尺吉林住宅.md
[pool] 跳过 (重复): IntlEng黄EPC工程风险管理手册EPC破局术06.md
[pool] 跳过 (重复): SEPCOIII微视界国庆献礼沙特卡西姆EPC项目举.md
[pool] 跳过 (重复): SEPCOIII微视界国庆献礼沙特拉比格四期海水淡化.md
[pool] 跳过 (重复): 上海建工总承包部总承包部2026年信息宣传工作系列培.md
[pool] 跳过 (重复): 上海建工设计总院向时代致敬为祖国点赞总院祝您.md
[pool] 跳过 (重复): 中冶南方工程技术有限公司党旗飘扬党徽闪光公司2025年.md
[pool] 跳过 (重复): 中国化学工程四化建四化建大干鏖战正当时献礼国庆展风.md
[pool] 跳过 (重复): 中国建筑单广袖赴新加坡调研中建南洋公司及重点.md
[pool] 跳过 (重复): 中建新疆建工建证城长城市新语沣和苑项目三.md
[pool] 跳过 (重复): 中建桥梁合规普法系列丨印章管理篇.md
[pool] 跳过 (重复): 中建科工华东大区2026有所为有所AI丨迎新.md
[pool] 跳过 (重复): 中建西南院工程总承包暖心总包四川道孚抽水蓄能电站前.md
[pool] 跳过 (重复): 刘建宁讲造价关于招标工程量清单缺项是否补充计价的.md
[pool] 跳过 (重复): 印尼工程圈印尼数据中心爆发这家中国设计院能帮.md
[pool] 跳过 (重复): 印尼工程圈近三天印尼中标中铝氧化铝补签联通.md
[pool] 跳过 (重复): 国际工程与劳务杂志巴西新能源EPC项目风险识别与防控.md
[pool] 跳过 (重复): 国际工程与境外投资中亚地区的央企足迹.md
[pool] 跳过 (重复): 国际工程与境外投资国际工程东南亚分包价格参考印尼.md
[pool] 跳过 (重复): 孟祥和建筑科技与AIAI能帮你做标书吗能但有些边界.md
[pool] 跳过 (重复): 孟祥和建筑科技与AI共创4个多月后我想把这28节56.md
[pool] 跳过 (重复): 孟祥和建筑科技与AI把图纸丢给AI它一口气把2D.md
[pool] 跳过 (重复): 工程行业大脑1500万悬案揭秘无效合同竟吃定工.md
[pool] 跳过 (重复): 工程行业大脑794亿大单亏300万中国移动限.md
[pool] 跳过 (重复): 工程行业大脑AI研发采购15超支惊悚揭秘工.md
[pool] 跳过 (重复): 工程行业大脑三林楔形绿地65生态用地总包如何.md
[pool] 跳过 (重复): 工程行业大脑中资矿企海外合规风险损失10亿A.md
[pool] 跳过 (重复): 工程行业大脑建工新规下180万赔偿案惊曝造价.md
[pool] 跳过 (重复): 工程行业大脑总包项目计税误区9成风险AI助建筑.md
[pool] 跳过 (重复): 工程行业大脑放下双手才能抬起双眼老张转型失败.md
[pool] 跳过 (重复): 工程行业杂谈118亿元中铁一局在甘肃拿下一个.md
[pool] 跳过 (重复): 工程行业洞察工程建设行业最新资讯工业和信息.md
[pool] 跳过 (重复): 广东省建设工程标准定额站订阅号争议案例分享620施工.md
[pool] 跳过 (重复): 建工招采仲裁法苑建设工程价款优先受偿权的行使要点.md
[pool] 跳过 (重复): 建工招采仲裁法苑最高法工程价款关于垫资款中贷款.md
[pool] 跳过 (重复): 建筑业说5标齐发中铁建设中铁建工中铁电.md
[pool] 跳过 (重复): 建筑业说中铁二十五局联合体组团拿下198亿.md
[pool] 跳过 (重复): 建筑信息汇聚平台入库案例EPC项目谁向施工人付款.md
[pool] 跳过 (重复): 建筑信息汇聚平台国有企业招标采购过程中违纪违法的典型.md
[pool] 跳过 (重复): 建筑工程大全中国电建大爆发强势中标27亿EPC.md
[pool] 跳过 (重复): 建筑工程大全中铁联合体中标10亿EPC大单.md
[pool] 跳过 (重复): 建筑工程资料钻孔灌注桩施工技术交底.md
[pool] 跳过 (重复): 建筑工程鲁班联盟我在中天工地见识了零渗漏卫生间施工.md
[pool] 跳过 (重复): 建筑技术杂志社BIM三维扫描技术在异型钢结构幕墙.md
[pool] 跳过 (重复): 建筑时报国常会推动重大工程项目尽早开工建设.md
[pool] 跳过 (重复): 总包说113亿项目中标秘诀AI助力中.md
[pool] 跳过 (重复): 总包说15亿超概危机招标文件深度不足.md
[pool] 跳过 (重复): 总包说18亿质押取水权河南水务融资大逆.md
[pool] 跳过 (重复): 总包说21份合同清单揭秘漏签一份结算少.md
[pool] 跳过 (重复): 总包说2264亿诉讼背后边设计边施工的.md
[pool] 跳过 (重复): 总包说50亿项目背后统筹平台定标准三林.md
[pool] 跳过 (重复): 总包说AI助挽回12亿损失沙特光伏项目.md
[pool] 跳过 (重复): 总包说EPC联营体沙特项目亏损揭秘12.md
[pool] 跳过 (重复): 总包说EPC项目亏1700万总价上限争议.md
[pool] 跳过 (重复): 总包说TOD转型失算百万亏在哪揭秘苏州.md
[pool] 跳过 (重复): 总包说工程人必看AI应用四大误区揭秘实.md
[pool] 跳过 (重复): 总包说巴西EPC合同陷阱重重45利润率.md
[pool] 跳过 (重复): 总包说巴西EPC风险高815中国承包.md
[pool] 跳过 (重复): 总包说政府项目违规举债百万损失如何防.md
[pool] 跳过 (重复): 总包说签证漏签28天决定2800万窝工.md
[pool] +待审     898字 新基建通19亿中铁二十五局联合体囊获大单.md              待审判有效后计数 (现待审 5,537,521)
[pool] 跳过 (重复): 新基建通21亿福建大项目中标了.md
[pool] +待审   1,127字 新基建通29亿中国铁建联合体喜提大单.md                待审判有效后计数 (现待审 5,538,648)
[pool] 跳过 (重复): 新基建通2个标首都地区环线高速公路招标.md
[pool] +待审   1,652字 新基建通30亿西藏大项目中标结果.md                  待审判有效后计数 (现待审 5,540,300)
[pool] 跳过 (重复): 新基建通3亿中铁建工在河北中标了.md
[pool] +待审   3,374字 新基建通4个标海南公路项目中标结果.md                 待审判有效后计数 (现待审 5,543,674)
[pool] 跳过 (重复): 新基建通4亿中建八局中标了.md
[pool] 跳过 (重复): 新基建通4亿中铁四局在江苏中标了.md
[pool] 跳过 (重复): 新基建通5亿中国能建葛洲坝中标了.md
[pool] 跳过 (重复): 新基建通5亿山东项目招标.md
[pool] +待审   1,050字 新基建通8亿北大生物城项目中标了.md                  待审判有效后计数 (现待审 5,544,724)
[pool] 跳过 (重复): 新基建通9个标青藏铁路项目中标结果.md
[pool] 跳过 (重复): 新基建通合肥绕城高速公路中标结果.md
[pool] +待审   1,427字 新基建通四川铁路项目中标了.md                     待审判有效后计数 (现待审 5,546,151)
  … 2500 件 (跳 0)
[pool] 跳过 (重复): 新基建通大连港码头工程中标结果.md
[pool] +待审   1,658字 新基建通岷江老木孔航电枢纽工程中标结果.md               待审判有效后计数 (现待审 5,547,809)
[pool] 跳过 (重复): 新基建通徐州轨道交通4号线中标结果.md
[pool] +待审   1,259字 新基建通新疆大项目招标.md                       待审判有效后计数 (现待审 5,549,068)
[pool] 跳过 (重复): 新基建通狮子洋通道项目中标结果.md
[pool] 跳过 (重复): 施工企业项目管理城市更新贷款管理办法落地满月九道门.md
[pool] +待审   4,302字 施工企业项目管理总包观察131亿188公里惠.md            待审判有效后计数 (现待审 5,553,370)
[pool] 跳过 (重复): 施工技术国庆好文特辑工程建设行业生成式.md
[pool] 跳过 (重复): 河南省建筑业协会质量月大讲堂2026质量月.md
[pool] 跳过 (重复): 海外工程洞察海外工程资讯中国电建签约哥伦比亚.md
[pool] 跳过 (重复): 海天工程咨询山河万里海天同声.md
[pool] 跳过 (重复): 筑匠工程网人物专访章兰三次迭代一链贯.md
[pool] +待审   2,180字 红哥聊设计院为什么设计院的项目负责人越来越累了.md           待审判有效后计数 (现待审 5,555,550)
[pool] 跳过 (重复): 红哥聊设计院传统设计院模式真的要变了以后最值.md
[pool] 跳过 (重复): 红哥聊设计院城市更新市政设计院的真金白银在.md
[pool] +待审   2,403字 红哥聊设计院水利设计院最缺的不是会画图的人而.md            待审判有效后计数 (现待审 5,557,953)
[pool] +待审   2,646字 红哥聊设计院设计院改制后职称晋升到底还有多大意.md           待审判有效后计数 (现待审 5,560,599)
[pool] 跳过 (重复): 红哥聊设计院设计院最尴尬的处境工作两三年就被.md
[pool] 跳过 (重复): 红哥聊设计院设计院最悲哀的一个现象80后40多.md
[pool] 跳过 (重复): 罗克的工程数字化笔记AI落地建筑业为什么说现在是价值.md
[pool] 跳过 (重复): 老万工程咨询工程咨询行业快讯2026930.md
[pool] 跳过 (重复): 造价争议笔记4665亿中标结算报了65亿.md
[pool] 跳过 (重复): 造价人家园EPC项目亏1700万总价上限争议.md
[pool] 跳过 (重复): 造价人家园箱式支护对比拉森钢板桩费用节省约6.md
[pool] 跳过 (重复): 造价工程师大本营一年6903亿砸向水利建筑要被放弃.md
[pool] 跳过 (重复): 造价工程师大本营一造保分技巧15条考场别再做无用.md
[pool] 跳过 (重复): 造价明法AI走进评标室招投标行业正在迎来.md
[pool] 跳过 (重复): 陕西建工装饰集团以坚守献礼以匠心筑梦陕建装饰集.md
[pool] +待审   1,494字 第1章_绪论 研究缘起、方法与价值_v2.md              待审判有效后计数 (现待审 5,562,093)
[pool] +待审   2,039字 第2章_中国海诚工程科技 企业画像与基本盘_v2.md          待审判有效后计数 (现待审 5,564,132)
[pool] +待审   6,873字 第3章_中国海诚工程科技的发展沿革与战略演进_v2.md         待审判有效后计数 (现待审 5,571,005)
[pool] +待审   5,319字 第4章_中国海诚工程科技的经营策略与市场打法_v2.md         待审判有效后计数 (现待审 5,576,324)
[pool] +待审   4,900字 第5章_市场全景 规模、中标与竞争格局_v2.md            待审判有效后计数 (现待审 5,581,224)
[pool] 跳过 (重复): background.js.LICENSE.txt
[pool] 跳过 (重复): content.js.LICENSE.txt
[pool] 跳过 (重复): main.js.LICENSE.txt
[pool] 跳过 (重复): options.js.LICENSE.txt
[pool] 跳过 (重复): params.js.LICENSE.txt
[pool] 跳过 (重复): workflow.js.LICENSE.txt
[pool] +待审   1,646字 研究报告需求.txt                           待审判有效后计数 (现待审 5,582,870)
[pool] +待审   1,625字 研究报告需求.txt                           待审判有效后计数 (现待审 5,584,495)
[pool] +待审   1,763字 研究报告需求.txt                           待审判有效后计数 (现待审 5,586,258)
[pool] +待审   1,994字 中国建科_国创中心第一届技术委员会第二次会议暨2026年度工作会议在京举 待审判有效后计数 (现待审 5,588,252)
[pool] +待审   2,203字 启迪设计集团_CECS标准《既有建筑加固改造抗震性能化设计标准》顺利通过 待审判有效后计数 (现待审 5,590,455)
[pool] +待审   3,411字 启迪设计集团_转载 _ 第29届高层建筑结构学术交流会三号通知-6197 待审判有效后计数 (现待审 5,593,866)
[pool] +待审   2,265字 城市建筑空间_【UAS】2026年服贸会模块化建造技术论坛在京召开-5d 待审判有效后计数 (现待审 5,596,131)
[pool] +待审   1,710字 城市建筑空间_【召开在即】9月11日北京：2026服贸会·模块化建造技术 待审判有效后计数 (现待审 5,597,841)
[pool] +待审   3,332字 工程法规_住房城乡建设部关于印发部科学技术委员会组成人员名单的通知-f5 待审判有效后计数 (现待审 5,601,173)
[pool] +待审   2,273字 建筑时报_2026年服贸会模块化建造技术论坛召开！-e74658cc.m 待审判有效后计数 (现待审 5,603,446)
[pool] +待审   1,948字 建设信息传媒_住建部：两项国家标准、四项工程建设强制性国家规范公开征求意 待审判有效后计数 (现待审 5,605,394)
[pool] +待审   2,701字 新基建产业研究_国内数据中心EPC领域首套“管理+计价”双团体标准正式印 待审判有效后计数 (现待审 5,608,095)
[pool] +待审     855字 新基建产业研究_政策速递｜住房城乡建设部发布国家标准《数据中心设计标准（ 待审判有效后计数 (现待审 5,608,950)
[pool] +待审   2,434字 施工技术_2026年服贸会模块化建造技术论坛在京召开-20d81e62. 待审判有效后计数 (现待审 5,611,384)
[pool] +待审   2,368字 高登在线课堂_工业建筑火遍全行业，为什么你却总做不起来？30家头部企业的 待审判有效后计数 (现待审 5,613,752)
[pool] +待审   2,352字 高登项目管理_工业建筑火遍全行业，为什么你却总做不起来？30家头部企业的 待审判有效后计数 (现待审 5,616,104)
[pool] +待审   2,352字 高登项目管理_工业建筑火遍全行业，为什么你却总做不起来？30家头部企业的 待审判有效后计数 (现待审 5,618,456)
[pool] +待审     722字 Developmentstatusandliterat.md       待审判有效后计数 (现待审 5,619,178)
[pool] +待审     894字 Discussiononthegeologicale.md        待审判有效后计数 (现待审 5,620,072)
[pool] 跳过 (重复): Grossecosystemproductconcep.md
[pool] +待审   9,448字 MetabolicManagementCenterA.md        待审判有效后计数 (现待审 5,629,520)
[pool] +待审   1,488字 RedListofChinasVertebrate.md         待审判有效后计数 (现待审 5,631,008)
[pool] +待审   1,179字 ThreatenedSpeciesListofChi.md        待审判有效后计数 (现待审 5,632,187)
[pool] +待审     728字 XJTUSYRollingElementBearin.md        待审判有效后计数 (现待审 5,632,915)
[pool] 跳过 (重复): 中华传统宗教信仰在东南亚的蜕变新加坡的道教和佛教研究.md
[pool] +待审     453字 人工智能技术在电器控制中的应用.md                   待审判有效后计数 (现待审 5,633,368)
[pool] 跳过 (重复): 医学研究生导学关系研究的演进争议与未来展望兼论.md
[pool] 跳过 (重复): 回归与思考基于CiteSpace的知识图谱中华民族共同.md
[pool] +待审     600字 奥陶志留纪之交黔中古陆的变迁证据与启示.md               待审判有效后计数 (现待审 5,633,968)
[pool] 跳过 (重复): 意识形态诗学与文学翻译选择规范20世纪5080.md
[pool] 跳过 (重复): 我国乡村振兴研究的热点与趋势展望基于CNKI201.md
[pool] +待审     458字 电力工程中110kV输电线路设计与优化路径研究.md           待审判有效后计数 (现待审 5,634,426)
[pool] 跳过 (重复): 翻译意识形态与话语中国18951911年文学翻译.md
[pool] +待审     772字 近20年来中国大陆农田表土有机碳含量的变化趋势.md           待审判有效后计数 (现待审 5,635,198)
[pool] +待审     561字 追踪边缘海的生命史南海深部计划的科学目标.md              待审判有效后计数 (现待审 5,635,759)
[pool] 跳过 (重复): 勘察设计协会2025年度南方地区勘察设计同业.md
[pool] 跳过 (重复): 勘察设计协会2026年度全国勘察设计同业协会.md
[pool] 跳过 (重复): 勘察设计协会中国勘察设计协会成立40周年庆祝.md
[pool] 跳过 (重复): 勘察设计协会勘察设计行业高质量发展大会在京召.md
[pool] +待审   2,715字 biddingCEI中国行业发展报告.md                待审判有效后计数 (现待审 5,638,474)
[pool] 跳过 (重复): biddingCSCEC中建科工集团有限公司.md
[pool] +待审   6,399字 biddingEPCDBEPCMPMC四种典型总承包.md        待审判有效后计数 (现待审 5,644,873)
[pool] 跳过 (重复): biddingEPCPCECEP分别是什么意思一图.md
[pool] +待审   7,834字 biddingEPCPPPBOTEOD都有啥区别.md          待审判有效后计数 (现待审 5,652,707)
[pool] +待审   4,175字 biddingSanya三亚市人民政府网.md              待审判有效后计数 (现待审 5,656,882)
[pool] +待审   1,237字 bidding中国电子工程设计院股份有限公司.md            待审判有效后计数 (现待审 5,658,119)
[pool] +待审   6,042字 bidding中国电子工程设计院股份有限公司企业信息.md        待审判有效后计数 (现待审 5,664,161)
[pool] +待审     618字 bidding中标结果公示乌鲁木齐市公共资源交易网.md         待审判有效后计数 (现待审 5,664,779)
[pool] +待审     706字 bidding中煤21000MW燃煤发电项目初步设计预中.md      待审判有效后计数 (现待审 5,665,485)
[pool] +待审   1,247字 bidding什么是供应链一文讲清企业必须掌握的底层逻辑.md      待审判有效后计数 (现待审 5,666,732)
[pool] +待审     491字 bidding区改造安居小区蓝翔康居棚户区改造小区.md         待审判有效后计数 (现待审 5,667,223)
[pool] +待审   5,594字 bidding国家能源集团.md                     待审判有效后计数 (现待审 5,672,817)
[pool] 跳过 (重复): bidding国投湄洲湾第二发电厂21000MW机组工程.md
[pool] +待审   2,028字 bidding国投湄洲湾第二发电厂21000MW机组工程E.md     待审判有效后计数 (现待审 5,674,845)
[pool] +待审     571字 bidding头条永福股份中标425亿.md               待审判有效后计数 (现待审 5,675,416)
[pool] +待审   2,697字 bidding宜兴市人民政府评标结果公示.md              待审判有效后计数 (现待审 5,678,113)
[pool] +待审   4,186字 bidding宜昌公共资源交易电子服务系统.md             待审判有效后计数 (现待审 5,682,299)
[pool] +待审   4,516字 bidding广东省建设工程勘察设计管理条例广东省人民政.md      待审判有效后计数 (现待审 5,686,815)
[pool] 跳过 (重复): bidding建设工程勘察设计管理条例.md
[pool] +待审   2,350字 bidding快递100查快递寄快递管快递上快递1.md         待审判有效后计数 (现待审 5,689,165)
[pool] +待审   5,146字 bidding施工日志自动生成软件房建工程类软件.md          待审判有效后计数 (现待审 5,694,311)
[pool] +待审   2,467字 bidding昆玉市寰宇储能中标.md                  待审判有效后计数 (现待审 5,696,778)
[pool] +待审   3,511字 bidding有限责任公司石头梅煤矿铁路专用线工程工.md        待审判有效后计数 (现待审 5,700,289)
[pool] +待审     501字 bidding永福股份中标425亿元变电工程EPC总承.md       待审判有效后计数 (现待审 5,700,790)
[pool] +待审   2,284字 bidding永福股份关于收到重大EPC工程总承包.md         待审判有效后计数 (现待审 5,703,074)
[pool] +待审   1,805字 bidding永福股份签订变电站项目总承包合同合同总金额.md      待审判有效后计数 (现待审 5,704,879)
[pool] +待审   2,464字 bidding江苏省公共资源交易网.md                 待审判有效后计数 (现待审 5,707,343)
[pool] +待审   5,455字 bidding江西省公共资源交易平台经济技术开发区江.md        待审判有效后计数 (现待审 5,712,798)
[pool] +待审   1,833字 bidding物流网物流在线.md                    待审判有效后计数 (现待审 5,714,631)
[pool] +待审   6,898字 bidding电力北极星电力网电力门户网站.md             待审判有效后计数 (现待审 5,721,529)
[pool] +待审   4,668字 bidding电力投资资讯网首页.md                  待审判有效后计数 (现待审 5,726,197)
[pool] +待审   2,863字 bidding电力科技网.md                      待审判有效后计数 (现待审 5,729,060)
[pool] +待审   6,526字 bidding电力网电力网.md                     待审判有效后计数 (现待审 5,735,586)
[pool] +待审   3,141字 bidding福州市长乐区人民政府.md                 待审判有效后计数 (现待审 5,738,727)
[pool] +待审   5,138字 bidding秀峰街道高冲路以南农民安置房建设项目工.md        待审判有效后计数 (现待审 5,743,865)
[pool] 跳过 (重复): bidding能源央视网cctvcom.md
[pool] +待审   3,428字 bidding赣州市政府信息公开.md                  待审判有效后计数 (现待审 5,747,293)
[pool] +待审   3,352字 bidding赣州经济技术开发区溪水棚户区改造安居小.md        待审判有效后计数 (现待审 5,750,645)
[pool] +待审   1,770字 bidding赣州经济技术开发区金星新城棚户区改造安.md        待审判有效后计数 (现待审 5,752,415)
[pool] +待审     447字 bidding赣州经济技术开发区龙岭棚户区改造安.md          待审判有效后计数 (现待审 5,752,862)
[pool] 跳过 (重复): bidding通信世界网首页.md
[pool] 跳过 (重复): bidding项目管理十大领域五大过程44个定义.md
[pool] 跳过 (重复): 上海电力上海电力关于同上海化学工业区管理委员会共同推进漕.md
[pool] +待审   3,489字 国投中鲁国投中鲁中国电子工程设计院股份有限公司审计报告及.md      待审判有效后计数 (现待审 5,756,351)
[pool] +待审   3,700字 国投中鲁国投中鲁中国电子工程设计院股份有限公司最近两年及.md      待审判有效后计数 (现待审 5,760,051)
[pool] +待审   8,419字 国投中鲁国投中鲁国投中鲁拟发行股份收购股权涉及的中国电子.md      待审判有效后计数 (现待审 5,768,470)
[pool] +待审   7,978字 国投中鲁国投中鲁国投中鲁果汁股份有限公司拟发行股份收购股.md      待审判有效后计数 (现待审 5,776,448)
[pool] 跳过 (重复): 金杯汽车ST金杯同上海汽车变速器有限公司和沈阳华晨金.md
[pool] 跳过 (重复): BIM技术在建设工程项目管理中的应用研究免费.md
[pool] 跳过 (重复): EPC工程总承包项目全过程跟踪审计研究免费.md
[pool] 跳过 (重复): EPC建设项目中网格化管理的探讨及应用免费.md
[pool] 跳过 (重复): EPC总承包模式下工程造价的全过程协同管理研究免费.md
[pool] 跳过 (重复): EPC模式下建筑施工项目的全过程管理探讨免费.md
[pool] 跳过 (重复): EPC模式下浙江省海宁屋顶光伏并网项目风险管理研究免费.md
[pool] 跳过 (重复): EPC模式下铁路项目工程合同管理研究免费.md
[pool] 跳过 (重复): EPC联合体工程项目管理痛点剖析及对策免费.md
[pool] 跳过 (重复): 一种烟气脱硫塔内壁的防腐蚀装置免费.md
[pool] 跳过 (重复): 一种立式换热器管束检修用的快速移动装置免费.md
[pool] 跳过 (重复): 一种节能型高效径向甲醇反应器免费.md
[pool] 跳过 (重复): 一种适用于强放热反应的径向轴向复合式反应器免费.md
[pool] 跳过 (重复): 义乌江灯光亮化工程（一期）EPC总承包夜景照明工程赏析免费.md
[pool] 跳过 (重复): 人工智能赋能“工程项目管理”智慧课堂建设教学改革研究免费.md
[pool] 跳过 (重复): 以设计为龙头的海上风电工程总承包项目管理研究免费.md
[pool] 跳过 (重复): 全面质量管理在电力建设EPC项目中的应用及分析免费.md
[pool] 跳过 (重复): 冶金流程工程学理论指导下钢铁智能化探索与实践免费.md
[pool] 跳过 (重复): 国外大型油气建设项目管理模式研究及启示免费.md
[pool] 跳过 (重复): 国投湄洲湾第二发电厂EPC项目管理的创新与探索免费.md
[pool] 跳过 (重复): 基于BIM+GIS的铁路EPC项目施组进度一体化管理方法网络首发免费.md
[pool] 跳过 (重复): 基于EPC总承包模式的住宅建筑工程管理策略探究免费.md
[pool] 跳过 (重复): 基于博弈论组合赋权—模糊综合评价法的铁路EPC项目进度影响因素研究免费.md
[pool] 跳过 (重复): 基于层次分析法的高校新校区项目管理模式优选研究免费.md
[pool] 跳过 (重复): 基于平行分包模式的建筑工程EPC成本评估研究免费.md
[pool] 跳过 (重复): 基于数字化技术的电力工程总承包项目管理研究——以华南区域某燃机项目为例免费.md
[pool] 跳过 (重复): 基于神经网络的水煤浆气化炉炉温预测方法免费.md
[pool] 跳过 (重复): 基于财务共享的资金集中管理创新机制与经济后果研究——以中石化集团为例免费.md
[pool] 跳过 (重复): 大型水电工程建设管理模式创新免费.md
[pool] 跳过 (重复): 大语言模型在土木工程领域中的研究现状、挑战及趋势免费.md
[pool] 跳过 (重复): 安徽 印发住房城乡建设领域“人工智能+”行动方案免费.md
[pool] 跳过 (重复): 工程总承包与全过程工程咨询融合应用的价值、挑战与对策免费.md
[pool] 跳过 (重复): 建设单位EPC项目管理困境及提升路径研究免费.md
[pool] 跳过 (重复): 建设管理平台在城市轨道交通工程建设项目管理中的应用免费.md
[pool] 跳过 (重复): 招标人主体责任强化背景下企业合规管理数字化转型研究免费.md
[pool] 跳过 (重复): 探析水利水电工程项目管理模式免费.md
[pool] 跳过 (重复): 改革破局筑根基 追求卓越提效能——核理化院工程建设项目管理实践与探索免费.md
[pool] 跳过 (重复): 数智化赋能下石油工程建设EPC项目成本控制研究免费.md
[pool] 跳过 (重复): 新型建筑材料应用对工程项目管理与运维成本影响分析免费.md
[pool] 跳过 (重复): 昆明有色冶金设计研究院股份公司 红泥坡EPC项目获业主表扬 彰显总承包管理硬实力免费.md
[pool] 跳过 (重复): 构建EPCO一体化管理体系是建筑企业的终极目标——中国勘察设计企业蜕变为EPC工程总承包商的必然性免费.md
[pool] 跳过 (重复): 核电工程项目管理信息化研究与探索免费.md
[pool] 跳过 (重复): 水利水电工程EPC项目设计管理难点与对策免费.md
[pool] 跳过 (重复): 水利水电工程项目管理存在不足点及改进措施免费.md
[pool] 跳过 (重复): 浅析冶金工程项目质量管理存在的问题及对策免费.md
[pool] 跳过 (重复): 浅谈电力工程EPC总承包设计管理免费.md
[pool] 跳过 (重复): 济南出台新政助力建筑业高质量发展免费.md
[pool] 跳过 (重复): 海外EPC工程总承包项目的组织策划探讨免费.md
[pool] 跳过 (重复): 海外EPC联营项目管理“十大理念”内涵及落地实践免费.md
[pool] 跳过 (重复): 生成式人工智能赋能监管能力提升的内在逻辑及优化路径——基于公共资源交易领域案例的分析免费.md
[pool] 跳过 (重复): 电力工程EPC总承包模式下的财务协同管理策略探讨免费.md
[pool] 跳过 (重复): 省级电子招投标的现状分析与对策研究免费.md
[pool] 跳过 (重复): 石化行业铁路专用线实施EPC项目管理研究免费.md
[pool] 跳过 (重复): 自然语言处理模型与文本图像生成技术驱动下的包装设计免费.md
[pool] 跳过 (重复): 苦练内功 开拓创新免费.md
[pool] 跳过 (重复): 论冶金建设工程总承包中工程公司的费用与进度控制应用免费.md
[pool] 跳过 (重复): 设计主导EPC模式创新路径的深度探索免费.md
[pool] 跳过 (重复): 铁路工程EPC总承包项目业主与总承包商风险治理行为演化博弈研究免费.md
[pool] 跳过 (重复): 面向新工科的工程项目管理智慧课程建设路径研究免费.md
[pool] +待审   1,638字 company中国电子工程设计院股份有限公司.md            待审判有效后计数 (现待审 5,778,086)
[pool] +待审   5,704字 company中国电子工程设计院股份有限公司企查查.md         待审判有效后计数 (现待审 5,783,790)
[pool] +待审   5,595字 company中国电子工程设计院股份有限公司电子工程信.md       待审判有效后计数 (现待审 5,789,385)
[pool] 硬拒 snippet-only (serp_shape): company企业工商信息查询API零基础接入参数示例.md — 全文腿取回后再入池
[pool] +待审     965字 company企业工商信息查询支持信用代码在线查工.md         待审判有效后计数 (现待审 5,790,350)
[pool] 跳过 (重复): company关于我们.md
[pool] +待审   3,725字 company北京同上科技有限公司同上科技信息查询官.md        待审判有效后计数 (现待审 5,794,075)
[pool] 硬拒 snippet-only (serp_shape): company如何快速查企业工商信息5步教程工具.md — 全文腿取回后再入池
[pool] +待审   3,954字 company杭州同上科技有限公司同上科技企业工商信息.md       待审判有效后计数 (现待审 5,798,029)
[pool] +待审   1,613字 深爬A890102index1htm.md                待审判有效后计数 (现待审 5,799,642)
[pool] +待审   1,061字 深爬A890202index1htm.md                待审判有效后计数 (现待审 5,800,703)
[pool] +待审  12,030字 深爬A890203index1htm.md                待审判有效后计数 (现待审 5,812,733)
[pool] +待审   1,303字 深爬A890204index1htm.md                待审判有效后计数 (现待审 5,814,036)
[pool] +待审   1,760字 深爬A890205index1htm.md                待审判有效后计数 (现待审 5,815,796)
[pool] +待审     979字 深爬A890206index1htm.md                待审判有效后计数 (现待审 5,816,775)
[pool] +待审   1,584字 深爬首页.md                              待审判有效后计数 (现待审 5,818,359)
[pool] +待审     292字 djyanbao研报索引电子工程设计行业报告.md            待审判有效后计数 (现待审 5,818,651)
[pool] 跳过 (重复): 生态环境部环评管理北京三线一单激活绿色发展新动.md
[pool] +待审     240字 60亿跨界并购问询回复出炉国投中鲁果汁芯片双主业整合.md        待审判有效后计数 (现待审 5,818,891)
[pool] +待审     156字 9月22日晚间上市公司利好消息一览附名单.md              待审判有效后计数 (现待审 5,819,047)
[pool] 跳过 (重复): 中国通号中标墨西哥AIFAPachuca铁路弱电总承包项目.md
[pool] 跳过 (重复): 中闽能源关于子公司签订EPC总承包合同的公告.md
[pool] 跳过 (重复): 中闽能源子公司签订4165亿元EPC总承包合同.md
[pool] 跳过 (重复): 中闽能源控股子公司签订4165亿元EPC总承包合同.md
[pool] +待审     239字 华康洁净签订5400万元医疗专项专业分包工程合同.md          待审判有效后计数 (现待审 5,819,286)
[pool] +待审     212字 华康洁净联合体中标106亿元工程总承包项目.md             待审判有效后计数 (现待审 5,819,498)
[pool] +待审     184字 卡塔尔BHEPIC项目在山东青岛开工建造合同总金额约40.md      待审判有效后计数 (现待审 5,819,682)
[pool] +待审     227字 安徽建工关于项目中标的公告.md                     待审判有效后计数 (现待审 5,819,909)
[pool] +待审     195字 江西省智惠低空科技有限公司成立.md                   待审判有效后计数 (现待审 5,820,104)
[pool] +待审     211字 江西省金融控股集团原董事长齐伟被提起公诉.md              待审判有效后计数 (现待审 5,820,315)
[pool] +待审     223字 江西省金融控股集团有限公司原董事长齐伟被公诉.md            待审判有效后计数 (现待审 5,820,538)
[pool] 跳过 (重复): 江西省金融控股集团有限公司原董事长齐伟被提起公诉.md
[pool] +待审     221字 江西省金融控股集团有限公司董事长齐伟被公诉.md             待审判有效后计数 (现待审 5,820,759)
[pool] +待审     179字 海油工程中标卡塔尔MMEPIC2项目.md                待审判有效后计数 (现待审 5,820,938)
[pool] +待审     160字 瓮安项目被拖欠服务费事宜进展扎布耶二期有无违约赔偿东华科.md      待审判有效后计数 (现待审 5,821,098)
[pool] +待审     195字 金螳螂中标合计约343亿元工程项目.md                 待审判有效后计数 (现待审 5,821,293)
[pool] +待审     269字 高毛利业务占比提升致营收下降利润增长中国瑞林上半年新签订单.md     待审判有效后计数 (现待审 5,821,562)
[pool] +待审     752字 hbba行标目录EPC总承包.md                    待审判有效后计数 (现待审 5,822,314)
[pool] +待审     760字 hbba行标目录EPC总承包市场分析.md                待审判有效后计数 (现待审 5,823,074)
[pool] +待审     750字 hbba行标目录EPC纵横.md                     待审判有效后计数 (现待审 5,823,824)
[pool] +待审     764字 hbba行标目录两河口水电站移民代建工程.md              待审判有效后计数 (现待审 5,824,588)
[pool] +待审     768字 hbba行标目录两河口水电站移民代建工程中标.md            待审判有效后计数 (现待审 5,825,356)
[pool] +待审     758字 hbba行标目录中国电子工程设计院.md                 待审判有效后计数 (现待审 5,826,114)
[pool] +待审     790字 hbba行标目录中国电子工程设计院EPC总承包业.md          待审判有效后计数 (现待审 5,826,904)
[pool] +待审     766字 hbba行标目录中国电子工程设计院中标项目.md             待审判有效后计数 (现待审 5,827,670)
[pool] +待审     784字 hbba行标目录中国电子工程设计院如何开展EPC.md          待审判有效后计数 (现待审 5,828,454)
[pool] +待审     766字 hbba行标目录中国电子工程设计院案例经验.md             待审判有效后计数 (现待审 5,829,220)
[pool] +待审     782字 hbba行标目录中国电子工程设计院股份有限公司.md           待审判有效后计数 (现待审 5,830,002)
[pool] +待审     758字 hbba行标目录华南区域某燃机项目.md                 待审判有效后计数 (现待审 5,830,760)
[pool] +待审     762字 hbba行标目录华南区域某燃机项目中标.md               待审判有效后计数 (现待审 5,831,522)
[pool] +待审     750字 hbba行标目录同cnki.md                     待审判有效后计数 (现待审 5,832,272)
[pool] +待审     784字 hbba行标目录国投湄洲湾第二发电厂21000.md           待审判有效后计数 (现待审 5,833,056)
[pool] +待审     748字 hbba行标目录工程建设.md                      待审判有效后计数 (现待审 5,833,804)
[pool] +待审     804字 hbba行标目录江西省赣州经济技术开发区蓝翔康居.md          待审判有效后计数 (现待审 5,834,608)
[pool] +待审     750字 hbba行标目录湄洲湾项目.md                     待审判有效后计数 (现待审 5,835,358)
[pool] +待审     754字 hbba行标目录湄洲湾项目中标.md                   待审判有效后计数 (现待审 5,836,112)
[pool] +待审     748字 hbba行标目录玉昆项目.md                      待审判有效后计数 (现待审 5,836,860)
[pool] +待审     752字 hbba行标目录玉昆项目中标.md                    待审判有效后计数 (现待审 5,837,612)
[pool] +待审     766字 hbba行标目录电子工程设计EPC项目管理.md             待审判有效后计数 (现待审 5,838,378)
[pool] +待审     758字 hbba行标目录电子工程设计产业链.md                 待审判有效后计数 (现待审 5,839,136)
[pool] +待审     760字 hbba行标目录电子工程设计工程建设.md                待审判有效后计数 (现待审 5,839,896)
[pool] +待审     764字 hbba行标目录电子工程设计总承包全过程.md              待审判有效后计数 (现待审 5,840,660)
[pool] +待审     760字 hbba行标目录电子工程设计行业报告.md                待审判有效后计数 (现待审 5,841,420)
[pool] +待审     760字 hbba行标目录电子工程设计领域媒体.md                待审判有效后计数 (现待审 5,842,180)
[pool] +待审     748字 hbba行标目录行业项目.md                      待审判有效后计数 (现待审 5,842,928)
[pool] +待审     752字 hbba行标目录锦屏水电工程.md                    待审判有效后计数 (现待审 5,843,680)
[pool] +待审     756字 hbba行标目录锦屏水电工程中标.md                  待审判有效后计数 (现待审 5,844,436)
[pool] +待审     752字 hbba行标目录项目管理案例.md                    待审判有效后计数 (现待审 5,845,188)
[pool] +待审     356字 中控技术中标大唐国投超超临界火电项目及华润重能塔式熔盐光热.md     待审判有效后计数 (现待审 5,845,544)
[pool] 跳过 (重复): 新春走基层雅砻江两河口水电站春节不停工1345名建设者酣.md
[pool] 跳过 (重复): 中国海诚互动易问答请问公司及其相关公司是否有糖相关业务.md
[pool] 跳过 (重复): 中粮科工互动易问答尊敬的董秘您好我是贵公司投资者金.md
[pool] 跳过 (重复): 中钢国际互动易问答尊敬的董秘您好7月30日政治局会议.md
[pool] 跳过 (重复): 奥克股份互动易问答董秘称不涉及超临界二氧化碳那么公司.md
[pool] 跳过 (重复): 广东建工互动易问答三亚崖州湾科技城的25亿项目中标.md
[pool] 跳过 (重复): 广东建工互动易问答贵州省夹岩水利枢纽及黔西北供水工程.md
[pool] 跳过 (重复): 广东建工互动易问答近半个月广东基建市场都呈火热的局面.md
[pool] 跳过 (重复): 建研设计互动易问答请问截至目前公司在手订单金额及同比.md
[pool] 跳过 (重复): 惠通科技互动易问答公司招股文件披露20212022.md
[pool] 跳过 (重复): 永清环保互动易问答请问贵司和其他环保股相比有啥核心的.md
[pool] 跳过 (重复): 立昂技术互动易问答公司在十五五算力网建设过程中公司有.md
[pool] 跳过 (重复): 鲁班奖名单20202021年度第一批中国.md
[pool] 跳过 (重复): 鲁班奖名单全国建筑市场监管公共服务平台.md
[pool] 跳过 (重复): 鲁班奖名单关于20202021年度第一批.md
[pool] +待审     426字 metaso_中国电子工程设计院EPC总承包_scholar.md    待审判有效后计数 (现待审 5,845,970)
[pool] +待审     453字 metaso_中国电子工程设计院如何开展EP_scholar.md    待审判有效后计数 (现待审 5,846,423)
[pool] +待审     595字 metaso_中国电子工程设计院股份有限公司_scholar.md    待审判有效后计数 (现待审 5,847,018)
[pool] +待审     702字 metaso_在EPC总承包业务中中国电子工_scholar.md    待审判有效后计数 (现待审 5,847,720)
[pool] +待审   1,103字 metaso_在EPC总承包项目中中国电子工_scholar.md    待审判有效后计数 (现待审 5,848,823)
[pool] 跳过 (重复): 商务部2026年18月我国全行业对外直接.md
[pool] 跳过 (重复): 商务部2026年18月我国对共建一带一.md
[pool] 跳过 (重复): 商务部2026年18月我国对外劳务合作业.md
[pool] 跳过 (重复): 商务部2026年18月我国对外承包工程业.md
[pool] 跳过 (重复): 商务部商务部国家统计局和国家外汇局联合发.md
[pool] 跳过 (重复): 住建部2026年世界城市日全球主场活动.md
[pool] 跳过 (重复): 住建部国务院政策例行吹风会切实做好保.md
[pool] 跳过 (重复): 住建部国新办举行开局起步十五五.md
[pool] 跳过 (重复): 发改委政策通知关于重要工业品低价无序竞争成本核.md
[pool] 跳过 (重复): 发改委项目批复关于内蒙古纳林河矿区陶忽图煤矿项.md
[pool] 跳过 (重复): 发改委项目批复关于惠州液化天然气接收站项目核准.md
[pool] 跳过 (重复): 发改委项目批复关于陕西榆横矿区南区海则滩煤矿项.md
[pool] 跳过 (重复): 发改委项目批复关于陕西榆横矿区南区海测滩煤矿项.md
[pool] 跳过 (重复): 国家能源局完善防灾应急体系提升抢险处置能.md
[pool] 跳过 (重复): 国家核安全局大国正确相处的新路就在脚下.md
[pool] +待审     367字 OFAC筛查台账.md                          待审判有效后计数 (现待审 5,849,190)
[pool] +待审     413字 Panjiva提单证据AECOM.md                  待审判有效后计数 (现待审 5,849,603)
[pool] +待审     324字 patentCN102930753B.md                待审判有效后计数 (现待审 5,849,927)
[pool] +待审     449字 patentCN103001233A.md                待审判有效后计数 (现待审 5,850,376)
[pool] +待审     438字 patentCN103957182B.md                待审判有效后计数 (现待审 5,850,814)
[pool] +待审     442字 patentCN104008430B.md                待审判有效后计数 (现待审 5,851,256)
[pool] +待审     399字 patentCN106012697B.md                待审判有效后计数 (现待审 5,851,655)
[pool] +待审     425字 patentCN106056247B.md                待审判有效后计数 (现待审 5,852,080)
[pool] +待审     387字 patentCN106850254B.md                待审判有效后计数 (现待审 5,852,467)
[pool] +待审     441字 patentCN107120721B.md                待审判有效后计数 (现待审 5,852,908)
[pool] +待审     455字 patentCN107769972B.md                待审判有效后计数 (现待审 5,853,363)
[pool] +待审     310字 patentCN107832931B.md                待审判有效后计数 (现待审 5,853,673)
[pool] +待审     440字 patentCN108375713B.md                待审判有效后计数 (现待审 5,854,113)
[pool] +待审     412字 patentCN109444566B.md                待审判有效后计数 (现待审 5,854,525)
[pool] +待审     265字 patentCN110248963B.md                待审判有效后计数 (现待审 5,854,790)
[pool] +待审     233字 patentCN110418847B.md                待审判有效后计数 (现待审 5,855,023)
[pool] +待审     391字 patentCN110554177B.md                待审判有效后计数 (现待审 5,855,414)
[pool] +待审     438字 patentCN110670000B.md                待审判有效后计数 (现待审 5,855,852)
[pool] +待审     381字 patentCN110943857B.md                待审判有效后计数 (现待审 5,856,233)
[pool] +待审     425字 patentCN110995475B.md                待审判有效后计数 (现待审 5,856,658)
[pool] +待审     336字 patentCN111010294B.md                待审判有效后计数 (现待审 5,856,994)
[pool] +待审     469字 patentCN111027264B.md                待审判有效后计数 (现待审 5,857,463)
[pool] +待审     393字 patentCN111200531B.md                待审判有效后计数 (现待审 5,857,856)
[pool] +待审     464字 patentCN111473662B.md                待审判有效后计数 (现待审 5,858,320)
[pool] +待审     443字 patentCN111521840B.md                待审判有效后计数 (现待审 5,858,763)
[pool] +待审     395字 patentCN111523235A.md                待审判有效后计数 (现待审 5,859,158)
[pool] +待审     340字 patentCN111572526B.md                待审判有效后计数 (现待审 5,859,498)
[pool] +待审     337字 patentCN111601824B.md                待审判有效后计数 (现待审 5,859,835)
[pool] +待审     445字 patentCN111611755A.md                待审判有效后计数 (现待审 5,860,280)
[pool] +待审     435字 patentCN111639237B.md                待审判有效后计数 (现待审 5,860,715)
[pool] +待审     467字 patentCN111711973B.md                待审判有效后计数 (现待审 5,861,182)
[pool] +待审     426字 patentCN111882111B.md                待审判有效后计数 (现待审 5,861,608)
[pool] +待审     418字 patentCN112062210B.md                待审判有效后计数 (现待审 5,862,026)
[pool] +待审     383字 patentCN112580831B.md                待审判有效后计数 (现待审 5,862,409)
[pool] +待审     431字 patentCN112584892B.md                待审判有效后计数 (现待审 5,862,840)
[pool] +待审     408字 patentCN113064021A.md                待审判有效后计数 (现待审 5,863,248)
[pool] +待审     205字 patentCN113186203B.md                待审判有效后计数 (现待审 5,863,453)
[pool] +待审     458字 patentCN113962659B.md                待审判有效后计数 (现待审 5,863,911)
[pool] +待审     375字 patentCN114020903A.md                待审判有效后计数 (现待审 5,864,286)
[pool] +待审     446字 patentCN114095579B.md                待审判有效后计数 (现待审 5,864,732)
[pool] +待审     466字 patentCN114123166B.md                待审判有效后计数 (现待审 5,865,198)
[pool] +待审     413字 patentCN114217524B.md                待审判有效后计数 (现待审 5,865,611)
[pool] +待审     370字 patentCN114598586B.md                待审判有效后计数 (现待审 5,865,981)
[pool] +待审     399字 patentCN114615180B.md                待审判有效后计数 (现待审 5,866,380)
[pool] +待审     383字 patentCN114926254B.md                待审判有效后计数 (现待审 5,866,763)
[pool] +待审     450字 patentCN114970315B.md                待审判有效后计数 (现待审 5,867,213)
[pool] +待审     458字 patentCN114978908B.md                待审判有效后计数 (现待审 5,867,671)
[pool] +待审     420字 patentCN115328663B.md                待审判有效后计数 (现待审 5,868,091)
[pool] +待审     456字 patentCN115695281B.md                待审判有效后计数 (现待审 5,868,547)
[pool] +待审     463字 patentCN116630122B.md                待审判有效后计数 (现待审 5,869,010)
[pool] +待审     454字 patentCN116826970A.md                待审判有效后计数 (现待审 5,869,464)
[pool] +待审     430字 patentCN116863097B.md                待审判有效后计数 (现待审 5,869,894)
[pool] +待审     467字 patentCN117236199B.md                待审判有效后计数 (现待审 5,870,361)
[pool] +待审     467字 patentCN117236673B.md                待审判有效后计数 (现待审 5,870,828)
[pool] +待审     434字 patentCN120354762B.md                待审判有效后计数 (现待审 5,871,262)
[pool] +待审     433字 patentCN120579369A.md                待审判有效后计数 (现待审 5,871,695)
[pool] +待审     441字 patentCN120764677A.md                待审判有效后计数 (现待审 5,872,136)
[pool] +待审     434字 patentCN121049959A.md                待审判有效后计数 (现待审 5,872,570)
[pool] +待审     420字 patentCN201956908U.md                待审判有效后计数 (现待审 5,872,990)
[pool] +待审     443字 patentCN210171966U.md                待审判有效后计数 (现待审 5,873,433)
[pool] +待审     394字 patentCN212056761U.md                待审判有效后计数 (现待审 5,873,827)
[pool] +待审     319字 patentTW202143136A.md                待审判有效后计数 (现待审 5,874,146)
[pool] +待审     400字 patentTWI725073B.md                  待审判有效后计数 (现待审 5,874,546)
[pool] +待审     353字 patentWO2025082263A1.md              待审判有效后计数 (现待审 5,874,899)
[pool] 跳过 (重复): patent国民经济行业分类国家统计局.md
[pool] 硬拒 snippet-only (serp_shape): patent技术MBA智库百科.md — 全文腿取回后再入池
[pool] 跳过 (重复): patent捷可勃斯夹头制造苏州有限公司.md
[pool] 跳过 (重复): 山西宁盛工程建设有限公司排污许可证91141129724.md
[pool] 跳过 (重复): 巴楚县鹿达通工程建设有限公司排污许可证91653130M.md
[pool] 跳过 (重复): 广西中天工程建设集团有限公司柳城县六塘镇污水处理厂排污.md
[pool] 跳过 (重复): 敦煌市鸿睿路桥工程建设有限公司排污许可证91620982.md
[pool] 跳过 (重复): 武穴市诚信路桥工程建设有限责任公司排污许可证914211.md
[pool] 跳过 (重复): 汉中汉东工程建设有限公司排污许可证91610727MA6.md
[pool] +待审     224字 江阴市交通工程建设有限公司排污许可证9132028171.md      待审判有效后计数 (现待审 5,875,123)
[pool] 跳过 (重复): 湖南省富厚交通工程建设有限公司双峰分公司排污许可证914.md
[pool] 跳过 (重复): 荣成好当家工程建设有限公司排污许可证91371082MA.md
[pool] 跳过 (重复): 陕西环境工程建设子长水处理有限公司排污许可证9161.md
[pool] +待审   2,551字 policy2025EPC工程总承包是什么施工总承包ep.md      待审判有效后计数 (现待审 5,877,674)
[pool] +待审   2,080字 policyCSCEC中国建筑上海设计研究院有限公司.md        待审判有效后计数 (现待审 5,879,754)
[pool] +待审   1,801字 policyCSCEC中国建筑第八工程局有限公司.md          待审判有效后计数 (现待审 5,881,555)
[pool] 跳过 (重复): policydigital的解释和发音欧路词典英汉.md
[pool] +待审     539字 policyElecIQ电力经济观察全国电价能源项目与.md       待审判有效后计数 (现待审 5,882,094)
[pool] 跳过 (重复): policyEPCDBEPCMPMC四种典型总承包管.md
[pool] +待审   2,579字 policyEPC工程总承包中哪些项目能分包.md            待审判有效后计数 (现待审 5,884,673)
[pool] +待审   4,025字 policyEPC模式在政府投资项目建设实践中存在的突出问.md     待审判有效后计数 (现待审 5,888,698)
[pool] +待审   2,465字 policyEPC项目总包将走向何方.md                待审判有效后计数 (现待审 5,891,163)
[pool] 跳过 (重复): policyinfrastructure是什么infr.md
[pool] +待审   7,693字 policy中华人民共和国对外贸易法.md                待审判有效后计数 (现待审 5,898,856)
[pool] +待审   1,359字 policy中国环境保护产业协会网站.md                待审判有效后计数 (现待审 5,900,215)
[pool] +待审   1,847字 policy中国电子工程设计院学会资源中国城市规划网.md        待审判有效后计数 (现待审 5,902,062)
[pool] +待审   1,371字 policy中国百科网.md                       待审判有效后计数 (现待审 5,903,433)
[pool] +待审   4,605字 policy什么是技术学校里没有教你的答案.md             待审判有效后计数 (现待审 5,908,038)
[pool] +待审   1,573字 policy住建部EPC总承包项目承发包管理办法法行宝.md       待审判有效后计数 (现待审 5,909,611)
[pool] +待审   1,799字 policy住建部关于EPC项目总承包建设管理费.md          待审判有效后计数 (现待审 5,911,410)
[pool] +待审   7,621字 policy住房和城乡建设部国家发展改革委关于印发房屋建筑.md     待审判有效后计数 (现待审 5,919,031)
[pool] 跳过 (重复): policy住房城乡建设部关于进一步推进工程总承包发展的若.md
[pool] +待审   2,013字 policy修缮监理服务项目病房提升改造设计施工总.md         待审判有效后计数 (现待审 5,921,044)
[pool] +待审   1,443字 policy关于EPC总承包施工项目中设备采购是否需要按照.md     待审判有效后计数 (现待审 5,922,487)
[pool] 跳过 (重复): policy关于印发新型能源体系建设十五五规划的通.md
[pool] +待审   1,388字 policy关于电力设计企业承揽EPC总承包项目涉及承装.md      待审判有效后计数 (现待审 5,923,875)
[pool] 跳过 (重复): policy勘察与勘查的区别附对比图表百度文库.md
[pool] 跳过 (重复): policy北京上海深圳广州AECOM毕业生到.md
[pool] +待审   2,428字 policy北京大学能源研究院.md                   待审判有效后计数 (现待审 5,926,303)
[pool] 跳过 (重复): policy团队MBA智库百科.md
[pool] 跳过 (重复): policy国家能源局.md
[pool] 跳过 (重复): policy国民经济行业分类GBT4754201.md
[pool] +待审   1,826字 policy国网湖南省电力有限公司.md                 待审判有效后计数 (现待审 5,928,129)
[pool] +待审     848字 policy巨潮资讯网.md                       待审判有效后计数 (现待审 5,928,977)
[pool] +待审   2,786字 policy广东省通信管理局.md                    待审判有效后计数 (现待审 5,931,763)
[pool] 跳过 (重复): policy建筑时报雅各布斯世界顶尖的国际工程公司.md
[pool] +待审     720字 policy我国EPC工程总承包政策法规全面解读百度.md        待审判有效后计数 (现待审 5,932,483)
[pool] +待审   1,294字 policy拼项目加速城市能级建设和品质双提升.md           待审判有效后计数 (现待审 5,933,777)
[pool] 跳过 (重复): policy数字电子技术基础六下载Digital软.md
[pool] +待审   1,342字 policy数据电力网.md                       待审判有效后计数 (现待审 5,935,119)
[pool] +待审   3,170字 policy新兴能源新兴能源资讯新能源产业中国能源网.md        待审判有效后计数 (现待审 5,938,289)
[pool] 跳过 (重复): policy新型电网更强更绿更智能国家能源局.md
[pool] +待审   7,949字 policy浅谈EPC模式下典型问题及审计思路综合论坛.md       待审判有效后计数 (现待审 5,946,238)
[pool] +待审     664字 policy赣州经开区蓝翔康居棚户区改造二期项目顺利交房.md      待审判有效后计数 (现待审 5,946,902)
[pool] +待审   4,270字 policy透视109项重大工程①为何选它们.md            待审判有效后计数 (现待审 5,951,172)
[pool] +待审   4,679字 policy长乐一日游这些景点值得你去打卡福州游记攻略.md       待审判有效后计数 (现待审 5,955,851)
[pool] +待审   5,808字 policy长乐新闻网长乐区互联网新闻中心.md             待审判有效后计数 (现待审 5,961,659)
[pool] 跳过 (重复): policy项目管理十大领域五大过程44个定义.md
[pool] +待审   2,266字 policy项目管理的4大要素和5个过程ZohoP.md         待审判有效后计数 (现待审 5,963,925)
[pool] 跳过 (重复): 国家铁路局国家铁路局关于印发国家铁路局铁.md
[pool] 跳过 (重复): 国家铁路局国家铁路局关于印发铁路交通重大.md
[pool] 跳过 (重复): 市场监管总局市场监管总局发布宿迁市商品混凝土.md
[pool] 跳过 (重复): 国资委央企动态企步新长征猫跳河上的红色传承.md
[pool] +待审     353字 中石化招标公告索引.md                         待审判有效后计数 (现待审 5,964,278)
[pool] +待审   2,309字 standardEngineeringCAE.md            待审判有效后计数 (现待审 5,966,587)
[pool] 跳过 (重复): standardEPC工程总承包全过程管控21个要点附图.md
[pool] 跳过 (重复): standardinfrastructure是什么in.md
[pool] +待审     862字 standard中国电子工程设计院股份有限公司澎湃新闻.md       待审判有效后计数 (现待审 5,967,449)
[pool] 跳过 (重复): standard中国能源建设集团安徽电力建设第二工程有限公.md
[pool] 跳过 (重复): standard住房城乡建设部关于发布国家标准城市综合管.md
[pool] +待审     760字 standard住房城乡建设部办公厅关于国家标准数据中.md       待审判有效后计数 (现待审 5,968,209)
[pool] 跳过 (重复): standard关于国投湄洲湾第二发电厂21000MW.md
[pool] +待审   2,253字 standard国家标准全国标准信息公共服务平台.md          待审判有效后计数 (现待审 5,970,462)
[pool] +待审   2,735字 standard国家标准项目全国标准信息公共服务平台.md        待审判有效后计数 (现待审 5,973,197)
[pool] +待审   7,345字 standard国家电子政务工程建设项目管理暂行办法.md        待审判有效后计数 (现待审 5,980,542)
[pool] +待审   1,402字 standard国投湄洲湾二电厂2X1000MW项目获核准.md     待审判有效后计数 (现待审 5,981,944)
[pool] 跳过 (重复): standard国民经济行业分类国家统计局.md
[pool] 跳过 (重复): standard国民经济行业分类国民经济行业代码表GB.md
[pool] +待审   3,123字 standard广西壮族自治区房屋建筑和市政基础设施工程.md      待审判有效后计数 (现待审 5,985,067)
[pool] +待审   1,347字 standard我院主编的国家标准数据中心设计标准GB.md       待审判有效后计数 (现待审 5,986,414)
[pool] 跳过 (重复): standard数字电子技术基础六下载Digita.md
[pool] +待审   5,175字 standard火电厂变绿电厂全省资讯福建省人民.md          待审判有效后计数 (现待审 5,991,589)
[pool] +待审   1,747字 standard玉溪市人民政府.md                   待审判有效后计数 (现待审 5,993,336)
[pool] +待审     899字 standard西南院签订国投湄洲湾第三发电厂26.md         待审判有效后计数 (现待审 5,994,235)
[pool] +待审   2,677字 standard赣州市政府信息公开.md                 待审判有效后计数 (现待审 5,996,912)
[pool] +待审     567字 video16700158.md                     待审判有效后计数 (现待审 5,997,479)
[pool] +待审   1,325字 video21万90307.md                     待审判有效后计数 (现待审 5,998,804)
[pool] +待审   1,258字 video359910633.md                    待审判有效后计数 (现待审 6,000,062)
[pool] +待审   3,167字 video54万7093002.md                   待审判有效后计数 (现待审 6,003,229)
[pool] +待审   1,175字 video97100557.md                     待审判有效后计数 (现待审 6,004,404)
[pool] +待审   1,310字 video勘察设计院劳务派遣用工可能面临的问题以及.md         待审判有效后计数 (现待审 6,005,714)
[pool] +待审     620字 video案例分享NAVIoT助力中国电子工程设计院业务.md      待审判有效后计数 (现待审 6,006,334)
[pool] +待审   1,268字 video毕业从事项目工程师这个岗位已经一年了这一年中间.md      待审判有效后计数 (现待审 6,007,602)
[pool] +待审   3,201字 video超越认知中国行业背后的500个秘密远川投学苑.md       待审判有效后计数 (现待审 6,010,803)
[pool] +待审   1,339字 video项目管理发展谈谈项目经理的职业发展.md            待审判有效后计数 (现待审 6,012,142)
[pool] 跳过 (重复): AI造价与商务11部门联合发文建筑业企业参与六.md
[pool] 跳过 (重复): AI造价与商务9月造价政策中盘盘点计价换版信用.md
[pool] 跳过 (重复): AI造价与商务城市更新项目池有了制度入口城.md
[pool] 跳过 (重复): AI造价与商务小栗札记0111很多创业者心中.md
[pool] 跳过 (重复): AI造价与商务小栗札记0112很多企业应用AI.md
[pool] 跳过 (重复): AI造价与商务小栗札记0114全球汽车产业格局.md
[pool] 跳过 (重复): AI造价与商务小栗札记0115特朗普正式宣布将.md
[pool] 跳过 (重复): AI造价与商务小栗札记0116一边给AI加冕.md
[pool] 跳过 (重复): AI造价与商务房屋养老金计价有了标尺吉林住宅.md
[pool] 跳过 (重复): AI造价与商务海南市政定额换版落地2026版12.md
[pool] 跳过 (重复): AI造价与商务评标不再认人甘肃拟全省试行暗标.md
[pool] 跳过 (重复): IntlEng黄EPC工程风险管理手册EPC之道第5.md
[pool] 跳过 (重复): IntlEng黄EPC工程风险管理手册EPC破局术06.md
[pool] 跳过 (重复): SEPCOIII微视界国庆献礼沙特卡西姆EPC项目举.md
[pool] 跳过 (重复): SEPCOIII微视界国庆献礼沙特拉比格四期海水淡化.md
[pool] 跳过 (重复): 上海建工总承包部总承包部2026年信息宣传工作系列培.md
[pool] +待审   1,283字 中国公路建设行业协会行业协会商会等社会组织领域负责人任职.md      待审判有效后计数 (现待审 6,013,425)
[pool] +待审   1,301字 中国对外承包工程商会行业协会商会等社会组织领域负责人任职.md      待审判有效后计数 (现待审 6,014,726)
[pool] 跳过 (重复): 中国建筑单广袖赴新加坡调研中建南洋公司及重点.md
[pool] +待审   1,262字 中国建设工程造价管理协会行业协会商会等社会组织领域负责人任.md     待审判有效后计数 (现待审 6,015,988)
[pool] +待审  15,190字 中国招标投标协会国新办新闻发布会介绍落实十五.md            待审判有效后计数 (现待审 6,031,178)
[pool] 跳过 (重复): 中国水事求是杂志发表习近平总书记重要文章.md
[pool] +待审   1,376字 中国环保产业协会行业协会商会等社会组织领域负责人任职.md        待审判有效后计数 (现待审 6,032,554)
[pool] 跳过 (重复): 中国能源报国家重大工程项目取得重要进展.md
[pool] 跳过 (重复): 中建政研集团2027两重项目谋划对准8个领.md
[pool] 跳过 (重复): 中建新疆建工建证城长城市新语沣和苑项目三.md
[pool] 跳过 (重复): 中建科工华东大区2026有所为有所AI丨迎新.md
[pool] 跳过 (重复): 全过程工程咨询项目管理EPC项目各阶段工作内容及文件要求.md
[pool] 跳过 (重复): 全过程工程咨询项目管理设计院牵头EPC模式下的项目管理.md
[pool] 跳过 (重复): 刘建宁讲造价关于招标工程量清单缺项是否补充计价的.md
[pool] 跳过 (重复): 北极星风力发电网国内首个采用混塔技术的海上风电场建成.md
[pool] 跳过 (重复): 华中建设工程网11亿中建八局中标河南三门峡大项.md
[pool] 跳过 (重复): 华中建设工程网11亿河南商丘市中标供水排水大项.md
[pool] 跳过 (重复): 华中建设工程网13亿湖南常德市新中标2大民生项.md
[pool] 跳过 (重复): 华中建设工程网14亿湖南长沙市新中标重点基建项.md
[pool] 跳过 (重复): 印尼工程圈印尼数据中心爆发这家中国设计院能帮.md
[pool] 跳过 (重复): 印尼工程圈近三天印尼中标中铝氧化铝补签联通.md
[pool] 跳过 (重复): 和君商学毛利高过爱马仕中国最会赚钱的男装.md
[pool] 跳过 (重复): 国建标培建筑工程管理中心4863亿EPC大单落地.md
[pool] 跳过 (重复): 国际工程与劳务杂志巴西新能源EPC项目风险识别与防控.md
[pool] 跳过 (重复): 国际工程与劳务杂志紧密型联营模式下海外EPC项目管理核.md
[pool] 跳过 (重复): 国际工程与境外投资中亚地区的央企足迹.md
[pool] 跳过 (重复): 国际工程与境外投资国际工程东南亚分包价格参考印尼.md
[pool] 跳过 (重复): 国际工程与境外投资海外项目经理修炼手册上.md
[pool] 跳过 (重复): 孟祥和建筑科技与AIAI能帮你做标书吗能但有些边界.md
[pool] 跳过 (重复): 孟祥和建筑科技与AI共创4个多月后我想把这28节56.md
[pool] 跳过 (重复): 孟祥和建筑科技与AI把图纸丢给AI它一口气把2D.md
[pool] 跳过 (重复): 安徽建工集团六张网起笔水为脉安徽建工绘就.md
[pool] 跳过 (重复): 工程信息速览341亿中建七局在河南大本营中标.md
[pool] 跳过 (重复): 工程干货知识分享中建四局疯狂出差的董事长总经理.md
[pool] 跳过 (重复): 工程干货知识分享中建集团总经理新身份.md
[pool] 跳过 (重复): 工程干货知识分享人社部资格证书不予补贴.md
  … 3000 件 (跳 0)
[pool] 跳过 (重复): 工程干货知识分享住建局把路灯杆卖746亿.md
[pool] 跳过 (重复): 工程干货知识分享住建部通知2027年1月1日起强制.md
[pool] 跳过 (重复): 工程干货知识分享别人都在砍补贴中铁某局却涨了注安.md
[pool] 跳过 (重复): 工程干货知识分享半年14万中建八局这张工资条撕开.md
[pool] 跳过 (重复): 工程干货知识分享建工集团一工地布满摄像头超级密集.md
[pool] 跳过 (重复): 工程干货知识分享恭喜23家建筑民企上榜500强.md
[pool] 跳过 (重复): 工程干货知识分享资质要求新规落地人员配备翻倍这本.md
[pool] 跳过 (重复): 工程建设之家138亿中铁建中标一个EPC总承.md
[pool] 跳过 (重复): 工程建设之家中铁一局大爆发强势中标118亿E.md
[pool] +待审   1,139字 工程招投标最新动态小张中建六局中建四局新中标工程项目.md        待审判有效后计数 (现待审 6,033,693)
[pool] 跳过 (重复): 工程招投标最新动态小张超11个亿中交在海南新中标大单.md
[pool] +待审     702字 工程杂谈六张网培训课程汇总培训.md                   待审判有效后计数 (现待审 6,034,395)
[pool] 跳过 (重复): 工程法规投资人EPCO中标海南东方感恩.md
[pool] 跳过 (重复): 工程法规施工中标GH202徐宝线航道泗洪湖.md
[pool] 跳过 (重复): 工程职场进阶路33亿800MW甘肃三大储能EP.md
[pool] 跳过 (重复): 工程行业大脑1500万悬案揭秘无效合同竟吃定工.md
[pool] 跳过 (重复): 工程行业大脑794亿大单亏300万中国移动限.md
[pool] 跳过 (重复): 工程行业大脑AI研发采购15超支惊悚揭秘工.md
[pool] 跳过 (重复): 工程行业大脑三林楔形绿地65生态用地总包如何.md
[pool] 跳过 (重复): 工程行业大脑中资矿企海外合规风险损失10亿A.md
[pool] 跳过 (重复): 工程行业大脑建工新规下180万赔偿案惊曝造价.md
[pool] 跳过 (重复): 工程行业大脑总包项目计税误区9成风险AI助建筑.md
[pool] 跳过 (重复): 工程行业大脑放下双手才能抬起双眼老张转型失败.md
[pool] 跳过 (重复): 工程行业杂谈118亿元中铁一局在甘肃拿下一个.md
[pool] 跳过 (重复): 工程行业洞察工程建设行业最新资讯工业和信息.md
[pool] 跳过 (重复): 工程行业洞察美丽上海建设十五五规划发布.md
[pool] 跳过 (重复): 工程行业研究7336亿安徽建工联合体中标重庆.md
[pool] +待审   1,711字 工程资料37亿重庆新中标一个EPC大项目.md              待审判有效后计数 (现待审 6,036,106)
[pool] 跳过 (重复): 工程资料室中建EPC项目设计管理策划及优化成果.md
[pool] +待审     974字 工程资料室中建三局医院类EPC项目设计管理价值.md           待审判有效后计数 (现待审 6,037,080)
[pool] +待审   1,141字 工程资料室中建光伏发电项目EPC总承包施工设备.md           待审判有效后计数 (现待审 6,038,221)
[pool] +待审     640字 工程资料网中建房建工程现场标准化分级分类管理实.md           待审判有效后计数 (现待审 6,038,861)
[pool] 跳过 (重复): 工程造价咨询管理102126成都10273.md
[pool] +待审   6,747字 工程造价咨询管理102226武汉新清单标准.md             待审判有效后计数 (现待审 6,045,608)
[pool] +待审   3,312字 工程造价咨询管理六张网项目这几道红线别碰.md              待审判有效后计数 (现待审 6,048,920)
[pool] 跳过 (重复): 工程造价管理别再被签证单上的情况属实骗了.md
[pool] 跳过 (重复): 广东省建设工程标准定额站订阅号争议案例分享620施工.md
[pool] 跳过 (重复): 建工招采仲裁法苑山东省财政厅关于公布政府采购招标投标.md
[pool] +待审     636字 建筑业要文PPP存量项目两降一延整改.md                待审判有效后计数 (现待审 6,049,556)
[pool] 跳过 (重复): 建筑业说5标齐发中铁建设中铁建工中铁电.md
[pool] 跳过 (重复): 建筑业说中铁二十五局联合体组团拿下198亿.md
[pool] 跳过 (重复): 建筑信息汇聚平台入库案例EPC项目谁向施工人付款.md
[pool] 跳过 (重复): 建筑信息汇聚平台国有企业招标采购过程中违纪违法的典型.md
[pool] +待审  48,518字 建筑信息汇聚平台国资委关于国有资产管理119个问题.md         待审判有效后计数 (现待审 6,098,074)
[pool] 跳过 (重复): 建筑工程分包平台124亿元中建三局在武汉又拿下一.md
[pool] 跳过 (重复): 建筑工程分包平台超4亿元中交建筑在南通市拟中标项目.md
[pool] 跳过 (重复): 建筑工程分包平台超5亿元锦州市一个大项目中标.md
[pool] 跳过 (重复): 建筑工程大全中国电建大爆发强势中标27亿EPC.md
[pool] 跳过 (重复): 建筑工程大全中铁联合体中标10亿EPC大单.md
[pool] +待审   6,226字 建筑工程技术杂谈为什么赚钱的设计院资本却看不上.md           待审判有效后计数 (现待审 6,104,300)
[pool] 跳过 (重复): 建筑工程资料建筑分部分项工程安全技术交底汇编.md
[pool] 跳过 (重复): 建筑工程资料建筑电气安装工程低压配电与照明系统.md
[pool] 跳过 (重复): 建筑时报国常会推动重大工程项目尽早开工建设.md
[pool] +待审   5,986字 建筑杂志社中共中央办公厅国务院办公厅印发文.md             待审判有效后计数 (现待审 6,110,286)
[pool] +待审     674字 总包之声2027年病险水库改造30天提速不.md             待审判有效后计数 (现待审 6,110,960)
[pool] +待审     606字 总包之声42MW大单设备限价利润薄如纸如.md              待审判有效后计数 (现待审 6,111,566)
[pool] 跳过 (重复): 总包之声EPC结算惊爆4665亿变65亿.md
[pool] +待审     667字 总包之声中标后才发现城市更新总包风险高达8.md             待审判有效后计数 (现待审 6,112,233)
[pool] +待审   3,673字 总包之声中石化南京工程有限公司怎么干EPC总.md            待审判有效后计数 (现待审 6,115,906)
[pool] +待审     708字 总包之声从算账到价值管理造价行业AI转型背.md             待审判有效后计数 (现待审 6,116,614)
[pool] +待审     752字 总包之声总价合同风险揭秘策划批复中的漏项陷.md             待审判有效后计数 (现待审 6,117,366)
[pool] +待审     650字 总包之声无初设招标EPC总包5000万调价.md             待审判有效后计数 (现待审 6,118,016)
[pool] 跳过 (重复): 总包说113亿项目中标秘诀AI助力中.md
[pool] 跳过 (重复): 总包说15亿超概危机招标文件深度不足.md
[pool] 跳过 (重复): 总包说21份合同清单揭秘漏签一份结算少.md
[pool] 跳过 (重复): 总包说2264亿诉讼背后边设计边施工的.md
[pool] 跳过 (重复): 总包说50亿项目背后统筹平台定标准三林.md
[pool] +待审   6,225字 总包说AI助挽回12亿损失沙特光伏项目.md               待审判有效后计数 (现待审 6,124,241)
[pool] 跳过 (重复): 总包说EPC联营体沙特项目亏损揭秘12.md
[pool] 跳过 (重复): 总包说EPC项目亏1700万总价上限争议.md
[pool] 跳过 (重复): 总包说工程人必看AI应用四大误区揭秘实.md
[pool] 跳过 (重复): 总包说巴西EPC合同陷阱重重45利润率.md
[pool] 跳过 (重复): 总包说巴西EPC风险高815中国承包.md
[pool] 跳过 (重复): 总包说政府项目违规举债百万损失如何防.md
[pool] 跳过 (重复): 总包说签证漏签28天决定2800万窝工.md
[pool] 跳过 (重复): 新基建投融圈山东发改委关于组织做好2027年省级.md
[pool] 跳过 (重复): 新基建通21亿福建大项目中标了.md
[pool] 跳过 (重复): 新基建通2个标首都地区环线高速公路招标.md
[pool] 跳过 (重复): 新基建通3亿中铁建工在河北中标了.md
[pool] 跳过 (重复): 新基建通4亿中建八局中标了.md
[pool] 跳过 (重复): 新基建通4亿中铁四局在江苏中标了.md
[pool] 跳过 (重复): 新基建通5个标南水北调中线项目中标结果.md
[pool] 跳过 (重复): 新基建通5亿中国能建葛洲坝中标了.md
[pool] 跳过 (重复): 新基建通5亿山东项目招标.md
[pool] 跳过 (重复): 新基建通6亿安徽项目中标了.md
[pool] 跳过 (重复): 新基建通8亿中建在河南中标了.md
[pool] 跳过 (重复): 新基建通9个标青藏铁路项目中标结果.md
[pool] 跳过 (重复): 新基建通9亿中铁十五局中标了.md
[pool] 跳过 (重复): 新基建通中建集团斩获8亿大标中建七局中建.md
[pool] 跳过 (重复): 新基建通合肥绕城高速公路中标结果.md
[pool] 跳过 (重复): 新基建通大连港码头工程中标结果.md
[pool] 跳过 (重复): 新基建通山东省近5亿大标发榜中铁十五局联合.md
[pool] 跳过 (重复): 新基建通徐州轨道交通4号线中标结果.md
[pool] 跳过 (重复): 新基建通总投资73亿安荣合高速公路中标结果.md
[pool] 跳过 (重复): 新基建通标书骨干一离职公司就断档真正靠谱.md
[pool] 跳过 (重复): 新基建通狮子洋通道项目中标结果.md
[pool] 跳过 (重复): 施工企业项目管理城市更新贷款管理办法落地满月九道门.md
[pool] 跳过 (重复): 施工技术国庆好文特辑工程建设行业生成式.md
[pool] 跳过 (重复): 李工工程资料EPC资料责任边界国内模式不能直.md
[pool] 跳过 (重复): 每日风电明阳预中标华电470MW风电项目.md
[pool] 跳过 (重复): 每日风电欧洲定制明阳185MW海上8M.md
[pool] +待审   1,680字 每日风电风电13GW光伏23GW中广核计.md              待审判有效后计数 (现待审 6,125,921)
[pool] +待审  16,051字 水利天下李君廷数字孪生在老旧水库提升中的作.md             待审判有效后计数 (现待审 6,141,972)
[pool] 跳过 (重复): 水利天下李君廷老旧水库改造提升前期工作的机.md
[pool] 跳过 (重复): 江苏省储能行业协会江西独立储能管理年调度350次.md
[pool] 跳过 (重复): 河南省建筑业协会质量月大讲堂2026质量月.md
[pool] 跳过 (重复): 海外工程洞察海外工程资讯中国电建签约哥伦比亚.md
[pool] +待审   1,274字 湖北省勘察设计协会转发行业协会商会等社会组织领域负责.md        待审判有效后计数 (现待审 6,143,246)
[pool] 跳过 (重复): 立方数据学社会员专享数据2026年我国省市县.md
[pool] 跳过 (重复): 罗克的工程数字化笔记AI落地建筑业为什么说现在是价值.md
[pool] 跳过 (重复): 老万工程咨询工程咨询行业快讯2026928.md
[pool] 跳过 (重复): 老万工程咨询工程咨询行业快讯2026930.md
[pool] 跳过 (重复): 腾达建设党建工作佳节聚首话共建情暖邻里迎中秋文.md
[pool] 跳过 (重复): 规划师杂志江苏十五五城市更新专项规划来了.md
[pool] 跳过 (重复): 贵阳工程建筑律师付安会EPC固定价就一分钱调不了遇到招.md
[pool] 跳过 (重复): 贵阳工程建筑律师付安会从34大单子34到.md
[pool] +待审   1,323字 路桥工程劳务分包平台156亿元中铁建大桥局新中标项目.md        待审判有效后计数 (现待审 6,144,569)
[pool] +待审   1,234字 路桥工程劳务分包平台187亿元宁夏又一个大项目中标了.md        待审判有效后计数 (现待审 6,145,803)
[pool] 跳过 (重复): 路桥工程劳务分包平台228亿元内蒙古又一个大项目敲定.md
[pool] 跳过 (重复): 路桥工程劳务分包平台49亿元河南郑州市又一个大项目中标.md
[pool] 跳过 (重复): 路桥工程劳务分包平台559亿元葛洲坝电力公司在丽江市.md
[pool] 跳过 (重复): 路桥工程劳务分包平台中国交建又拟中标两个港口项目.md
[pool] 跳过 (重复): 路桥工程劳务分包平台西藏3个公路项目中标人确定.md
[pool] 跳过 (重复): 路桥工程劳务分包平台超10亿元中铁四局在亳州中标大项目.md
[pool] 跳过 (重复): 路桥工程劳务分包平台超12亿元中国电建在广西拟中标水利.md
[pool] 跳过 (重复): 路桥工程劳务分包平台超21亿元中国铁建在甘肃拟中标项目.md
[pool] +待审   1,340字 路桥工程劳务分包平台超26亿元中国电建在河南斩获大单.md        待审判有效后计数 (现待审 6,147,143)
[pool] +待审   1,727字 路桥工程劳务分包平台黑龙江地区新中标一个机场项目.md          待审判有效后计数 (现待审 6,148,870)
[pool] 跳过 (重复): 造价AI生成局EPC发包体系下设计优化的定义及施.md
[pool] 跳过 (重复): 造价AI生成局评标重大失误致导致实际无效合同履约后.md
[pool] 跳过 (重复): 造价争议笔记4665亿中标结算报了65亿.md
[pool] 跳过 (重复): 造价人家园EPC项目亏1700万总价上限争议.md
[pool] 跳过 (重复): 造价人家园箱式支护对比拉森钢板桩费用节省约6.md
[pool] 跳过 (重复): 造价工程师大本营一造保分技巧15条考场别再做无用.md
[pool] 跳过 (重复): 造价明法AI走进评标室招投标行业正在迎来.md
[pool] 跳过 (重复): 陕西建工装饰集团以坚守献礼以匠心筑梦陕建装饰集.md
[pool] 跳过 (重复): 风电头条4600元kW山西50MW驭风.md
[pool] 跳过 (重复): 风电头条华电预中选云南292MW风电项目.md
[pool] 跳过 (重复): 风电头条新疆能源集团15GW风电机组集采招.md
[pool] 跳过 (重复): 风电头条涉及中国能建金钛股份辽宁公示25.md
[pool] +待审   6,636字 风电头条风电周事迹四川山东江西辽.md                  待审判有效后计数 (现待审 6,155,506)
[pool] 跳过 (重复): 风能专委会CWEA3x12GW中广核在内蒙古规划三个.md
[pool] 跳过 (重复): 风能专委会CWEA特斯拉在欧洲供货比利时将建700M.md
[pool] +待审     376字 中国兵器工业集团.md                          待审判有效后计数 (现待审 6,155,882)
[pool] +待审     378字 中国电子科技集团.md                          待审判有效后计数 (现待审 6,156,260)
[pool] +待审     213字 company中国电子工程设计院股份有限公司主要人员.md        待审判有效后计数 (现待审 6,156,473)
[pool] +待审     208字 company中国电子工程设计院股份有限公司爱企查.md         待审判有效后计数 (现待审 6,156,681)
[pool] +待审     189字 company北京同上科技有限公司工商信息公司电话.md         待审判有效后计数 (现待审 6,156,870)
[pool] 跳过 (重复): company用户协议.md
[pool] 跳过 (重复): 中国建筑近期获重大项目计1404亿元.md
[pool] 跳过 (重复): 中闽能源子公司联合体签订4165亿元EPC总承包合同.md
[pool] +待审   6,685字 框架v1.md                              待审判有效后计数 (现待审 6,163,555)
[pool] +待审  12,951字 框架v1_生成指令.md                         待审判有效后计数 (现待审 6,176,506)
[pool] +待审  75,754字 洞察包.md                               待审判有效后计数 (现待审 6,252,260)
[pool] +待审   5,164字 第1章_绪论 研究缘起、方法与价值_v2.md              待审判有效后计数 (现待审 6,257,424)
[pool] +待审   4,806字 第2章_中国电子工程设计院 企业画像与基本盘_v2.md         待审判有效后计数 (现待审 6,262,230)
[pool] +待审   6,070字 第3章_中国电子工程设计院的发展沿革与战略演进_v2.md        待审判有效后计数 (现待审 6,268,300)
[pool] +待审   5,735字 第4章_中国电子工程设计院的经营策略与市场打法_v2.md        待审判有效后计数 (现待审 6,274,035)
[pool] +待审   2,360字 第5章_市场全景 规模、中标与竞争格局_v2.md            待审判有效后计数 (现待审 6,276,395)
[pool] 跳过 (重复): background.js.LICENSE.txt
[pool] 跳过 (重复): content.js.LICENSE.txt
[pool] 跳过 (重复): main.js.LICENSE.txt
[pool] 跳过 (重复): options.js.LICENSE.txt
[pool] 跳过 (重复): params.js.LICENSE.txt
[pool] 跳过 (重复): workflow.js.LICENSE.txt
[pool] +待审   1,766字 研究报告需求.txt                           待审判有效后计数 (现待审 6,278,161)
[pool] +待审  16,650字 1831_中国电子系统工程第三建设有限公司、四川大通机电设备有限公司建设 待审判有效后计数 (现待审 6,294,811)
[pool] +待审   6,694字 7033_中国电子系统工程第三建设有限公司与四川大通机电设备有限公司建设 待审判有效后计数 (现待审 6,301,505)
[pool] 跳过 (重复): 新基建产业研究_国内数据中心EPC领域首套“管理+计价”双团体标准正式印发，填补行业规范空白-bebd2279.md
[pool] +待审   6,310字 算力前哨所_15616元_kW，中国移动中卫数据中心机电EPC框采定标- 待审判有效后计数 (现待审 6,307,815)
[pool] +待审   7,906字 算力前哨所_7.94亿、42MW风冷大单：中国移动中卫D08机楼机电EP 待审判有效后计数 (现待审 6,315,721)
[pool] +待审   3,970字 算力前哨所_中国移动33.3亿数据中心招标：芜湖170MW含10年运维， 待审判有效后计数 (现待审 6,319,691)
[pool] +待审   5,487字 算力前哨所_中国移动中卫机电EPC框架开标：华为联合体15,616.3元 待审判有效后计数 (现待审 6,325,178)
[pool] +待审   9,874字 算力前哨所_华为云、中石油都来了：数据中心一周18个项目，中国移动31. 待审判有效后计数 (现待审 6,335,052)
[pool] +待审     495字 EPC模式下建筑项目设计施工采购一体化成本控制策略.md         待审判有效后计数 (现待审 6,335,547)
[pool] +待审     486字 EPC项目全过程监理管控难点及精细化管理对策探析.md          待审判有效后计数 (现待审 6,336,033)
[pool] +待审   1,417字 中国金融消费者保护报告2019.md                   待审判有效后计数 (现待审 6,337,450)
[pool] +待审     754字 中国金融消费者保护报告2020.md                   待审判有效后计数 (现待审 6,338,204)
[pool] +待审     693字 国学复兴国学圈地运动.md                        待审判有效后计数 (现待审 6,338,897)
[pool] +待审     456字 如何继续发挥深圳特区的特优势.md                    待审判有效后计数 (现待审 6,339,353)
[pool] +待审     493字 工程建设监理与管理.md                         待审判有效后计数 (现待审 6,339,846)
[pool] +待审   1,646字 延长干法乙炔发生装置长期经济运行的研究改造.md             待审判有效后计数 (现待审 6,341,492)
[pool] 跳过 (重复): 新时代税收征管环境下大企业税收风险管理体系研究.md
[pool] +待审     524字 火电机组节能改造技术及工程师的实践经验.md               待审判有效后计数 (现待审 6,342,016)
[pool] +待审   1,642字 火电项目epc工程总承包的安全管理探讨.md               待审判有效后计数 (现待审 6,343,658)
[pool] +待审     450字 电梯检验检测中电梯运行共振.md                     待审判有效后计数 (现待审 6,344,108)
[pool] +待审     828字 知识产品型中小电商企业订单产能协同机制构建基于深圳K公.md       待审判有效后计数 (现待审 6,344,936)
[pool] +待审     452字 碳中和目标下既有居住建筑绿色化改造设计策略与能耗优化研究.md      待审判有效后计数 (现待审 6,345,388)
[pool] +待审     470字 赢得值分析法在项目群精细化管理中的应用.md               待审判有效后计数 (现待审 6,345,858)
[pool] +待审     681字 重金属Ni2对亚洲玉米螟生长发育和生殖行为的影响.md          待审判有效后计数 (现待审 6,346,539)
[pool] +待审     487字 集中式光伏电站EPC项目施工全过程管理优化研究.md           待审判有效后计数 (现待审 6,347,026)
[pool] +待审     841字 顺城文化在凤凰涅磐中崛起.md                      待审判有效后计数 (现待审 6,347,867)
[pool] 跳过 (重复): 勘察设计协会2025年度南方地区勘察设计同业.md
[pool] 跳过 (重复): 勘察设计协会2026年度全国勘察设计同业协会.md
[pool] 跳过 (重复): 勘察设计协会中国勘察设计协会成立40周年庆祝.md
[pool] 跳过 (重复): 勘察设计协会勘察设计行业高质量发展大会在京召.md
[pool] +待审  39,485字 工程咨询协会中国工程咨询协会关于2026年度.md            待审判有效后计数 (现待审 6,387,352)
[pool] +待审  32,320字 工程咨询协会中国工程咨询协会关于公布2026.md            待审判有效后计数 (现待审 6,419,672)
[pool] +待审  53,979字 工程咨询协会中国工程咨询协会关于开展2026.md            待审判有效后计数 (现待审 6,473,651)
[pool] +待审  32,282字 工程咨询协会中国工程咨询协会关于开展咨询工程.md            待审判有效后计数 (现待审 6,505,933)
[pool] +待审  36,751字 工程咨询协会中国工程咨询协会关于征集2026.md            待审判有效后计数 (现待审 6,542,684)
[pool] +待审  41,923字 工程咨询协会中国工程咨询协会关于组织填报全过.md            待审判有效后计数 (现待审 6,584,607)
[pool] +待审  38,395字 工程咨询协会中国工程咨询协会召开分支机构工作.md            待审判有效后计数 (现待审 6,623,002)
[pool] +待审  33,656字 工程咨询协会中国工程咨询协会荣获全国先进社.md             待审判有效后计数 (现待审 6,656,658)
[pool] +待审  50,858字 工程咨询协会喜讯中国工程咨询项目荣膺菲迪克.md             待审判有效后计数 (现待审 6,707,516)
[pool] +待审  34,164字 工程咨询协会我会在编团体标准区域水环境综合.md             待审判有效后计数 (现待审 6,741,680)
[pool] +待审  34,792字 工程咨询协会我会在编团体标准河湖生态环境治.md             待审判有效后计数 (现待审 6,776,472)
[pool] +待审   3,701字 国优奖名单索引.md                           待审判有效后计数 (现待审 6,780,173)
[pool] +待审   8,027字 bidding2026年政府工作报告解读中国政府网.md         待审判有效后计数 (现待审 6,788,200)
[pool] +待审   1,758字 bidding63亿EPC大项目中标揭榜.md              待审判有效后计数 (现待审 6,789,958)
[pool] +待审   7,373字 bidding84个常用的数据源网站分享保持更新建议.md        待审判有效后计数 (现待审 6,797,331)
[pool] +待审   2,225字 bidding9千万数据中心大单31年老牌通信企业拿下E.md      待审判有效后计数 (现待审 6,799,556)
[pool] +待审   2,590字 biddingAECOM招聘BOSS直聘.md              待审判有效后计数 (现待审 6,802,146)
[pool] +待审   3,262字 biddingAECOM有方.md                    待审判有效后计数 (现待审 6,805,408)
[pool] 跳过 (重复): biddingBIM建筑网关注建筑行业BIM技术发展.md
[pool] +待审   6,089字 biddingCnOpenData中国开放数据平台.md         待审判有效后计数 (现待审 6,811,497)
[pool] 跳过 (重复): biddingCSCEC中建科工集团有限公司.md
[pool] +待审   6,640字 biddingEngineering中国工程院战略咨询中.md      待审判有效后计数 (现待审 6,818,137)
[pool] 跳过 (重复): biddingEPCPCECEP分别是什么意思一图.md
[pool] 跳过 (重复): biddingEPCPPPBOTEOD都有啥区别.md
[pool] +待审   2,434字 biddingEPC工程总承包全过程管控21个要点202.md      待审判有效后计数 (现待审 6,820,571)
[pool] +待审   1,048字 biddingEPC工程总承包全过程管控21个要点百.md        待审判有效后计数 (现待审 6,821,619)
[pool] +待审   6,490字 biddingEPC工程总承包全过程管控21个要点附图解.md      待审判有效后计数 (现待审 6,828,109)
[pool] +待审   2,099字 biddingEPC工程总承包项目全过程精细化管控的关键点.md     待审判有效后计数 (现待审 6,830,208)
[pool] +待审     854字 biddingEPC汽车配件目录与VIN查询N.md           待审判有效后计数 (现待审 6,831,062)
[pool] +待审   2,640字 biddingEPC项目全过程精细化管控21个关键点.md        待审判有效后计数 (现待审 6,833,702)
[pool] +待审   5,811字 biddingEPC项目全过程精细化管控21个关键点一个.md      待审判有效后计数 (现待审 6,839,513)
[pool] +待审   2,553字 biddingEPC项目全过程精细化管控21个关键点你知.md      待审判有效后计数 (现待审 6,842,066)
[pool] +待审   2,465字 biddingEPC项目总包将走向何方.md               待审判有效后计数 (现待审 6,844,531)
[pool] +待审   1,264字 biddingEPC项目精细化管理21个关键点详解.md         待审判有效后计数 (现待审 6,845,795)
[pool] +待审   1,390字 biddingFluorCareers.md               待审判有效后计数 (现待审 6,847,185)
[pool] +待审   1,286字 biddingnewqqcomraina2026.md          待审判有效后计数 (现待审 6,848,471)
[pool] +待审   5,354字 biddingSTECOL中国电建市政建设集团有限公.md        待审判有效后计数 (现待审 6,853,825)
[pool] +待审   7,107字 bidding一文了解EPC项目实施流程以及分发包招投标.md      待审判有效后计数 (现待审 6,860,932)
[pool] +待审   7,773字 bidding一文图解EPC工程总承包全过程管控中11个要.md     待审判有效后计数 (现待审 6,868,705)
[pool] +待审   4,804字 bidding中zhōngzhòng汉典.md              待审判有效后计数 (现待审 6,873,509)
[pool] +待审   3,731字 bidding中华网弘扬中华文化共创全球华人精神家园.md        待审判有效后计数 (现待审 6,877,240)
[pool] +待审   4,056字 bidding中国电子系统工程第四建设有限公司.md           待审判有效后计数 (现待审 6,881,296)
[pool] +待审   4,098字 bidding中国网网上中国.md                    待审判有效后计数 (现待审 6,885,394)
[pool] +待审   2,965字 bidding中电四公司最新项目.md                  待审判有效后计数 (现待审 6,888,359)
[pool] +待审   6,000字 bidding什么是EPC总承包模式做EPC项目有何优缺.md      待审判有效后计数 (现待审 6,894,359)
[pool] +待审   7,023字 bidding众鲤数据网专业的社科数据分享平台.md           待审判有效后计数 (现待审 6,901,382)
[pool] +待审   3,847字 bidding住房城乡建设部关于进一步推进工程总承包发展的.md     待审判有效后计数 (现待审 6,905,229)
[pool] +待审   1,359字 bidding信息化建设项目能不能适用EPC总承包苏明煜.md      待审判有效后计数 (现待审 6,906,588)
[pool] +待审   2,455字 bidding关于工程总承包EPC项目推行机器管招投.md        待审判有效后计数 (现待审 6,909,043)
[pool] +待审   7,028字 bidding动辄数十亿的数据中心是如何建成的中国移动.md       待审判有效后计数 (现待审 6,916,071)
[pool] +待审   7,323字 bidding北京春溢通物流有限公司.md                待审判有效后计数 (现待审 6,923,394)
[pool] +待审   6,173字 bidding华中科技大学先进制造大楼二期项目工程总承包.md      待审判有效后计数 (现待审 6,929,567)
[pool] +待审   2,568字 bidding华能集团公司电子商务平台首页.md             待审判有效后计数 (现待审 6,932,135)
[pool] +待审   7,621字 bidding国家发展改革委关于印发房屋建筑和市政基.md        待审判有效后计数 (现待审 6,939,756)
[pool] 跳过 (重复): bidding国家能源集团.md
[pool] +待审   7,259字 bidding奇台县人民医院智慧化服务能力提升建设项.md        待审判有效后计数 (现待审 6,947,015)
[pool] +待审   1,316字 bidding屏蔽数据中心机房和网络管井建设EPC工程总承.md     待审判有效后计数 (现待审 6,948,331)
[pool] +待审   5,589字 bidding工程总承包EPC模式下医院如何做好招投.md        待审判有效后计数 (现待审 6,953,920)
[pool] +待审   7,918字 bidding工程总承包EPC项目实施方案.md             待审判有效后计数 (现待审 6,961,838)
[pool] +待审   8,152字 bidding工程总承包EPC项目实施方案赶紧收藏.md         待审判有效后计数 (现待审 6,969,990)
[pool] +待审   5,147字 bidding工程项目管理EPC系统全套流程详细解读.md        待审判有效后计数 (现待审 6,975,137)
[pool] +待审   7,148字 bidding市政建设网全国市政行业综合性门户网站.md         待审判有效后计数 (现待审 6,982,285)
[pool] +待审   1,389字 bidding市老城区胜阳港片区排水防涝设施改造工程.md        待审判有效后计数 (现待审 6,983,674)
[pool] 跳过 (重复): bidding快递100查快递寄快递管快递上快递1.md
[pool] +待审     472字 bidding数据中心一期土建及室外工程总承包EP.md         待审判有效后计数 (现待审 6,984,146)
[pool] +待审   2,161字 bidding数据发布国家统计局.md                  待审判有效后计数 (现待审 6,986,307)
[pool] +待审   3,238字 bidding数据国家统计局.md                    待审判有效后计数 (现待审 6,989,545)
[pool] +待审   6,886字 bidding方快锅炉有限公司官方网站.md               待审判有效后计数 (现待审 6,996,431)
[pool] +待审   7,767字 bidding昌吉市闽昌综合人力资源市场建设项目EPC.md       待审判有效后计数 (现待审 7,004,198)
[pool] +待审   5,745字 bidding易方达159566等产品投资价值.md           待审判有效后计数 (现待审 7,009,943)
[pool] +待审   5,797字 bidding曙光郑州先进计算研究所建设项目数据中心EPC.md     待审判有效后计数 (现待审 7,015,740)
[pool] +待审   2,868字 bidding柏克德中国工程有限公司爱企查.md             待审判有效后计数 (现待审 7,018,608)
[pool] +待审   5,997字 bidding某信息通信设施建设工程EPC总承包项目公开招.md     待审判有效后计数 (现待审 7,024,605)
[pool] +待审   1,950字 bidding某单位区域批量发包EPC工程总承包项目公开招.md     待审判有效后计数 (现待审 7,026,555)
[pool] +待审   5,488字 bidding标杆企业看百年老店美国福陆FLUOR.md         待审判有效后计数 (现待审 7,032,043)
[pool] +待审   7,696字 bidding标杆企业美国福陆FLUOR公司头.md           待审判有效后计数 (现待审 7,039,739)
[pool] +待审   2,976字 bidding浅析EPC工程总承包费率招标全流程及实操要点.md     待审判有效后计数 (现待审 7,042,715)
[pool] +待审   7,138字 bidding深入理解BIM技术及其应用CSDN博客.md        待审判有效后计数 (现待审 7,049,853)
[pool] +待审   1,830字 bidding物流网物流在线.md                    待审判有效后计数 (现待审 7,051,683)
[pool] 跳过 (重复): bidding电力北极星电力网电力门户网站.md
[pool] 跳过 (重复): bidding电力科技网.md
[pool] 跳过 (重复): bidding电力网电力网.md
[pool] +待审     610字 bidding移动长三角芜湖数据中心一期土建及室.md          待审判有效后计数 (现待审 7,052,293)
[pool] +待审   1,469字 bidding立创商城一站式电子元器件和MRO工业品采购.md      待审判有效后计数 (现待审 7,053,762)
[pool] +待审   2,371字 bidding红安县城西区域老旧小区改造工程设计施工总承包.md     待审判有效后计数 (现待审 7,056,133)
[pool] +待审   1,813字 bidding联合体中标中国移动呼和浩特数据中心B2.md        待审判有效后计数 (现待审 7,057,946)
[pool] 跳过 (重复): bidding能源央视网cctvcom.md
[pool] +待审   5,761字 bidding能源界全球中文能源门户.md                待审判有效后计数 (现待审 7,063,707)
[pool] 跳过 (重复): bidding通信世界网首页.md
[pool] +待审   2,641字 bidding高科技电子材料生产基地项目工程总承包EPC.md      待审判有效后计数 (现待审 7,066,348)
[pool] +待审   4,924字 中国货币网2026年8月20日全国银行间同.md             待审判有效后计数 (现待审 7,071,272)
[pool] +待审   4,265字 中国货币网2026年9月20日全国银行间同.md             待审判有效后计数 (现待审 7,075,537)
[pool] +待审   3,478字 中国货币网中国外汇交易中心全国银行间同业.md              待审判有效后计数 (现待审 7,079,015)
[pool] +待审  29,001字 中国货币网符合中欧共同分类目录标准的中.md               待审判有效后计数 (现待审 7,108,016)
[pool] +待审  48,460字 核能行业协会中国一重集团有限公司.md                  待审判有效后计数 (现待审 7,156,476)
[pool] +待审  63,682字 核能行业协会中国广核集团有限公司.md                  待审判有效后计数 (现待审 7,220,158)
[pool] +待审   2,866字 深桑达Ａ深桑达Ａ关于子公司中国电子系统工程第二建设有限公.md      待审判有效后计数 (现待审 7,223,024)
[pool] 跳过 (重复): BIM技术在建设工程项目管理中的应用研究免费.md
[pool] 跳过 (重复): BIM技术在建设工程项目管理中的应用研究免费_1.md
[pool] 跳过 (重复): BIM技术在建设工程项目管理中的应用研究免费_2.md
[pool] 跳过 (重复): EPC工程总承包项目全过程跟踪审计研究免费.md
[pool] 跳过 (重复): EPC工程总承包项目全过程跟踪审计研究免费_1.md
[pool] 跳过 (重复): EPC工程总承包项目全过程跟踪审计研究免费_2.md
[pool] 跳过 (重复): EPC建设项目中网格化管理的探讨及应用免费.md
[pool] 跳过 (重复): EPC建设项目中网格化管理的探讨及应用免费_1.md
[pool] 跳过 (重复): EPC建设项目中网格化管理的探讨及应用免费_2.md
[pool] 跳过 (重复): EPC总承包模式下工程造价的全过程协同管理研究免费.md
[pool] 跳过 (重复): EPC总承包模式下工程造价的全过程协同管理研究免费_1.md
[pool] 跳过 (重复): EPC总承包模式下工程造价的全过程协同管理研究免费_2.md
[pool] 跳过 (重复): EPC模式下建筑施工项目的全过程管理探讨免费.md
[pool] 跳过 (重复): EPC模式下建筑施工项目的全过程管理探讨免费_1.md
[pool] 跳过 (重复): EPC模式下建筑施工项目的全过程管理探讨免费_2.md
[pool] 跳过 (重复): EPC模式下浙江省海宁屋顶光伏并网项目风险管理研究免费.md
[pool] 跳过 (重复): EPC模式下浙江省海宁屋顶光伏并网项目风险管理研究免费_1.md
[pool] 跳过 (重复): EPC模式下浙江省海宁屋顶光伏并网项目风险管理研究免费_2.md
[pool] 跳过 (重复): EPC模式下铁路项目工程合同管理研究免费.md
[pool] 跳过 (重复): EPC模式下铁路项目工程合同管理研究免费_1.md
[pool] 跳过 (重复): EPC模式下铁路项目工程合同管理研究免费_2.md
[pool] 跳过 (重复): EPC联合体工程项目管理痛点剖析及对策免费.md
[pool] 跳过 (重复): EPC联合体工程项目管理痛点剖析及对策免费_1.md
[pool] 跳过 (重复): EPC联合体工程项目管理痛点剖析及对策免费_2.md
[pool] +待审     402字 “十四五”工程勘察设计行业发展规划免费.md               待审判有效后计数 (现待审 7,223,426)
[pool] 跳过 (重复): “十四五”工程勘察设计行业发展规划免费_1.md
[pool] 跳过 (重复): “十四五”工程勘察设计行业发展规划免费_2.md
[pool] 跳过 (重复): 一种烟气脱硫塔内壁的防腐蚀装置免费.md
[pool] 跳过 (重复): 一种烟气脱硫塔内壁的防腐蚀装置免费_1.md
[pool] 跳过 (重复): 一种烟气脱硫塔内壁的防腐蚀装置免费_2.md
[pool] 跳过 (重复): 一种立式换热器管束检修用的快速移动装置免费.md
[pool] 跳过 (重复): 一种立式换热器管束检修用的快速移动装置免费_1.md
[pool] 跳过 (重复): 一种立式换热器管束检修用的快速移动装置免费_2.md
[pool] 跳过 (重复): 一种节能型高效径向甲醇反应器免费.md
[pool] 跳过 (重复): 一种节能型高效径向甲醇反应器免费_1.md
[pool] 跳过 (重复): 一种节能型高效径向甲醇反应器免费_2.md
[pool] 跳过 (重复): 一种适用于强放热反应的径向轴向复合式反应器免费.md
[pool] 跳过 (重复): 一种适用于强放热反应的径向轴向复合式反应器免费_1.md
[pool] 跳过 (重复): 一种适用于强放热反应的径向轴向复合式反应器免费_2.md
[pool] 跳过 (重复): 义乌江灯光亮化工程（一期）EPC总承包夜景照明工程赏析免费.md
[pool] 跳过 (重复): 义乌江灯光亮化工程（一期）EPC总承包夜景照明工程赏析免费_1.md
[pool] 跳过 (重复): 义乌江灯光亮化工程（一期）EPC总承包夜景照明工程赏析免费_2.md
[pool] 跳过 (重复): 人工智能赋能“工程项目管理”智慧课堂建设教学改革研究免费.md
[pool] 跳过 (重复): 人工智能赋能“工程项目管理”智慧课堂建设教学改革研究免费_1.md
[pool] 跳过 (重复): 人工智能赋能“工程项目管理”智慧课堂建设教学改革研究免费_2.md
[pool] 跳过 (重复): 以设计为龙头的海上风电工程总承包项目管理研究免费.md
[pool] 跳过 (重复): 以设计为龙头的海上风电工程总承包项目管理研究免费_1.md
[pool] 跳过 (重复): 以设计为龙头的海上风电工程总承包项目管理研究免费_2.md
[pool] 跳过 (重复): 全面质量管理在电力建设EPC项目中的应用及分析免费.md
[pool] 跳过 (重复): 全面质量管理在电力建设EPC项目中的应用及分析免费_1.md
[pool] 跳过 (重复): 全面质量管理在电力建设EPC项目中的应用及分析免费_2.md
[pool] 跳过 (重复): 冶金流程工程学理论指导下钢铁智能化探索与实践免费.md
[pool] 跳过 (重复): 冶金流程工程学理论指导下钢铁智能化探索与实践免费_1.md
[pool] 跳过 (重复): 冶金流程工程学理论指导下钢铁智能化探索与实践免费_2.md
[pool] 跳过 (重复): 国外大型油气建设项目管理模式研究及启示免费.md
[pool] 跳过 (重复): 国外大型油气建设项目管理模式研究及启示免费_1.md
[pool] 跳过 (重复): 国外大型油气建设项目管理模式研究及启示免费_2.md
[pool] 跳过 (重复): 国投湄洲湾第二发电厂EPC项目管理的创新与探索免费.md
[pool] 跳过 (重复): 国投湄洲湾第二发电厂EPC项目管理的创新与探索免费_1.md
[pool] 跳过 (重复): 国投湄洲湾第二发电厂EPC项目管理的创新与探索免费_2.md
[pool] 跳过 (重复): 基于BIM+GIS的铁路EPC项目施组进度一体化管理方法网络首发免费.md
[pool] 跳过 (重复): 基于BIM+GIS的铁路EPC项目施组进度一体化管理方法网络首发免费_1.md
[pool] 跳过 (重复): 基于BIM+GIS的铁路EPC项目施组进度一体化管理方法网络首发免费_2.md
[pool] 跳过 (重复): 基于EPC总承包模式的住宅建筑工程管理策略探究免费.md
[pool] 跳过 (重复): 基于EPC总承包模式的住宅建筑工程管理策略探究免费_1.md
[pool] 跳过 (重复): 基于EPC总承包模式的住宅建筑工程管理策略探究免费_2.md
[pool] 跳过 (重复): 基于博弈论组合赋权—模糊综合评价法的铁路EPC项目进度影响因素研究免费.md
[pool] 跳过 (重复): 基于博弈论组合赋权—模糊综合评价法的铁路EPC项目进度影响因素研究免费_1.md
[pool] 跳过 (重复): 基于博弈论组合赋权—模糊综合评价法的铁路EPC项目进度影响因素研究免费_2.md
[pool] 跳过 (重复): 基于层次分析法的高校新校区项目管理模式优选研究免费.md
[pool] 跳过 (重复): 基于层次分析法的高校新校区项目管理模式优选研究免费_1.md
[pool] 跳过 (重复): 基于层次分析法的高校新校区项目管理模式优选研究免费_2.md
[pool] 跳过 (重复): 基于平行分包模式的建筑工程EPC成本评估研究免费.md
[pool] 跳过 (重复): 基于平行分包模式的建筑工程EPC成本评估研究免费_1.md
[pool] 跳过 (重复): 基于平行分包模式的建筑工程EPC成本评估研究免费_2.md
[pool] 跳过 (重复): 基于数字化技术的电力工程总承包项目管理研究——以华南区域某燃机项目为例免费.md
[pool] 跳过 (重复): 基于数字化技术的电力工程总承包项目管理研究——以华南区域某燃机项目为例免费_1.md
[pool] 跳过 (重复): 基于数字化技术的电力工程总承包项目管理研究——以华南区域某燃机项目为例免费_2.md
[pool] 跳过 (重复): 基于神经网络的水煤浆气化炉炉温预测方法免费.md
[pool] 跳过 (重复): 基于神经网络的水煤浆气化炉炉温预测方法免费_1.md
[pool] 跳过 (重复): 基于神经网络的水煤浆气化炉炉温预测方法免费_2.md
[pool] 跳过 (重复): 基于财务共享的资金集中管理创新机制与经济后果研究——以中石化集团为例免费.md
[pool] 跳过 (重复): 基于财务共享的资金集中管理创新机制与经济后果研究——以中石化集团为例免费_1.md
[pool] 跳过 (重复): 基于财务共享的资金集中管理创新机制与经济后果研究——以中石化集团为例免费_2.md
[pool] 跳过 (重复): 大型水电工程建设管理模式创新免费.md
[pool] 跳过 (重复): 大型水电工程建设管理模式创新免费_1.md
[pool] 跳过 (重复): 大型水电工程建设管理模式创新免费_2.md
[pool] 跳过 (重复): 大语言模型在土木工程领域中的研究现状、挑战及趋势免费.md
[pool] 跳过 (重复): 大语言模型在土木工程领域中的研究现状、挑战及趋势免费_1.md
[pool] 跳过 (重复): 大语言模型在土木工程领域中的研究现状、挑战及趋势免费_2.md
[pool] 跳过 (重复): 安徽 印发住房城乡建设领域“人工智能+”行动方案免费.md
[pool] 跳过 (重复): 安徽 印发住房城乡建设领域“人工智能+”行动方案免费_1.md
[pool] 跳过 (重复): 安徽 印发住房城乡建设领域“人工智能+”行动方案免费_2.md
[pool] 跳过 (重复): 工程总承包与全过程工程咨询融合应用的价值、挑战与对策免费.md
[pool] 跳过 (重复): 工程总承包与全过程工程咨询融合应用的价值、挑战与对策免费_1.md
[pool] 跳过 (重复): 工程总承包与全过程工程咨询融合应用的价值、挑战与对策免费_2.md
[pool] 跳过 (重复): 建设单位EPC项目管理困境及提升路径研究免费.md
[pool] 跳过 (重复): 建设单位EPC项目管理困境及提升路径研究免费_1.md
[pool] 跳过 (重复): 建设单位EPC项目管理困境及提升路径研究免费_2.md
[pool] 跳过 (重复): 建设管理平台在城市轨道交通工程建设项目管理中的应用免费.md
[pool] 跳过 (重复): 建设管理平台在城市轨道交通工程建设项目管理中的应用免费_1.md
[pool] 跳过 (重复): 建设管理平台在城市轨道交通工程建设项目管理中的应用免费_2.md
[pool] 跳过 (重复): 招标人主体责任强化背景下企业合规管理数字化转型研究免费.md
[pool] 跳过 (重复): 招标人主体责任强化背景下企业合规管理数字化转型研究免费_1.md
[pool] 跳过 (重复): 招标人主体责任强化背景下企业合规管理数字化转型研究免费_2.md
[pool] 跳过 (重复): 探析水利水电工程项目管理模式免费.md
[pool] 跳过 (重复): 探析水利水电工程项目管理模式免费_1.md
[pool] 跳过 (重复): 探析水利水电工程项目管理模式免费_2.md
[pool] 跳过 (重复): 改革破局筑根基 追求卓越提效能——核理化院工程建设项目管理实践与探索免费.md
[pool] 跳过 (重复): 改革破局筑根基 追求卓越提效能——核理化院工程建设项目管理实践与探索免费_1.md
[pool] 跳过 (重复): 改革破局筑根基 追求卓越提效能——核理化院工程建设项目管理实践与探索免费_2.md
[pool] 跳过 (重复): 数智化赋能下石油工程建设EPC项目成本控制研究免费.md
[pool] 跳过 (重复): 数智化赋能下石油工程建设EPC项目成本控制研究免费_1.md
[pool] 跳过 (重复): 数智化赋能下石油工程建设EPC项目成本控制研究免费_2.md
[pool] 跳过 (重复): 新型建筑材料应用对工程项目管理与运维成本影响分析免费.md
[pool] 跳过 (重复): 新型建筑材料应用对工程项目管理与运维成本影响分析免费_1.md
[pool] 跳过 (重复): 新型建筑材料应用对工程项目管理与运维成本影响分析免费_2.md
[pool] 跳过 (重复): 昆明有色冶金设计研究院股份公司 红泥坡EPC项目获业主表扬 彰显总承包管理硬实力免费.md
[pool] 跳过 (重复): 昆明有色冶金设计研究院股份公司 红泥坡EPC项目获业主表扬 彰显总承包管理硬实力免费_1.md
[pool] 跳过 (重复): 昆明有色冶金设计研究院股份公司 红泥坡EPC项目获业主表扬 彰显总承包管理硬实力免费_2.md
[pool] 跳过 (重复): 构建EPCO一体化管理体系是建筑企业的终极目标——中国勘察设计企业蜕变为EPC工程总承包商的必然性免费.md
[pool] 跳过 (重复): 构建EPCO一体化管理体系是建筑企业的终极目标——中国勘察设计企业蜕变为EPC工程总承包商的必然性免费_1.md
[pool] 跳过 (重复): 构建EPCO一体化管理体系是建筑企业的终极目标——中国勘察设计企业蜕变为EPC工程总承包商的必然性免费_2.md
[pool] 跳过 (重复): 核电工程项目管理信息化研究与探索免费.md
[pool] 跳过 (重复): 核电工程项目管理信息化研究与探索免费_1.md
[pool] 跳过 (重复): 核电工程项目管理信息化研究与探索免费_2.md
[pool] 跳过 (重复): 水利水电工程EPC项目设计管理难点与对策免费.md
[pool] 跳过 (重复): 水利水电工程EPC项目设计管理难点与对策免费_1.md
[pool] 跳过 (重复): 水利水电工程EPC项目设计管理难点与对策免费_2.md
[pool] 跳过 (重复): 水利水电工程项目管理存在不足点及改进措施免费.md
[pool] 跳过 (重复): 水利水电工程项目管理存在不足点及改进措施免费_1.md
[pool] 跳过 (重复): 水利水电工程项目管理存在不足点及改进措施免费_2.md
[pool] +待审     337字 水电工程设计施工一体化精益建造技术研究进展——数字孪生应用模式探索免费. 待审判有效后计数 (现待审 7,223,763)
[pool] 跳过 (重复): 水电工程设计施工一体化精益建造技术研究进展——数字孪生应用模式探索免费_1.md
[pool] 跳过 (重复): 水电工程设计施工一体化精益建造技术研究进展——数字孪生应用模式探索免费_2.md
[pool] 跳过 (重复): 泰国变电站EPC项目的风险与对策免费.md
[pool] 跳过 (重复): 泰国变电站EPC项目的风险与对策免费_1.md
[pool] 跳过 (重复): 泰国变电站EPC项目的风险与对策免费_2.md
[pool] 跳过 (重复): 浅析冶金工程项目质量管理存在的问题及对策免费.md
[pool] 跳过 (重复): 浅析冶金工程项目质量管理存在的问题及对策免费_1.md
[pool] 跳过 (重复): 浅析冶金工程项目质量管理存在的问题及对策免费_2.md
[pool] 跳过 (重复): 浅谈电力工程EPC总承包设计管理免费.md
[pool] 跳过 (重复): 浅谈电力工程EPC总承包设计管理免费_1.md
[pool] 跳过 (重复): 浅谈电力工程EPC总承包设计管理免费_2.md
[pool] 跳过 (重复): 济南出台新政助力建筑业高质量发展免费.md
[pool] 跳过 (重复): 济南出台新政助力建筑业高质量发展免费_1.md
[pool] 跳过 (重复): 济南出台新政助力建筑业高质量发展免费_2.md
[pool] 跳过 (重复): 海外EPC工程总承包项目的组织策划探讨免费.md
[pool] 跳过 (重复): 海外EPC工程总承包项目的组织策划探讨免费_1.md
[pool] 跳过 (重复): 海外EPC工程总承包项目的组织策划探讨免费_2.md
[pool] 跳过 (重复): 海外EPC联营项目管理“十大理念”内涵及落地实践免费.md
[pool] 跳过 (重复): 海外EPC联营项目管理“十大理念”内涵及落地实践免费_1.md
[pool] 跳过 (重复): 海外EPC联营项目管理“十大理念”内涵及落地实践免费_2.md
[pool] 跳过 (重复): 生成式人工智能赋能监管能力提升的内在逻辑及优化路径——基于公共资源交易领域案例的分析免费.md
[pool] 跳过 (重复): 生成式人工智能赋能监管能力提升的内在逻辑及优化路径——基于公共资源交易领域案例的分析免费_1.md
[pool] 跳过 (重复): 生成式人工智能赋能监管能力提升的内在逻辑及优化路径——基于公共资源交易领域案例的分析免费_2.md
[pool] 跳过 (重复): 电力工程EPC总承包模式下的财务协同管理策略探讨免费.md
[pool] 跳过 (重复): 电力工程EPC总承包模式下的财务协同管理策略探讨免费_1.md
[pool] 跳过 (重复): 电力工程EPC总承包模式下的财务协同管理策略探讨免费_2.md
[pool] 跳过 (重复): 省级电子招投标的现状分析与对策研究免费.md
[pool] 跳过 (重复): 省级电子招投标的现状分析与对策研究免费_1.md
[pool] 跳过 (重复): 省级电子招投标的现状分析与对策研究免费_2.md
[pool] 跳过 (重复): 石化行业铁路专用线实施EPC项目管理研究免费.md
[pool] 跳过 (重复): 石化行业铁路专用线实施EPC项目管理研究免费_1.md
[pool] 跳过 (重复): 石化行业铁路专用线实施EPC项目管理研究免费_2.md
[pool] 跳过 (重复): 自然语言处理模型与文本图像生成技术驱动下的包装设计免费.md
[pool] 跳过 (重复): 自然语言处理模型与文本图像生成技术驱动下的包装设计免费_1.md
[pool] 跳过 (重复): 自然语言处理模型与文本图像生成技术驱动下的包装设计免费_2.md
[pool] 跳过 (重复): 苦练内功 开拓创新免费.md
[pool] 跳过 (重复): 苦练内功 开拓创新免费_1.md
[pool] 跳过 (重复): 苦练内功 开拓创新免费_2.md
[pool] 跳过 (重复): 论冶金建设工程总承包中工程公司的费用与进度控制应用免费.md
[pool] 跳过 (重复): 论冶金建设工程总承包中工程公司的费用与进度控制应用免费_1.md
[pool] 跳过 (重复): 论冶金建设工程总承包中工程公司的费用与进度控制应用免费_2.md
[pool] 跳过 (重复): 设计主导EPC模式创新路径的深度探索免费.md
[pool] 跳过 (重复): 设计主导EPC模式创新路径的深度探索免费_1.md
[pool] 跳过 (重复): 设计主导EPC模式创新路径的深度探索免费_2.md
[pool] +待审     337字 钢铁冶金工程中项目管理遇到的挑战及对策分析免费.md           待审判有效后计数 (现待审 7,224,100)
[pool] 跳过 (重复): 钢铁冶金工程中项目管理遇到的挑战及对策分析免费_1.md
[pool] 跳过 (重复): 钢铁冶金工程中项目管理遇到的挑战及对策分析免费_2.md
[pool] +待审     346字 钢铁冶金工程中项目管理遇到的挑战及对策探究免费.md           待审判有效后计数 (现待审 7,224,446)
[pool] 跳过 (重复): 钢铁冶金工程中项目管理遇到的挑战及对策探究免费_1.md
[pool] 跳过 (重复): 钢铁冶金工程中项目管理遇到的挑战及对策探究免费_2.md
[pool] 跳过 (重复): 铁路工程EPC总承包项目业主与总承包商风险治理行为演化博弈研究免费.md
[pool] 跳过 (重复): 铁路工程EPC总承包项目业主与总承包商风险治理行为演化博弈研究免费_1.md
[pool] 跳过 (重复): 铁路工程EPC总承包项目业主与总承包商风险治理行为演化博弈研究免费_2.md
[pool] 跳过 (重复): 面向新工科的工程项目管理智慧课程建设路径研究免费.md
[pool] 跳过 (重复): 面向新工科的工程项目管理智慧课程建设路径研究免费_1.md
[pool] 跳过 (重复): 面向新工科的工程项目管理智慧课程建设路径研究免费_2.md
[pool] +待审  10,618字 damodaran数据目录.md                     待审判有效后计数 (现待审 7,235,064)
[pool] +待审   2,098字 dangdangEPC工程总承包项目风险管理实用指南陈津.md      待审判有效后计数 (现待审 7,237,162)
[pool] +待审   1,456字 dangdang水电工程EPC总承包项目管理理论与实践.md       待审判有效后计数 (现待审 7,238,618)
[pool] +待审   1,501字 dangdang水电工程EPC总承包项目管理理论与实践蔡.md      待审判有效后计数 (现待审 7,240,119)
[pool] +待审   1,019字 dangdang水电工程EPC总承包项目管理理论与实践蔡绍.md     待审判有效后计数 (现待审 7,241,138)
[pool] 跳过 (重复): 深爬content117591102ht.md
[pool] +待审     413字 深爬content117977223ht.md              待审判有效后计数 (现待审 7,241,551)
[pool] 跳过 (重复): 深爬content35097880htm.md
[pool] 跳过 (重复): 深爬content35098342htm.md
[pool] 跳过 (重复): 深爬content76151953htm.md
[pool] 跳过 (重复): 深爬content76891246htm.md
[pool] 跳过 (重复): 深爬content76891258htm.md
[pool] 跳过 (重复): 深爬content76891272htm.md
[pool] 跳过 (重复): 深爬content76913922htm.md
[pool] 跳过 (重复): 深爬content77749990htm.md
[pool] 跳过 (重复): 深爬content77888669htm.md
[pool] 跳过 (重复): 深爬node7219999htm.md
[pool] 跳过 (重复): 深爬node7220017htm.md
  … 3500 件 (跳 0)
[pool] 跳过 (重复): 深爬首页.md
[pool] +待审     286字 djyanbao研报索引电子工程行业报告.md              待审判有效后计数 (现待审 7,241,837)
[pool] +待审  21,791字 生态环境部环评管理划定871个环境管控单元针对每.md          待审判有效后计数 (现待审 7,263,628)
[pool] 跳过 (重复): 生态环境部环评管理北京三线一单激活绿色发展新动.md
[pool] +待审  19,992字 生态环境部环评管理广西五措施推进三线一单成果.md            待审判有效后计数 (现待审 7,283,620)
[pool] +待审  19,998字 生态环境部环评管理湖北推动三线一单成果落地应用.md           待审判有效后计数 (现待审 7,303,618)
[pool] 跳过 (重复): 10亿美元三星加码AI基建英伟达已参与其中.md
[pool] +待审     239字 9月28日晚间上市公司利好消息一览附名单.md              待审判有效后计数 (现待审 7,303,857)
[pool] +待审     241字 9月28日晚间沪深上市公司重大事项公告最新快递.md           待审判有效后计数 (现待审 7,304,098)
[pool] +待审     213字 AI数据中心建设加速之际地方阻力从美国蔓延至欧洲和亚洲.md       待审判有效后计数 (现待审 7,304,311)
[pool] +待审     277字 ST岭南因违法转包拟被罚没3706万元已连续19个交易.md       待审判有效后计数 (现待审 7,304,588)
[pool] +待审     200字 ST英飞龙虎榜营业部净卖出77598万元.md              待审判有效后计数 (现待审 7,304,788)
[pool] +待审     183字 中国正在编织六张超级大网.md                      待审判有效后计数 (现待审 7,304,971)
[pool] +待审     277字 公告精选景旺电子第三季度净利预增20546到2647.md        待审判有效后计数 (现待审 7,305,248)
[pool] +待审     243字 再添利空因违法转包ST岭南拟被罚没超3700万收盘价.md        待审判有效后计数 (现待审 7,305,491)
[pool] 跳过 (重复): 冠中生态联合体拟中标104亿元工程总承包项目.md
[pool] 跳过 (重复): 创新药产业化提速制药装备整线智能化开启国产突围新周期行业.md
[pool] +待审     175字 华为昇腾950DT千卡超节点落地中国移动算力中心北京节点.md      待审判有效后计数 (现待审 7,305,666)
[pool] 跳过 (重复): 华康洁净签订5400万元医疗专项专业分包工程合同.md
[pool] +待审     187字 围海股份关于工程项目中标的公告.md                   待审判有效后计数 (现待审 7,305,853)
[pool] +待审     224字 国产操作系统稳步渗透统信UOS拿下中国移动订单20万元采.md      待审判有效后计数 (现待审 7,306,077)
[pool] +待审     190字 地方审计披露一些信息化项目重复建设使用效率低.md            待审判有效后计数 (现待审 7,306,267)
[pool] +待审     211字 天宽科技中标南网驭电大模型开发支持研究项目.md             待审判有效后计数 (现待审 7,306,478)
[pool] +待审     213字 宁夏修订科技金融补助管理办法纾解企业融资难题.md            待审判有效后计数 (现待审 7,306,691)
[pool] +待审     215字 尚水智能9月30日龙虎榜数据.md                    待审判有效后计数 (现待审 7,306,906)
[pool] +待审     245字 市政厅爆发冲突美中期选举遭遇反数据中心浪潮民众抗议四.md        待审判有效后计数 (现待审 7,307,151)
[pool] +待审     222字 惠通科技中标366亿元涤纶化纤项目.md                 待审判有效后计数 (现待审 7,307,373)
[pool] +待审     235字 投资中国从消费热土到全球创新策源地欧莱雅持续加码中国.md        待审判有效后计数 (现待审 7,307,608)
[pool] 跳过 (重复): 斥资10亿美元三星加码AI基建英伟达已参与其中.md
[pool] +待审     164字 新增专项债发行进度超七成.md                      待审判有效后计数 (现待审 7,307,772)
[pool] +待审     201字 晚间公告10月9日这些公告有看头.md                  待审判有效后计数 (现待审 7,307,973)
[pool] +待审     192字 晚间重要公告汇总.md                          待审判有效后计数 (现待审 7,308,165)
[pool] 跳过 (重复): 江西省金融控股集团有限公司原董事长齐伟被提起公诉.md
[pool] +待审     179字 海伦哲大宗交易成交902000万元.md                 待审判有效后计数 (现待审 7,308,344)
[pool] +待审     223字 满坤科技9月14日龙虎榜数据.md                    待审判有效后计数 (现待审 7,308,567)
[pool] +待审     175字 甘肃能化下属公司中标多个项目.md                    待审判有效后计数 (现待审 7,308,742)
[pool] +待审     173字 电气风电预中标内蒙古能源集团450MW风电项目.md           待审判有效后计数 (现待审 7,308,915)
[pool] +待审     238字 破解垃圾围城中国防治固体废物污染初战告捷.md              待审判有效后计数 (现待审 7,309,153)
[pool] +待审     158字 第三季度中国航运景气报告中国航运信心指数升至较强景气区间.md      待审判有效后计数 (现待审 7,309,311)
[pool] +待审     220字 聚焦代际传承与治理现代化上市公司家族治理研讨会在深圳举办.md      待审判有效后计数 (现待审 7,309,531)
[pool] +待审     241字 至源控股马来西亚67MW数据中心签10年托管协议拟22.md       待审判有效后计数 (现待审 7,309,772)
[pool] +待审     242字 菲利华接受调研AI算力基础设施与数据中心建设提速带动石英.md      待审判有效后计数 (现待审 7,310,014)
[pool] +待审     207字 金冠电气全资子公司签订不超296亿美元EPC总承包框架协.md      待审判有效后计数 (现待审 7,310,221)
[pool] 跳过 (重复): 高毛利业务占比提升致营收下降利润增长中国瑞林上半年新签订单.md
[pool] +待审   1,573字 全国公共资源交易平台凤翔区2026年玉米单产提升工程.md        待审判有效后计数 (现待审 7,311,794)
[pool] +待审   1,604字 全国公共资源交易平台国家电投集团贵州金元股份有限公司.md        待审判有效后计数 (现待审 7,313,398)
[pool] +待审   1,774字 全国公共资源交易平台巫溪县泛红池坝片区污水处理及管网.md        待审判有效后计数 (现待审 7,315,172)
[pool] +待审   1,595字 全国公共资源交易平台汤湖公园城市亲子乐园项目工程总承.md        待审判有效后计数 (现待审 7,316,767)
[pool] +待审   1,848字 全国公共资源交易平台淄博科学城创新基础设施项目一期.md         待审判有效后计数 (现待审 7,318,615)
[pool] +待审   2,221字 全国公共资源交易平台第九师中级人民法院审判法庭建设项.md        待审判有效后计数 (现待审 7,320,836)
[pool] +待审   1,784字 全国公共资源交易平台第八师石河子市水源地至第二水厂引.md        待审判有效后计数 (现待审 7,322,620)
[pool] +待审   1,836字 全国公共资源交易平台美居璟熙二期项目1317.md            待审判有效后计数 (现待审 7,324,456)
[pool] +待审     774字 hbba行标目录EPC总承包市场分析.md                待审判有效后计数 (现待审 7,325,230)
[pool] +待审     764字 hbba行标目录EPC纵横.md                     待审判有效后计数 (现待审 7,325,994)
[pool] +待审     778字 hbba行标目录EPC项目全过程精细化管控21个.md          待审判有效后计数 (现待审 7,326,772)
[pool] +待审     774字 hbba行标目录EPC项目精细化管理.md                待审判有效后计数 (现待审 7,327,546)
[pool] +待审     778字 hbba行标目录EPC项目精细化管理中标.md              待审判有效后计数 (现待审 7,328,324)
[pool] +待审     766字 hbba行标目录中国工程咨询.md                    待审判有效后计数 (现待审 7,329,090)
[pool] +待审     766字 hbba行标目录中国电子工程.md                    待审判有效后计数 (现待审 7,329,856)
[pool] +待审     794字 hbba行标目录中国电子系统工程第四建设有限公司.md          待审判有效后计数 (现待审 7,330,650)
[pool] +待审     794字 hbba行标目录中国移动宁夏中卫数据中心B区.md            待审判有效后计数 (现待审 7,331,444)
[pool] +待审     764字 hbba行标目录中电四公司.md                     待审判有效后计数 (现待审 7,332,208)
[pool] +待审     774字 hbba行标目录中电四公司EPC总包.md                待审判有效后计数 (现待审 7,332,982)
[pool] +待审     772字 hbba行标目录中电四公司中标项目.md                 待审判有效后计数 (现待审 7,333,754)
[pool] +待审     818字 hbba行标目录中电四公司在信息系统工程EPC项.md          待审判有效后计数 (现待审 7,334,572)
[pool] +待审     802字 hbba行标目录中电四公司如何管理EPC项目中的.md          待审判有效后计数 (现待审 7,335,374)
[pool] +待审     772字 hbba行标目录中电四公司案例经验.md                 待审判有效后计数 (现待审 7,336,146)
[pool] +待审     768字 hbba行标目录信息系统产业链.md                   待审判有效后计数 (现待审 7,336,914)
[pool] +待审     774字 hbba行标目录信息系统总承包全过程.md                待审判有效后计数 (现待审 7,337,688)
[pool] +待审     770字 hbba行标目录北京大兴国际机场.md                  待审判有效后计数 (现待审 7,338,458)
[pool] +待审     774字 hbba行标目录北京大兴国际机场中标.md                待审判有效后计数 (现待审 7,339,232)
[pool] +待审     806字 hbba行标目录华中科技大学先进制造大楼二期项目.md          待审判有效后计数 (现待审 7,340,038)
[pool] +待审     800字 hbba行标目录屏蔽数据中心机房和网络管井建设E.md          待审判有效后计数 (现待审 7,340,838)
[pool] +待审     762字 hbba行标目录工程建设.md                      待审判有效后计数 (现待审 7,341,600)
[pool] +待审     762字 hbba行标目录数据中心.md                      待审判有效后计数 (现待审 7,342,362)
[pool] +待审     772字 hbba行标目录数据中心建设总承包.md                 待审判有效后计数 (现待审 7,343,134)
[pool] +待审     804字 hbba行标目录江西省赣州经济技术开发区蓝翔康居.md          待审判有效后计数 (现待审 7,343,938)
[pool] +待审     752字 hbba行标目录油田地面建设.md                    待审判有效后计数 (现待审 7,344,690)
[pool] +待审     756字 hbba行标目录油田地面建设中标.md                  待审判有效后计数 (现待审 7,345,446)
[pool] +待审     770字 hbba行标目录深圳平安金融中心.md                  待审判有效后计数 (现待审 7,346,216)
[pool] +待审     774字 hbba行标目录深圳平安金融中心中标.md                待审判有效后计数 (现待审 7,346,990)
[pool] +待审     762字 hbba行标目录玉昆项目.md                      待审判有效后计数 (现待审 7,347,752)
[pool] +待审     766字 hbba行标目录玉昆项目中标.md                    待审判有效后计数 (现待审 7,348,518)
[pool] +待审     762字 hbba行标目录电子工程.md                      待审判有效后计数 (现待审 7,349,280)
[pool] +待审     776字 hbba行标目录电子工程EPC项目管理.md               待审判有效后计数 (现待审 7,350,056)
[pool] +待审     770字 hbba行标目录电子工程行业报告.md                  待审判有效后计数 (现待审 7,350,826)
[pool] +待审     762字 hbba行标目录襄荆高铁.md                      待审判有效后计数 (现待审 7,351,588)
[pool] +待审     766字 hbba行标目录襄荆高铁中标.md                    待审判有效后计数 (现待审 7,352,354)
[pool] +待审     760字 hbba行标目录邯郸某铁路EPC项目.md                待审判有效后计数 (现待审 7,353,114)
[pool] +待审     764字 hbba行标目录邯郸某铁路EPC项目中标.md              待审判有效后计数 (现待审 7,353,878)
[pool] +待审   1,029字 先进数通互动易问答公示日期20260521招标.md           待审判有效后计数 (现待审 7,354,907)
[pool] +待审     506字 北路智控互动易问答关注到公司近期有中标神东电力黄玉川煤.md       待审判有效后计数 (现待审 7,355,413)
[pool] +待审     228字 大连电瓷互动易问答国家电网中标公示已结束请问公司是否.md        待审判有效后计数 (现待审 7,355,641)
[pool] +待审     385字 荣联科技互动易问答董秘您好在部分公开的政企算力项目中.md        待审判有效后计数 (现待审 7,356,026)
[pool] +待审     385字 荣联科技互动易问答董秘您好第三方招投标平台可以检索到.md        待审判有效后计数 (现待审 7,356,411)
[pool] +待审   6,493字 职友集ISO14001认证.md                     待审判有效后计数 (现待审 7,362,904)
[pool] +待审     307字 jzsc企业中国电子系统工程第三建设有限公司.md            待审判有效后计数 (现待审 7,363,211)
[pool] +待审     304字 jzsc企业中国电子系统工程第二建设有限公司.md            待审判有效后计数 (现待审 7,363,515)
[pool] +待审     308字 jzsc企业中国电子系统工程第四建设有限公司.md            待审判有效后计数 (现待审 7,363,823)
[pool] 跳过 (重复): 鲁班奖名单20202021年度第一批中国.md
[pool] 跳过 (重复): 鲁班奖名单全国建筑市场监管公共服务平台.md
[pool] 跳过 (重复): 鲁班奖名单关于20202021年度第一批.md
[pool] +待审  10,578字 应急管理部国务院安委办应急管理部视频调度.md              待审判有效后计数 (现待审 7,374,401)
[pool] +待审  10,539字 应急管理部应急管理部与中国工程院签署战略合.md             待审判有效后计数 (现待审 7,384,940)
[pool] +待审   9,196字 应急管理部应急管理部召开党委会议.md                  待审判有效后计数 (现待审 7,394,136)
[pool] +待审   9,835字 应急管理部张成中看望慰问基层消防救援指战员.md             待审判有效后计数 (现待审 7,403,971)
[pool] +待审  12,032字 应急管理部第二届全国灾害信息员业务技能大赛.md             待审判有效后计数 (现待审 7,416,003)
[pool] +待审     480字 metaso_中国电子系统工程第四建设有限公_scholar.md    待审判有效后计数 (现待审 7,416,483)
[pool] +待审     687字 metaso_中电四公司EPC项目的典型客户_scholar.md    待审判有效后计数 (现待审 7,417,170)
[pool] +待审   1,107字 metaso_中电四公司EPC项目的合同风险_scholar.md    待审判有效后计数 (现待审 7,418,277)
[pool] +待审   1,374字 metaso_中电四公司在信息系统工程EPC_scholar.md    待审判有效后计数 (现待审 7,419,651)
[pool] +待审     472字 metaso_中电四公司在电子工程EPC项目_scholar.md    待审判有效后计数 (现待审 7,420,123)
[pool] +待审   1,346字 metaso_中电四公司如何管理EPC项目中_scholar.md    待审判有效后计数 (现待审 7,421,469)
[pool] +待审     330字 metaso_中电四建EPC业务的供应链管理_scholar.md    待审判有效后计数 (现待审 7,421,799)
[pool] +待审   1,328字 metaso_中电四建EPC业务的盈利驱动因_scholar.md    待审判有效后计数 (现待审 7,423,127)
[pool] +待审     894字 metaso_中电四建EPC业务的组织架构是_scholar.md    待审判有效后计数 (现待审 7,424,021)
[pool] +待审   1,034字 metaso_中电四建在EPC合同谈判中如何_scholar.md    待审判有效后计数 (现待审 7,425,055)
[pool] +待审   1,303字 metaso_中电四建在EPC项目中构建了哪_scholar.md    待审判有效后计数 (现待审 7,426,358)
[pool] +待审     974字 metaso_中电四建在EPC项目履约过程中_scholar.md    待审判有效后计数 (现待审 7,427,332)
[pool] +待审   1,050字 metaso_中电四建在EPC项目执行中如何_scholar.md    待审判有效后计数 (现待审 7,428,382)
[pool] +待审   1,339字 metaso_中电四建的EPC业务在海外市场_scholar.md    待审判有效后计数 (现待审 7,429,721)
[pool] +待审     605字 metaso_中电四建的EPC业务数字化转型_scholar.md    待审判有效后计数 (现待审 7,430,326)
[pool] +待审   1,401字 metaso_四建公司如何通过供应链金融或预_scholar.md    待审判有效后计数 (现待审 7,431,727)
[pool] +待审     887字 metaso_在EPC模式下中国电子系统工程_scholar.md    待审判有效后计数 (现待审 7,432,614)
[pool] +待审   1,453字 metaso_在EPC项目全生命周期中贵司如_scholar.md    待审判有效后计数 (现待审 7,434,067)
[pool] +待审   1,957字 metaso_在EPC项目全生命周期中贵司是_scholar.md    待审判有效后计数 (现待审 7,436,024)
[pool] +待审   1,034字 metaso_在EPC项目的高毛利设计环节四_scholar.md    待审判有效后计数 (现待审 7,437,058)
[pool] +待审   1,297字 metaso_在海外EPC项目中该公司如何构_scholar.md    待审判有效后计数 (现待审 7,438,355)
[pool] +待审   2,285字 metaso_在电子信息化项目的EPC总包中_scholar.md    待审判有效后计数 (现待审 7,440,640)
[pool] +待审   2,020字 metaso_贵司在EPC项目交付中是如何通_scholar.md    待审判有效后计数 (现待审 7,442,660)
[pool] +待审   1,555字 metaso_面对业主提出的苛刻工期要求贵司_scholar.md    待审判有效后计数 (现待审 7,444,215)
[pool] +待审     526字 metaso_面对业主方对项目投资回报的考核_scholar.md    待审判有效后计数 (现待审 7,444,741)
[pool] +待审   1,775字 metaso_面对业主方特别是政府平台或央企_scholar.md    待审判有效后计数 (现待审 7,446,516)
[pool] +待审     746字 metaso_面对电子行业特有的高技术壁垒与_scholar.md    待审判有效后计数 (现待审 7,447,262)
[pool] 跳过 (重复): 商务部2026年18月我国全行业对外直接.md
[pool] 跳过 (重复): 商务部2026年18月我国对共建一带一.md
[pool] 跳过 (重复): 商务部2026年18月我国对外劳务合作业.md
[pool] 跳过 (重复): 商务部2026年18月我国对外承包工程业.md
[pool] 跳过 (重复): 商务部商务部国家统计局和国家外汇局联合发.md
[pool] 跳过 (重复): 住建部2026年世界城市日全球主场活动.md
[pool] 跳过 (重复): 住建部国务院政策例行吹风会切实做好保.md
[pool] 跳过 (重复): 住建部国新办举行开局起步十五五.md
[pool] +待审   5,309字 住建部赓续师者初心服务住建大局倪虹.md                 待审判有效后计数 (现待审 7,452,571)
[pool] +待审  10,783字 交通运输部习近平就建设更高水平平安中国作出.md             待审判有效后计数 (现待审 7,463,354)
[pool] +待审  10,147字 交通运输部习近平给四川大学全体师生回信.md               待审判有效后计数 (现待审 7,473,501)
[pool] +待审  17,382字 交通运输部加快形成绿色低碳交通运输体系有.md              待审判有效后计数 (现待审 7,490,883)
[pool] +待审  12,960字 交通运输部庆祝中华人民共和国成立77周年招.md             待审判有效后计数 (现待审 7,503,843)
[pool] +待审  14,886字 交通运输部探索浩瀚宇宙发展航天事业.md                 待审判有效后计数 (现待审 7,518,729)
[pool] +待审  10,889字 交通运输部求是杂志发表习近平总书记重要.md               待审判有效后计数 (现待审 7,529,618)
[pool] +待审  14,618字 交通运输部烈士纪念日向人民英雄敬献花篮仪式.md             待审判有效后计数 (现待审 7,544,236)
[pool] +待审  15,683字 交通运输部铸就社会主义文化新辉煌习近平.md               待审判有效后计数 (现待审 7,559,919)
[pool] +待审  32,129字 交易商协会中国场外金融衍生品市场发展报告.md              待审判有效后计数 (现待审 7,592,048)
[pool] +待审  31,616字 交易商协会中国浮息债券市场发展报告20.md               待审判有效后计数 (现待审 7,623,664)
[pool] +待审  33,399字 交易商协会关于提示做好2026年半年度报告.md             待审判有效后计数 (现待审 7,657,063)
[pool] +待审  32,985字 交易商协会关于银行间市场交易人员信息报送有.md             待审判有效后计数 (现待审 7,690,048)
[pool] +待审  36,869字 交易商协会银行间市场数据报告库上海股份.md               待审判有效后计数 (现待审 7,726,917)
[pool] +待审   3,768字 发改委政策通知关于印发可再生能源发展十五五.md             待审判有效后计数 (现待审 7,730,685)
[pool] +待审   3,645字 发改委政策通知关于印发新型电力系统建设十五.md             待审判有效后计数 (现待审 7,734,330)
[pool] +待审   3,556字 发改委政策通知关于印发新型能源体系建设十五.md             待审判有效后计数 (现待审 7,737,886)
[pool] +待审   3,532字 发改委政策通知关于印发浙江高质量发展建设共同富.md           待审判有效后计数 (现待审 7,741,418)
[pool] +待审   3,747字 发改委政策通知关于印发煤炭工业发展十五五.md              待审判有效后计数 (现待审 7,745,165)
[pool] +待审   3,615字 发改委政策通知关于印发物流网建设实施方案的.md             待审判有效后计数 (现待审 7,748,780)
[pool] +待审   3,623字 发改委政策通知关于印发石油天然气发展十五五.md             待审判有效后计数 (现待审 7,752,403)
[pool] +待审   4,123字 发改委政策通知关于印发第五批全国社会信用体系建.md           待审判有效后计数 (现待审 7,756,526)
[pool] 跳过 (重复): 发改委政策通知关于重要工业品低价无序竞争成本核.md
[pool] 跳过 (重复): 发改委项目批复关于内蒙古纳林河矿区陶忽图煤矿项.md
[pool] 跳过 (重复): 发改委项目批复关于惠州液化天然气接收站项目核准.md
[pool] 跳过 (重复): 发改委项目批复关于陕西榆横矿区南区海则滩煤矿项.md
[pool] 跳过 (重复): 发改委项目批复关于陕西榆横矿区南区海测滩煤矿项.md
[pool] 跳过 (重复): 国家能源局严守建设施工安全强化工程质量管.md
[pool] +待审  11,739字 国家能源局国家发展改革委国家能源局关于印.md              待审判有效后计数 (现待审 7,768,265)
[pool] +待审  18,623字 国家核安全局中共中央办公厅国务院办公厅中.md              待审判有效后计数 (现待审 7,786,888)
[pool] +待审  20,271字 国家核安全局习近平就建设更高水平平安中国作出.md            待审判有效后计数 (现待审 7,807,159)
[pool] +待审  19,712字 国家核安全局习近平给四川大学全体师生回信.md              待审判有效后计数 (现待审 7,826,871)
[pool] 跳过 (重复): 国家核安全局大国正确相处的新路就在脚下.md
[pool] +待审  21,649字 国家核安全局庆祝中华人民共和国成立77周年招.md            待审判有效后计数 (现待审 7,848,520)
[pool] +待审  23,312字 国家核安全局探索浩瀚宇宙发展航天事业.md                待审判有效后计数 (现待审 7,871,832)
[pool] +待审  21,872字 国家核安全局生态环境部召开美丽中国建设十.md              待审判有效后计数 (现待审 7,893,704)
[pool] +待审     369字 OFAC筛查台账.md                          待审判有效后计数 (现待审 7,894,073)
[pool] +待审     413字 Panjiva提单证据AECOM.md                  待审判有效后计数 (现待审 7,894,486)
[pool] +待审   2,160字 Panjiva提单证据Bechtel.md                待审判有效后计数 (现待审 7,896,646)
[pool] +待审   2,452字 Panjiva提单证据Fluor.md                  待审判有效后计数 (现待审 7,899,098)
[pool] +待审   2,137字 Panjiva提单证据Jacobs.md                 待审判有效后计数 (现待审 7,901,235)
[pool] +待审   2,590字 Panjiva提单证据Vinci.md                  待审判有效后计数 (现待审 7,903,825)
[pool] 跳过 (重复): patent2026年政府工作报告解读中国政府网.md
[pool] +待审   6,608字 patent21IC电子网电子工程师的优选网站.md           待审判有效后计数 (现待审 7,910,433)
[pool] +待审     347字 patentCN105023188B.md                待审判有效后计数 (现待审 7,910,780)
[pool] +待审     401字 patentCN105912651B.md                待审判有效后计数 (现待审 7,911,181)
[pool] +待审     315字 patentCN106548322B.md                待审判有效后计数 (现待审 7,911,496)
[pool] +待审     445字 patentCN106777970B.md                待审判有效后计数 (现待审 7,911,941)
[pool] +待审     443字 patentCN107193375B.md                待审判有效后计数 (现待审 7,912,384)
[pool] +待审     420字 patentCN107231221B.md                待审判有效后计数 (现待审 7,912,804)
[pool] +待审     386字 patentCN107636715B.md                待审判有效后计数 (现待审 7,913,190)
[pool] +待审     460字 patentCN107729682B.md                待审判有效后计数 (现待审 7,913,650)
[pool] +待审     292字 patentCN107787571B.md                待审判有效后计数 (现待审 7,913,942)
[pool] +待审     453字 patentCN108052058B.md                待审判有效后计数 (现待审 7,914,395)
[pool] +待审     476字 patentCN108353034B.md                待审判有效后计数 (现待审 7,914,871)
[pool] +待审     386字 patentCN108711097A.md                待审判有效后计数 (现待审 7,915,257)
[pool] +待审     280字 patentCN108846644B.md                待审判有效后计数 (现待审 7,915,537)
[pool] +待审     418字 patentCN108921491B.md                待审判有效后计数 (现待审 7,915,955)
[pool] +待审     428字 patentCN108932586B.md                待审判有效后计数 (现待审 7,916,383)
[pool] +待审     346字 patentCN109104373B.md                待审判有效后计数 (现待审 7,916,729)
[pool] +待审     400字 patentCN109214776A.md                待审判有效后计数 (现待审 7,917,129)
[pool] +待审     366字 patentCN109313624B.md                待审判有效后计数 (现待审 7,917,495)
[pool] +待审     460字 patentCN109347151B.md                待审判有效后计数 (现待审 7,917,955)
[pool] +待审     468字 patentCN109416873B.md                待审判有效后计数 (现待审 7,918,423)
[pool] +待审     461字 patentCN109599861B.md                待审判有效后计数 (现待审 7,918,884)
[pool] +待审     448字 patentCN109669934B.md                待审判有效后计数 (现待审 7,919,332)
[pool] +待审     445字 patentCN109670730B.md                待审判有效后计数 (现待审 7,919,777)
[pool] +待审     457字 patentCN109816317A.md                待审判有效后计数 (现待审 7,920,234)
[pool] +待审     399字 patentCN110147417B.md                待审判有效后计数 (现待审 7,920,633)
[pool] +待审     430字 patentCN110288210B.md                待审判有效后计数 (现待审 7,921,063)
[pool] +待审     316字 patentCN110300072B.md                待审判有效后计数 (现待审 7,921,379)
[pool] +待审     448字 patentCN110580148B.md                待审判有效后计数 (现待审 7,921,827)
[pool] +待审     461字 patentCN110636123B.md                待审判有效后计数 (现待审 7,922,288)
[pool] +待审     424字 patentCN111259202B.md                待审判有效后计数 (现待审 7,922,712)
[pool] +待审     379字 patentCN111552700B.md                待审判有效后计数 (现待审 7,923,091)
[pool] +待审     350字 patentCN111627099B.md                待审判有效后计数 (现待审 7,923,441)
[pool] +待审     440字 patentCN111767247B.md                待审判有效后计数 (现待审 7,923,881)
[pool] +待审     423字 patentCN111815168B.md                待审判有效后计数 (现待审 7,924,304)
[pool] +待审     423字 patentCN111815281B.md                待审判有效后计数 (现待审 7,924,727)
[pool] 跳过 (重复): patentCN111815282B.md
[pool] 跳过 (重复): patentCN111815283B.md
[pool] +待审     302字 patentCN111815424B.md                待审判有效后计数 (现待审 7,925,029)
[pool] +待审     452字 patentCN111930381B.md                待审判有效后计数 (现待审 7,925,481)
[pool] +待审     401字 patentCN112049143B.md                待审判有效后计数 (现待审 7,925,882)
[pool] +待审     250字 patentCN112136369B.md                待审判有效后计数 (现待审 7,926,132)
[pool] +待审     391字 patentCN112149212B.md                待审判有效后计数 (现待审 7,926,523)
[pool] +待审     412字 patentCN112184525B.md                待审判有效后计数 (现待审 7,926,935)
[pool] +待审     423字 patentCN112241924B.md                待审判有效后计数 (现待审 7,927,358)
[pool] +待审     399字 patentCN112313910B.md                待审判有效后计数 (现待审 7,927,757)
[pool] +待审     447字 patentCN112395361B.md                待审判有效后计数 (现待审 7,928,204)
[pool] +待审     427字 patentCN112685385B.md                待审判有效后计数 (现待审 7,928,631)
[pool] +待审     388字 patentCN112785798B.md                待审判有效后计数 (现待审 7,929,019)
[pool] +待审     444字 patentCN112803499B.md                待审判有效后计数 (现待审 7,929,463)
[pool] 跳过 (重复): patentCN112862440B.md
[pool] +待审     437字 patentCN112907228A.md                待审判有效后计数 (现待审 7,929,900)
[pool] +待审     440字 patentCN112950164B.md                待审判有效后计数 (现待审 7,930,340)
[pool] +待审     439字 patentCN112966431B.md                待审判有效后计数 (现待审 7,930,779)
[pool] +待审     352字 patentCN113055308B.md                待审判有效后计数 (现待审 7,931,131)
[pool] +待审     381字 patentCN113196201B.md                待审判有效后计数 (现待审 7,931,512)
[pool] +待审     415字 patentCN113344736B.md                待审判有效后计数 (现待审 7,931,927)
[pool] +待审     435字 patentCN113806897B.md                待审判有效后计数 (现待审 7,932,362)
[pool] +待审     447字 patentCN113919801A.md                待审判有效后计数 (现待审 7,932,809)
[pool] +待审     419字 patentCN113971530B.md                待审判有效后计数 (现待审 7,933,228)
[pool] +待审     458字 patentCN114139264B.md                待审判有效后计数 (现待审 7,933,686)
[pool] +待审     423字 patentCN114362153B.md                待审判有效后计数 (现待审 7,934,109)
[pool] +待审     474字 patentCN114662319B.md                待审判有效后计数 (现待审 7,934,583)
[pool] +待审     418字 patentCN114978584B.md                待审判有效后计数 (现待审 7,935,001)
[pool] +待审     273字 patentCN115081999A.md                待审判有效后计数 (现待审 7,935,274)
[pool] +待审     480字 patentCN115380517B.md                待审判有效后计数 (现待审 7,935,754)
[pool] +待审     461字 patentCN115660329A.md                待审判有效后计数 (现待审 7,936,215)
[pool] +待审     449字 patentCN116210212B.md                待审判有效后计数 (现待审 7,936,664)
[pool] +待审     458字 patentCN116823191B.md                待审判有效后计数 (现待审 7,937,122)
[pool] +待审     424字 patentCN117099079B.md                待审判有效后计数 (现待审 7,937,546)
[pool] +待审     346字 patentCN119005442A.md                待审判有效后计数 (现待审 7,937,892)
[pool] +待审     429字 patentCN119990553B.md                待审判有效后计数 (现待审 7,938,321)
[pool] +待审     454字 patentCN120509978A.md                待审判有效后计数 (现待审 7,938,775)
[pool] +待审     265字 patentCN202310411U.md                待审判有效后计数 (现待审 7,939,040)
[pool] +待审     222字 patentCN212305354U.md                待审判有效后计数 (现待审 7,939,262)
[pool] +待审   2,492字 patent土木工程网土木工程师的家园.md               待审判有效后计数 (现待审 7,941,754)
[pool] 跳过 (重复): patent市政建设网全国市政行业综合性门户网站.md
[pool] 跳过 (重复): patent柏克德中国工程有限公司爱企查.md
[pool] 跳过 (重复): patent电力网电力网.md
[pool] 跳过 (重复): patent通信世界网首页.md
[pool] +待审     228字 北京大兴国际机场航空食品有限公司排污许可证9111011.md      待审判有效后计数 (现待审 7,941,982)
[pool] 跳过 (重复): 山西宁盛工程建设有限公司排污许可证91141129724.md
[pool] 跳过 (重复): 巴楚县鹿达通工程建设有限公司排污许可证91653130M.md
[pool] 跳过 (重复): 广西中天工程建设集团有限公司柳城县六塘镇污水处理厂排污.md
[pool] 跳过 (重复): 敦煌市鸿睿路桥工程建设有限公司排污许可证91620982.md
[pool] 跳过 (重复): 武穴市诚信路桥工程建设有限责任公司排污许可证914211.md
[pool] 跳过 (重复): 汉中汉东工程建设有限公司排污许可证91610727MA6.md
[pool] 跳过 (重复): 江阴市交通工程建设有限公司排污许可证9132028171.md
[pool] 跳过 (重复): 湖南省富厚交通工程建设有限公司双峰分公司排污许可证914.md
[pool] 跳过 (重复): 荣成好当家工程建设有限公司排污许可证91371082MA.md
[pool] 跳过 (重复): 陕西环境工程建设子长水处理有限公司排污许可证9161.md
[pool] +待审   2,551字 policy2025EPC工程总承包是什么施工总承包ep.md      待审判有效后计数 (现待审 7,944,533)
[pool] 跳过 (重复): policy2026年政府工作报告解读中国政府网.md
[pool] +待审   7,373字 policy84个常用的数据源网站分享保持更新建议收.md        待审判有效后计数 (现待审 7,951,906)
[pool] +待审   3,932字 policyAECOM企业介绍ARCHINA.md            待审判有效后计数 (现待审 7,955,838)
[pool] 跳过 (重复): policyAECOM有方.md
[pool] 跳过 (重复): policyAECOM谷德设计网gooood.md
[pool] 跳过 (重复): policyBIM中文官网你的BIM网址导航.md
[pool] +待审   1,202字 policyBIM入门到精通教程我要自学网.md             待审判有效后计数 (现待审 7,957,040)
[pool] 跳过 (重复): policyBIM建筑网关注建筑行业BIM技术发展.md
[pool] +待审   7,273字 policyBIM资源网高质量BIM资源百宝箱Revi.md       待审判有效后计数 (现待审 7,964,313)
[pool] +待审   2,349字 policyCAE中国工程院.md                    待审判有效后计数 (现待审 7,966,662)
[pool] 跳过 (重复): policyChinaStateConstructio.md
[pool] +待审   4,459字 policyChina记录中国中国网.md                待审判有效后计数 (现待审 7,971,121)
[pool] 跳过 (重复): policyCnOpenData中国开放数据平台.md
[pool] 跳过 (重复): policyCSCEC中国建筑第八工程局有限公司.md
[pool] 跳过 (重复): policyEngineering中国工程院战略咨询中心.md
[pool] +待审   7,834字 policyEPCPPPBOTEOD都有啥区别.md           待审判有效后计数 (现待审 7,978,955)
[pool] 跳过 (重复): policyEPC业务.md
[pool] +待审   5,455字 policyEPC工程总承包全流程管控要点详解.md           待审判有效后计数 (现待审 7,984,410)
[pool] 跳过 (重复): policyEPC工程总承包全过程管控21个要点2026.md
[pool] +待审   6,635字 policyEPC工程总承包全过程管控21个要点附图解.md       待审判有效后计数 (现待审 7,991,045)
[pool] +待审     382字 policyEPC工程总承包全过程管理细则基建处.md          待审判有效后计数 (现待审 7,991,427)
[pool] +待审   7,630字 policyEPC工程总承包模式下各阶段的造价控制概算.md       待审判有效后计数 (现待审 7,999,057)
[pool] +待审   7,960字 policyEPC工程总承包模式下各阶段的造价控制项目.md       待审判有效后计数 (现待审 8,007,017)
[pool] 跳过 (重复): policyEPC工程总承包项目全过程精细化管控的关键点.md
[pool] +待审   5,654字 policyEPC模式下工程总承包单位的资质认定及责任承担.md     待审判有效后计数 (现待审 8,012,671)
[pool] 跳过 (重复): policyEPC模式在政府投资项目建设实践中存在的突出问.md
[pool] +待审   5,964字 policyEPC项目全过程精细化管控21个关键点一个也.md      待审判有效后计数 (现待审 8,018,635)
[pool] 跳过 (重复): policyEPC项目全过程精细化管控21个关键点你知道.md
[pool] +待审   7,267字 policyEPC项目全过程精细化管控21个关键点约定.md       待审判有效后计数 (现待审 8,025,902)
[pool] +待审   6,067字 policyEPC项目全过程精细化管控的21个关键点.md        待审判有效后计数 (现待审 8,031,969)
[pool] +待审   4,056字 policyEPC项目全过程精细化管理超额利润获取与存量.md      待审判有效后计数 (现待审 8,036,025)
[pool] 跳过 (重复): policyEPC项目总包将走向何方.md
[pool] 跳过 (重复): policyEPC项目精细化管理21个关键点详解.md
[pool] +待审   5,372字 policyinformation是什么意思inform.md      待审判有效后计数 (现待审 8,041,397)
[pool] +待审   7,097字 policyinfrastructure是什么infr.md       待审判有效后计数 (现待审 8,048,494)
[pool] +待审   6,817字 policyinfrastructure是什么意思inf.md      待审判有效后计数 (现待审 8,055,311)
[pool] 跳过 (重复): policynewqqcomomn20211130.md
[pool] +待审   2,428字 policytransforming搜索词典.md            待审判有效后计数 (现待审 8,057,739)
[pool] +待审   6,839字 policyWhysoSeriousHans.md            待审判有效后计数 (现待审 8,064,578)
[pool] +待审   1,048字 policyWorldBankOpenData.md           待审判有效后计数 (现待审 8,065,626)
[pool] +待审   6,218字 policy上海30处最佳景点中国2026.md             待审判有效后计数 (现待审 8,071,844)
[pool] 跳过 (重复): policy上海市文化和旅游局上海官方中国旅游网站上海.md
[pool] +待审     869字 policy中华人民共和国住房和城乡建设部.md             待审判有效后计数 (现待审 8,072,713)
[pool] +待审   2,461字 policy中华人民共和国商务部.md                  待审判有效后计数 (现待审 8,075,174)
[pool] +待审   1,918字 policy中卫数据中心集群文昌片区基础设施建设项目全过程.md     待审判有效后计数 (现待审 8,077,092)
[pool] +待审   2,185字 policy中咨石化轻纺业务部网站经典案例中国石化武汉.md       待审判有效后计数 (现待审 8,079,277)
[pool] +待审   7,452字 policy中国工程科学CAE.md                   待审判有效后计数 (现待审 8,086,729)
[pool] +待审   5,759字 policy中国工程网工程行业门户.md                 待审判有效后计数 (现待审 8,092,488)
[pool] +待审   2,002字 policy中国政府网中央人民政府门户网站.md             待审判有效后计数 (现待审 8,094,490)
[pool] +待审   6,099字 policy中国新闻网梳理天下新闻.md                 待审判有效后计数 (现待审 8,100,589)
[pool] +待审   3,956字 policy中国电子学会.md                      待审判有效后计数 (现待审 8,104,545)
[pool] 跳过 (重复): policy中国电子系统工程第四建设有限公司.md
[pool] +待审   1,458字 policy中国电子系统工程第四建设有限公司供应商平台.md       待审判有效后计数 (现待审 8,106,003)
[pool] +待审   1,379字 policy中国百科网.md                       待审判有效后计数 (现待审 8,107,382)
[pool] +待审   1,166字 policy中国第二高楼的毛笔方案落选为什么让人遗憾.md        待审判有效后计数 (现待审 8,108,548)
[pool] 跳过 (重复): policy中国网网上中国.md
[pool] +待审   4,681字 policy中国能源网中国能源报社官网.md               待审判有效后计数 (现待审 8,113,229)
[pool] +待审   1,256字 policy中国高等教育学生信息网学信网.md              待审判有效后计数 (现待审 8,114,485)
[pool] +待审   2,022字 policy中國政府網中央人民政府門戶網站.md             待审判有效后计数 (现待审 8,116,507)
[pool] +待审   6,451字 policy中建三局肖容宽从全屋整装解码EPC总承包密码.md      待审判有效后计数 (现待审 8,122,958)
[pool] +待审   5,926字 policy中电四公司怎么样中国电子系统工程第四建设有.md       待审判有效后计数 (现待审 8,128,884)
[pool] +待审   7,023字 policy中电建新能源EPC总承包项目全过程成本控制分.md      待审判有效后计数 (现待审 8,135,907)
[pool] +待审     698字 policy人民数据库权威党政时政信息平台.md             待审判有效后计数 (现待审 8,136,605)
[pool] +待审   5,691字 policy人民网网上的人民日报.md                  待审判有效后计数 (现待审 8,142,296)
[pool] 跳过 (重复): policy什么是BIM建筑信息模型Autode.md
[pool] +待审   7,327字 policy什么是信息InformationCSD.md         待审判有效后计数 (现待审 8,149,623)
[pool] +待审     295字 policy住建部关于epc总承包实施细则.md             待审判有效后计数 (现待审 8,149,918)
[pool] +待审   1,609字 policy住建部关于工程总承包epc管理办法法行宝法.md       待审判有效后计数 (现待审 8,151,527)
[pool] +待审   6,203字 policy住建部再次发文要求各省加快推广工程总承包.md        待审判有效后计数 (现待审 8,157,730)
[pool] 跳过 (重复): policy住房和城乡建设部国家发展改革委关于印发房屋建筑.md
[pool] +待审   6,854字 policy住房城乡建设部关于印发20112015年建.md       待审判有效后计数 (现待审 8,164,584)
[pool] 跳过 (重复): policy住房城乡建设部关于进一步推进工程总承包发展的若.md
[pool] +待审   1,112字 policy全国石油市场管理MOFCOM.md              待审判有效后计数 (现待审 8,165,696)
[pool] +待审   5,890字 policy公司要闻中国电子系统工程第四建设有限公司.md        待审判有效后计数 (现待审 8,171,586)
[pool] +待审   4,457字 policy关于EPC工程总承包中央地方出台了哪些政.md        待审判有效后计数 (现待审 8,176,043)
[pool] 跳过 (重复): policy关于印发新型能源体系建设十五五规划的通.md
[pool] +待审   7,040字 policy动辄数十亿的数据中心是如何建成的中国移动.md        待审判有效后计数 (现待审 8,183,083)
[pool] +待审   1,251字 policy包头市土默特右旗人民政府.md                待审判有效后计数 (现待审 8,184,334)
[pool] +待审   6,712字 policy北京旅游指南2026景点推荐行程安排及实.md        待审判有效后计数 (现待审 8,191,046)
[pool] 跳过 (重复): policy北京春溢通物流有限公司.md
[pool] +待审   2,340字 policy华中科技大学.md                      待审判有效后计数 (现待审 8,193,386)
[pool] +待审   1,405字 policy华中科技大学院校信息中国研究生招生信息网.md        待审判有效后计数 (现待审 8,194,791)
[pool] 跳过 (重复): policy华能集团公司电子商务平台首页.md
[pool] +待审     385字 policy国家关于epc的政策百度文库.md              待审判有效后计数 (现待审 8,195,176)
[pool] +待审   5,425字 policy国家能源局.md                       待审判有效后计数 (现待审 8,200,601)
[pool] +待审   5,644字 policy国家能源集团.md                      待审判有效后计数 (现待审 8,206,245)
[pool] 跳过 (重复): policy国浩视点EPC工程总承包法律实务全解析从.md
[pool] 跳过 (重复): policy土木工程网土木工程师的家园.md
[pool] +待审   3,222字 policy土默特左旗人民政府网站.md                 待审判有效后计数 (现待审 8,209,467)
[pool] +待审   5,418字 policy坪山高新区综合服务中心设计采购施工EPC总.md       待审判有效后计数 (现待审 8,214,885)
[pool] +待审   1,093字 policy宁夏回族自治区公共资源交易网中国移动宁夏中.md       待审判有效后计数 (现待审 8,215,978)
[pool] +待审   2,357字 policy宜宾市房屋建筑和市政基础设施工程总承包管理实.md      待审判有效后计数 (现待审 8,218,335)
[pool] +待审   5,703字 policy实务解析EPC模式在数据中心建设项目中的探.md       待审判有效后计数 (现待审 8,224,038)
[pool] +待审   1,029字 policy宣讲会详情.md                       待审判有效后计数 (现待审 8,225,067)
[pool] +待审   2,192字 policy山东省住房和城乡建设厅政协委员提案办理元数.md       待审判有效后计数 (现待审 8,227,259)
[pool] +待审   1,233字 policy工程信息搜索搜索天工网.md                 待审判有效后计数 (现待审 8,228,492)
[pool] +待审   5,565字 policy工程建设深圳市住房和建设局网站.md             待审判有效后计数 (现待审 8,234,057)
[pool] +待审   2,905字 policy工程总承包EPCDB争议解决实战攻略.md          待审判有效后计数 (现待审 8,236,962)
[pool] +待审   8,028字 policy工程总承包EPC的相关知识及政策依据.md          待审判有效后计数 (现待审 8,244,990)
[pool] +待审   4,057字 policy工程总承包EPC项目经理双证住房和城乡建设.md       待审判有效后计数 (现待审 8,249,047)
[pool] +待审   4,619字 policy工程总承包EPC项目造价的风险及应对措施.md        待审判有效后计数 (现待审 8,253,666)
[pool] +待审   6,393字 policy工程总承包引领新风口EPC项目经理助推建筑业.md      待审判有效后计数 (现待审 8,260,059)
[pool] 跳过 (重复): policy工程项目管理EPC系统全套流程详细解读含.md
[pool] 跳过 (重复): policy市政建设网全国市政行业综合性门户网站.md
[pool] +待审     634字 policy广东电网广州供电局首页.md                 待审判有效后计数 (现待审 8,260,693)
[pool] +待审   4,056字 policy建工总包关于EPC合同定性问题的检索报告一.md       待审判有效后计数 (现待审 8,264,749)
[pool] 跳过 (重复): policy快递100查快递寄快递管快递上快递10.md
[pool] +待审   7,440字 policy总承包EPC管理办法试行政策解.md             待审判有效后计数 (现待审 8,272,189)
[pool] +待审   4,009字 policy成都EPC工程总承包项目全过程实战管理及合.md       待审判有效后计数 (现待审 8,276,198)
[pool] +待审   3,222字 policy数据国家统计局.md                     待审判有效后计数 (现待审 8,279,420)
[pool] 跳过 (重复): policy方快锅炉有限公司官方网站.md
[pool] +待审   6,192字 policy最新政策下EPC工程总承包模式招标投标中的技巧.md     待审判有效后计数 (现待审 8,285,612)
[pool] 跳过 (重复): policy机器学习算法之Boosting详解CSDN.md
[pool] +待审   3,296字 policy杭州市城乡建设委员会关于市政协十二届三次会议第.md     待审判有效后计数 (现待审 8,288,908)
[pool] +待审   5,488字 policy标杆企业看百年老店美国福陆FLUOR.md          待审判有效后计数 (现待审 8,294,396)
[pool] 跳过 (重复): policy标杆企业美国福陆FLUOR公司头条.md
[pool] +待审   2,982字 policy江西必去的10个AAAAA级旅游景区全部去过.md      待审判有效后计数 (现待审 8,297,378)
[pool] +待审   3,173字 policy河北邯郸旅游必去十大景点游玩攻略2026年3.md      待审判有效后计数 (现待审 8,300,551)
[pool] +待审   1,173字 policy注意吉大港改名4月起孟加拉吉大港Chit.md        待审判有效后计数 (现待审 8,301,724)
[pool] +待审   7,138字 policy深入理解BIM技术及其应用CSDN博客.md         待审判有效后计数 (现待审 8,308,862)
[pool] +待审   4,811字 policy深圳以先行示范区标准塑造建筑业发展新动能.md        待审判有效后计数 (现待审 8,313,673)
[pool] 跳过 (重复): policy电力北极星电力网电力门户网站.md
[pool] 跳过 (重复): policy电力科技网.md
[pool] +待审   6,529字 policy电力网电力网.md                      待审判有效后计数 (现待审 8,320,202)
[pool] +待审   2,225字 policy电力网电力行业门户网站.md                 待审判有效后计数 (现待审 8,322,427)
[pool] +待审   6,808字 policy看头部施工企业如何做EPC以中建Y公司为例.md       待审判有效后计数 (现待审 8,329,235)
[pool] +待审   4,571字 policy第十八届工程建设行业信息化发展大会EPC与.md       待审判有效后计数 (现待审 8,333,806)
[pool] 跳过 (重复): policy组织架构.md
[pool] +待审   2,270字 policy能源央视网cctvcom.md                待审判有效后计数 (现待审 8,336,076)
[pool] 跳过 (重复): policy能源界全球中文能源门户.md
[pool] 跳过 (重复): policy能源的饭碗必须端在自己手里我国加快能源.md
[pool] +待审   2,271字 policy襄阳市人民政府门户网站.md                 待审判有效后计数 (现待审 8,338,347)
[pool] 跳过 (重复): policy通信世界网首页.md
[pool] +待审   6,324字 policy造价改革之我见65数据中心建设项目EPC模.md       待审判有效后计数 (现待审 8,344,671)
[pool] +待审   1,747字 policy邯郸市人民政府.md                     待审判有效后计数 (现待审 8,346,418)
[pool] +待审   1,942字 policy锅炉生产厂家工业锅炉无锡中正锅炉有限公司.md        待审判有效后计数 (现待审 8,348,360)
[pool] +待审   6,358字 policy锅炉设备及运行含资料国家级精品课全1.md          待审判有效后计数 (现待审 8,354,718)
[pool] +待审     946字 policy项目预估3432亿元中国移动宁夏中卫数.md         待审判有效后计数 (现待审 8,355,664)
[pool] +待审   3,020字 policy驻外销售代表国家大学生就业服务平台.md           待审判有效后计数 (现待审 8,358,684)
[pool] +待审   6,141字 中国检察网新就业形态劳动者权益保障调查问卷.md             待审判有效后计数 (现待审 8,364,825)
[pool] +待审   8,553字 中国检察网最高检通报长江经济带水环境治理公.md             待审判有效后计数 (现待审 8,373,378)
[pool] +待审   9,243字 中国检察网检察机关充分发挥公益诉讼职能深.md              待审判有效后计数 (现待审 8,382,621)
[pool] +待审   8,144字 中国检察网黄河流域水生态保护专项行动总结会.md             待审判有效后计数 (现待审 8,390,765)
[pool] +待审  14,753字 国家铁路局国家铁路局事业单位2026年面向.md             待审判有效后计数 (现待审 8,405,518)
[pool] 跳过 (重复): 国家铁路局国家铁路局关于印发国家铁路局铁.md
[pool] 跳过 (重复): 国家铁路局国家铁路局关于印发铁路交通重大.md
[pool] +待审  15,393字 国家铁路局国家铁路局关于发布铁路专用产品质.md             待审判有效后计数 (现待审 8,420,911)
[pool] +待审  15,509字 国家铁路局国家铁路局发布寒区铁路隧道设计.md              待审判有效后计数 (现待审 8,436,420)
[pool] +待审  15,796字 国家铁路局国家铁路局发布铁路货运场站设计.md              待审判有效后计数 (现待审 8,452,216)
[pool] +待审  15,637字 国家铁路局推动铁路货运高质量发展服务交通.md              待审判有效后计数 (现待审 8,467,853)
[pool] +待审  13,243字 国家铁路局铁路交通重大事故隐患判定标准.md               待审判有效后计数 (现待审 8,481,096)
[pool] 跳过 (重复): 市场监管总局市场监管总局发布宿迁市商品混凝土.md
[pool] +待审   6,299字 市场监管总局市场监管总局发布张家川回族自治县.md            待审判有效后计数 (现待审 8,487,395)
[pool] +待审   8,009字 市场监管总局市场监管总局发布西藏林芝市蓝天混.md            待审判有效后计数 (现待审 8,495,404)
[pool] +待审   5,383字 市场监管总局市场监管总局发布重庆市江津区两家.md            待审判有效后计数 (现待审 8,500,787)
[pool] +待审   6,784字 国资委央企动态三峡工程2026年前三季度运行情.md           待审判有效后计数 (现待审 8,507,571)
[pool] 跳过 (重复): 国资委央企动态企步新长征猫跳河上的红色传承.md
[pool] +待审   7,452字 国资委央企动态全国首个沙戈荒新能源大基地配.md             待审判有效后计数 (现待审 8,515,023)
[pool] +待审   7,258字 国资委央企动态国产大型水陆两栖飞机AG600顺.md           待审判有效后计数 (现待审 8,522,281)
[pool] +待审   6,546字 国资委央企动态国家电投集团广西白龙核电2号机组.md           待审判有效后计数 (现待审 8,528,827)
[pool] +待审   6,654字 国资委央企动态国庆假期国家电网智慧车联网平台充.md           待审判有效后计数 (现待审 8,535,481)
[pool] +待审   6,807字 国资委央企动态引江补汉工程江汉神农号TBM.md             待审判有效后计数 (现待审 8,542,288)
[pool] +待审   6,715字 国资委央企动态渝万高铁石沱长江大桥公路桥顺利合.md           待审判有效后计数 (现待审 8,549,003)
[pool] +待审     987字 中石化招标公告索引.md                         待审判有效后计数 (现待审 8,549,990)
[pool] 硬拒 snippet-only (serp_shape): 中电四公司_中标_项目_搜狗微信合集.md — 全文腿取回后再入池
[pool] 硬拒 snippet-only (serp_shape): 中电四公司_案例_经验_搜狗微信合集.md — 全文腿取回后再入池
[pool] 跳过 (重复): standard2026年政府工作报告解读中国政府网.md
[pool] 跳过 (重复): standard21IC电子网电子工程师的优选网站.md
[pool] 跳过 (重复): standard84个常用的数据源网站分享保持更新建.md
[pool] +待审   3,231字 standardBaggingBoostingStac.md       待审判有效后计数 (现待审 8,553,221)
[pool] 跳过 (重复): standardBIM中文官网你的BIM网址导航.md
[pool] 跳过 (重复): standardBIM建筑网关注建筑行业BIM技术发.md
[pool] 跳过 (重复): standardBIM资源网高质量BIM资源百宝箱Re.md
[pool] 跳过 (重复): standardboosting是什么意思boostin.md
[pool] 跳过 (重复): standardCnOpenData中国开放数据平台.md
[pool] 跳过 (重复): standardCSCEC中建科工集团有限公司.md
[pool] +待审   1,888字 standardEngineeringCAE.md            待审判有效后计数 (现待审 8,555,109)
[pool] 跳过 (重复): standardEngineering中国工程院战略咨询.md
[pool] +待审   7,834字 standardEPCPPPBOTEOD都有啥区.md          待审判有效后计数 (现待审 8,562,943)
[pool] 跳过 (重复): standardEPC工程总承包全过程管控21个要点20.md
[pool] +待审   8,092字 standardEPC工程总承包全过程管控21个要点附图.md      待审判有效后计数 (现待审 8,571,035)
[pool] +待审     767字 standardEPC工程总承包模式全过程管控要点.md         待审判有效后计数 (现待审 8,571,802)
[pool] +待审   2,389字 standardEPC工程总承包计价规范2026解读.md        待审判有效后计数 (现待审 8,574,191)
[pool] 跳过 (重复): standardEPC工程总承包计价规范GBT5135.md
[pool] +待审   2,202字 standardEPC工程总承包项目全过程管理的黄金法则.md      待审判有效后计数 (现待审 8,576,393)
[pool] +待审   4,190字 standardepc怎么管理项目PingCode.md         待审判有效后计数 (现待审 8,580,583)
[pool] 跳过 (重复): standardEPC模式在政府投资项目建设实践中存在的突.md
[pool] 跳过 (重复): standardEPC项目全周期管理实务手册百度文库.md
[pool] +待审   5,980字 standardEPC项目全过程精细化管控21个关键点一.md      待审判有效后计数 (现待审 8,586,563)
[pool] 跳过 (重复): standardEPC项目全过程精细化管控21个关键点你.md
[pool] 跳过 (重复): standardEPC项目精细化管理21个关键点详解.md
[pool] +待审   2,885字 standardGB501742017数据中心设计规范.md       待审判有效后计数 (现待审 8,589,448)
[pool] +待审   2,420字 standardGB501742017数据中心设计规范标.md      待审判有效后计数 (现待审 8,591,868)
[pool] +待审   1,835字 standardGBT454032025数字化供应链.md        待审判有效后计数 (现待审 8,593,703)
[pool] +待审   2,029字 standardGBT468872025数字化供应链.md        待审判有效后计数 (现待审 8,595,732)
[pool] +待审   7,746字 standardGBT503582005建设项目工程总.md       待审判有效后计数 (现待审 8,603,478)
[pool] +待审   2,158字 standardGBT507802013电子工程建设术.md       待审判有效后计数 (现待审 8,605,636)
[pool] +待审   1,036字 standardGBT509782014电子工业工程建.md       待审判有效后计数 (现待审 8,606,672)
[pool] +待审   3,781字 standardIDC数据中心的建设和运营行业和国家级标准.md     待审判有效后计数 (现待审 8,610,453)
[pool] +待审   2,393字 standardinfrastructure搜索词典.md        待审判有效后计数 (现待审 8,612,846)
[pool] +待审   7,148字 standardinfrastructure是什么in.md       待审判有效后计数 (现待审 8,619,994)
[pool] 跳过 (重复): standardinfrastructure是什么意思i.md
[pool] +待审   4,723字 standardjacobs咖啡京东.md                待审判有效后计数 (现待审 8,624,717)
[pool] +待审   3,154字 standardTDZJN4212025数据中心项目.md        待审判有效后计数 (现待审 8,627,871)
[pool] 跳过 (重复): standard中zhōngzhòng汉典.md
[pool] 跳过 (重复): standard中华网弘扬中华文化共创全球华人精神家园.md
[pool] 跳过 (重复): standard中国工程科学CAE.md
[pool] +待审   7,829字 standard中国数据中心发展蓝皮书2022二新.md         待审判有效后计数 (现待审 8,635,700)
[pool] 跳过 (重复): standard中国新闻网梳理天下新闻.md
[pool] +待审   6,005字 standard中国深圳政府采购.md                  待审判有效后计数 (现待审 8,641,705)
[pool] 跳过 (重复): standard中国电子学会.md
[pool] 跳过 (重复): standard中国电子系统工程第四建设有限公司.md
[pool] +待审   6,610字 standard中国电子系统工程第四建设有限公司简称.md        待审判有效后计数 (现待审 8,648,315)
[pool] 跳过 (重复): standard中国第二高楼的毛笔方案落选为什么让人.md
[pool] +待审   4,575字 standard中国能源网中国能源报社官网.md             待审判有效后计数 (现待审 8,652,890)
[pool] +待审     795字 standard互联网数据中心建设规范标准版百度.md          待审判有效后计数 (现待审 8,653,685)
[pool] 跳过 (重复): standard人民网网上的人民日报.md
[pool] +待审   3,536字 standard什么是BoostingIBM.md            待审判有效后计数 (现待审 8,657,221)
[pool] +待审   7,385字 standard什么是信息InformationC.md         待审判有效后计数 (现待审 8,664,606)
[pool] +待审   6,613字 standard从全屋整装解码EPC总承包密码让管理变.md       待审判有效后计数 (现待审 8,671,219)
[pool] +待审     643字 standard住房和城乡建设部关于发布国家标准数据中心.md      待审判有效后计数 (现待审 8,671,862)
[pool] +待审     635字 standard住房和城乡建设部关于发布国家标准电子工程.md      待审判有效后计数 (现待审 8,672,497)
[pool] +待审     608字 standard住房城乡建设部关于发布国家标准互联网数据.md      待审判有效后计数 (现待审 8,673,105)
  … 4000 件 (跳 0)
[pool] 跳过 (重复): standard住房城乡建设部关于发布国家标准建设工程项.md
[pool] 跳过 (重复): standard住房城乡建设部关于发布国家标准建设项目工.md
[pool] +待审     681字 standard住房城乡建设部关于发布国家标准数据中心基.md      待审判有效后计数 (现待审 8,673,786)
[pool] +待审     766字 standard信息化工程建设规范与质量要求百度文库.md        待审判有效后计数 (现待审 8,674,552)
[pool] +待审     574字 standard信息系统建设标准体系深度解析百度文库.md        待审判有效后计数 (现待审 8,675,126)
[pool] 跳过 (重复): standard公司要闻中国电子系统工程第四建设有限公.md
[pool] +待审   2,611字 standard关于中国电信集团有限公司宁夏分公司宁夏中卫.md     待审判有效后计数 (现待审 8,677,737)
[pool] +待审     790字 standard关于发布国家标准电子工程建设术语标准的.md       待审判有效后计数 (现待审 8,678,527)
[pool] 跳过 (重复): standard包头市土默特右旗人民政府.md
[pool] 跳过 (重复): standard北京春溢通物流有限公司.md
[pool] +待审     748字 standard华中科技大学院校信息中国研究生招生信息.md       待审判有效后计数 (现待审 8,679,275)
[pool] +待审   7,088字 standard南宁市邕宁区地方税务局新江税务分局.md         待审判有效后计数 (现待审 8,686,363)
[pool] +待审   7,209字 standard南康区2024年第一批次土地征收成片开发.md      待审判有效后计数 (现待审 8,693,572)
[pool] +待审   1,621字 standard厂房施工及质量验收规范中国电子系统.md         待审判有效后计数 (现待审 8,695,193)
[pool] +待审   1,186字 standard喜获佳绩赣州69个项目荣获省级荣誉.md         待审判有效后计数 (现待审 8,696,379)
[pool] +待审   1,408字 standard国家关于工程总承包的规范规定.md            待审判有效后计数 (现待审 8,697,787)
[pool] +待审     825字 standard国家标准GBT1966862019.md         待审判有效后计数 (现待审 8,698,612)
[pool] 跳过 (重复): standard国家标准全国标准信息公共服务平台.md
[pool] +待审   5,551字 standard国家能源局.md                     待审判有效后计数 (现待审 8,704,163)
[pool] 跳过 (重复): standard国家能源集团.md
[pool] 跳过 (重复): standard国浩视点EPC工程总承包法律实务全解析.md
[pool] 跳过 (重复): standard土木工程网土木工程师的家园.md
[pool] 跳过 (重复): standard土默特左旗人民政府网站.md
[pool] +待审   1,159字 standard地方标准全国标准信息公共服务平台.md          待审判有效后计数 (现待审 8,705,322)
[pool] +待审   5,959字 standard城区道路提升改造项目工程总承包EP.md         待审判有效后计数 (现待审 8,711,281)
[pool] +待审   2,454字 standard宁夏回族自治区公共资源交易网中国移动宁.md       待审判有效后计数 (现待审 8,713,735)
[pool] +待审   2,472字 standard工程技术人员中国电子系统工程第四建设有限.md      待审判有效后计数 (现待审 8,716,207)
[pool] 跳过 (重复): standard工程项目管理EPC系统全套流程详细解读.md
[pool] 跳过 (重复): standard市政建设网全国市政行业综合性门户网站.md
[pool] +待审   8,219字 standard建工实务EPC合同模式探讨总价合同还.md        待审判有效后计数 (现待审 8,724,426)
[pool] +待审   2,903字 standard建工实务当下工程界EPC项目存在的严.md        待审判有效后计数 (现待审 8,727,329)
[pool] +待审   6,383字 standard建设工程咨询分类标准附条文说明中国工.md        待审判有效后计数 (现待审 8,733,712)
[pool] +待审   4,679字 standard建设项目工程总承包管理规范GBT503.md       待审判有效后计数 (现待审 8,738,391)
[pool] +待审   7,525字 standard建设项目工程总承包管理规范GBT5035.md      待审判有效后计数 (现待审 8,745,916)
[pool] +待审   7,050字 standard强制性国家规范数据中心项目规范征求意见.md       待审判有效后计数 (现待审 8,752,966)
[pool] 跳过 (重复): standard快递100查快递寄快递管快递上快递.md
[pool] +待审   1,839字 standard技术创新中国电子系统工程第四建设有限公.md       待审判有效后计数 (现待审 8,754,805)
[pool] +待审   1,294字 standard拼项目加速城市能级建设和品质双提升.md         待审判有效后计数 (现待审 8,756,099)
[pool] 跳过 (重复): standard方快锅炉有限公司官方网站.md
[pool] +待审   2,501字 standard最大风力已达16级深圳第一高楼能抗住超强.md      待审判有效后计数 (现待审 8,758,600)
[pool] +待审   5,307字 standard有关信息化项目建设的的国标dayu20.md       待审判有效后计数 (现待审 8,763,907)
[pool] +待审   1,751字 standard未及时发现并消除事故隐患中电四公司领罚单.md      待审判有效后计数 (现待审 8,765,658)
[pool] 跳过 (重复): standard机器学习算法之Boosting详解CS.md
[pool] +待审   5,488字 standard标杆企业看百年老店美国福陆FLUO.md         待审判有效后计数 (现待审 8,771,146)
[pool] 跳过 (重复): standard标杆企业美国福陆FLUOR公司.md
[pool] +待审     634字 standard根据建设项目工程总承包管理规范GB.md         待审判有效后计数 (现待审 8,771,780)
[pool] 跳过 (重复): standard江西省人民政府.md
[pool] +待审   4,811字 standard江西省公共资源交易平台余干县余干县城.md        待审判有效后计数 (现待审 8,776,591)
[pool] +待审   6,001字 standard江西省公共资源交易平台南康区赣州粤.md         待审判有效后计数 (现待审 8,782,592)
[pool] +待审   2,375字 standard法2019年12月23日.md              待审判有效后计数 (现待审 8,784,967)
[pool] +待审   7,138字 standard深入理解BIM技术及其应用CSDN博.md        待审判有效后计数 (现待审 8,792,105)
[pool] +待审   4,098字 standard深化14管理体系建设构筑项目精细化管.md        待审判有效后计数 (现待审 8,796,203)
[pool] +待审   4,141字 standard深度剖析建设工程工程量清单计价标准.md         待审判有效后计数 (现待审 8,800,344)
[pool] 跳过 (重复): standard电力北极星电力网电力门户网站.md
[pool] 跳过 (重复): standard电力网电力网.md
[pool] +待审   6,835字 standard电子发烧友.md                     待审判有效后计数 (现待审 8,807,179)
[pool] +待审     697字 standard电子工业工程建设项目设计文件编制标准全面解.md     待审判有效后计数 (现待审 8,807,876)
[pool] +待审   2,162字 standard移动呼和浩特数据中心项目中国电子.md          待审判有效后计数 (现待审 8,810,038)
[pool] 跳过 (重复): standard立创商城一站式电子元器件和MRO工业品采.md
[pool] 跳过 (重复): standard组织架构.md
[pool] 跳过 (重复): standard能源的饭碗必须端在自己手里我国加快.md
[pool] +待审   2,147字 standard荆门市审计局审计研究基层政府投资EPC.md       待审判有效后计数 (现待审 8,812,185)
[pool] +待审   1,620字 standard行业动态华东交通大学基建处.md             待审判有效后计数 (现待审 8,813,805)
[pool] +待审     995字 standard行业标准全国标准信息公共服务平台.md          待审判有效后计数 (现待审 8,814,800)
[pool] +待审     936字 standard行政许可南康区信息公开.md               待审判有效后计数 (现待审 8,815,736)
[pool] 跳过 (重复): standard襄阳市人民政府门户网站.md
[pool] +待审   5,469字 standard西楠老师EPC工程总承包项目全过程管理.md       待审判有效后计数 (现待审 8,821,205)
[pool] +待审   1,502字 standard规划信息经济技术开发区管委会信息公开.md        待审判有效后计数 (现待审 8,822,707)
[pool] +待审   2,794字 standard赣州市政府信息公开.md                 待审判有效后计数 (现待审 8,825,501)
[pool] 跳过 (重复): standard通信世界网首页.md
[pool] +待审   2,133字 standard通信集团宁夏有限公司中国移动宁夏中.md         待审判有效后计数 (现待审 8,827,634)
[pool] 跳过 (重复): standard邯郸市人民政府.md
[pool] +待审   7,055字 standard重磅GBT50174将更新住建部发布.md        待审判有效后计数 (现待审 8,834,689)
[pool] 跳过 (重复): standard锅炉设备及运行含资料国家级精品课.md
[pool] +待审   6,614字 standard集成算法Boosting超详细解析.md         待审判有效后计数 (现待审 8,841,303)
[pool] 跳过 (重复): standard驻外销售代表国家大学生就业服务平台.md
[pool] +待审   1,368字 standard高层建筑施工规范百度文库.md              待审判有效后计数 (现待审 8,842,671)
[pool] +待审 422,252字 统计局数据发布2026年18月份全国规模以上.md            待审判有效后计数 (现待审 9,264,923)
[pool] +待审 370,170字 统计局数据发布2026年9月下旬流通领域重要生.md           待审判有效后计数 (现待审 9,635,093)
[pool] +待审 357,200字 统计局数据发布2026年9月中国采购经理指数运.md           待审判有效后计数 (现待审 9,992,293)
[pool] +待审 369,928字 统计局数据发布2026年9月中旬流通领域重要生.md           待审判有效后计数 (现待审 10,362,221)
[pool] +待审 294,994字 统计局数据发布8月份国民经济运行平稳发展向新.md            待审判有效后计数 (现待审 10,657,215)
[pool] +待审   2,755字 中电联行业动态中国电煤采购价格指数CECI.md             待审判有效后计数 (现待审 10,659,970)
[pool] +待审   1,672字 video001044.md                       待审判有效后计数 (现待审 10,661,642)
[pool] +待审   1,842字 video10天学会HFSS第五天激励硬件工程师开发.md        待审判有效后计数 (现待审 10,663,484)
[pool] +待审   1,000字 video30600357.md                     待审判有效后计数 (现待审 10,664,484)
[pool] +待审   1,304字 video3300211.md                      待审判有效后计数 (现待审 10,665,788)
[pool] +待审   1,661字 video603921.md                       待审判有效后计数 (现待审 10,667,449)
[pool] +待审   1,362字 video6建立硬件理解框架.md                    待审判有效后计数 (现待审 10,668,811)
[pool] +待审     923字 video71700241.md                     待审判有效后计数 (现待审 10,669,734)
[pool] +待审   1,674字 video99万143011710.md                 待审判有效后计数 (现待审 10,671,408)
[pool] +待审   1,019字 video七天学会示波器示波器四种常见探头一次讲清.md         待审判有效后计数 (现待审 10,672,427)
[pool] +待审     932字 video中电二中电四公司信息分享.md                 待审判有效后计数 (现待审 10,673,359)
[pool] +待审   1,835字 video摩根士丹利AI算力逼出电力缺口自动驾驶卡车要.md       待审判有效后计数 (现待审 10,675,194)
[pool] +待审   1,614字 video数据中心基础知识.md                     待审判有效后计数 (现待审 10,676,808)
[pool] +待审   1,882字 wbproj世行项目EPC项目全过程精细化管控21个.md        待审判有效后计数 (现待审 10,678,690)
[pool] +待审   1,892字 wbproj世行项目中国电子系统工程第四建设有限公司.md        待审判有效后计数 (现待审 10,680,582)
[pool] +待审   1,864字 wbproj世行项目信息系统总承包全过程.md              待审判有效后计数 (现待审 10,682,446)
[pool] +待审   1,862字 wbproj世行项目数据中心建设总承包.md               待审判有效后计数 (现待审 10,684,308)
[pool] +待审   1,860字 wbproj世行项目深圳平安金融中心.md                待审判有效后计数 (现待审 10,686,168)
[pool] +待审   1,864字 wbproj世行项目深圳平安金融中心中标.md              待审判有效后计数 (现待审 10,688,032)
[pool] +待审   1,866字 wbproj世行项目电子工程EPC项目管理.md             待审判有效后计数 (现待审 10,689,898)
[pool] +待审   4,904字 世行除名筛查台账.md                          待审判有效后计数 (现待审 10,694,802)
[pool] 跳过 (重复): AI造价与商务11部门联合发文建筑业企业参与六.md
[pool] 跳过 (重复): AI造价与商务9月造价政策中盘盘点计价换版信用.md
[pool] +待审   4,800字 AI造价与商务AI评标从文件走进评标室广州10月.md          待审判有效后计数 (现待审 10,699,602)
[pool] 跳过 (重复): AI造价与商务小栗札记0114全球汽车产业格局.md
[pool] 跳过 (重复): AI造价与商务小栗札记0115特朗普正式宣布将.md
[pool] 跳过 (重复): AI造价与商务小栗札记0116一边给AI加冕.md
[pool] +待审     559字 AI造价与商务小栗札记0120一汽大众ID.md             待审判有效后计数 (现待审 10,700,161)
[pool] +待审     620字 AI造价与商务小栗札记0121又一合资品牌汽车.md           待审判有效后计数 (现待审 10,700,781)
[pool] +待审     695字 AI造价与商务小栗札记0123AI提不了组织效.md           待审判有效后计数 (现待审 10,701,476)
[pool] +待审     806字 AI造价与商务小栗札记0126特朗普为六位硅谷.md           待审判有效后计数 (现待审 10,702,282)
[pool] 跳过 (重复): AI造价与商务房屋养老金计价有了标尺吉林住宅.md
[pool] 跳过 (重复): IntlEng黄EPC工程风险管理手册EPC破局术06.md
[pool] 跳过 (重复): SEPCOIII微视界国庆献礼沙特卡西姆EPC项目举.md
[pool] 跳过 (重复): SEPCOIII微视界国庆献礼沙特拉比格四期海水淡化.md
[pool] +待审   1,672字 SEPCOIII微视界载誉前行丨山东电建三公司海外项目再获.md     待审判有效后计数 (现待审 10,703,954)
[pool] +待审   1,698字 SEPCOIII微视界载誉前行丨山东电建三公司海外项目斩获.md     待审判有效后计数 (现待审 10,705,652)
[pool] +待审   1,875字 TOP行业报告2026中美人形机器人对比研究报告.md          待审判有效后计数 (现待审 10,707,527)
[pool] +待审   3,268字 TOP行业报告2026麦肯锡TOP行业报告AI.md           待审判有效后计数 (现待审 10,710,795)
[pool] +待审   1,807字 上海勘察设计对标先进促提升建章立制强根基协.md             待审判有效后计数 (现待审 10,712,602)
[pool] +待审   8,357字 上海城市规划杂志探索面向实施的市级生态绿地规划建设新.md        待审判有效后计数 (现待审 10,720,959)
[pool] +待审   1,356字 世界桥梁杂志杭州湾跨海铁路大桥中航道桥桥塔全部封.md          待审判有效后计数 (现待审 10,722,315)
[pool] 跳过 (重复): 中国公路建设行业协会行业协会商会等社会组织领域负责人任职.md
[pool] +待审     506字 中国化学工程四化建四化建大干鏖战正当时献礼国庆展风.md         待审判有效后计数 (现待审 10,722,821)
[pool] +待审   1,644字 中国化学工程集团有限公司QC成果16.md                待审判有效后计数 (现待审 10,724,465)
[pool] +待审   1,895字 中国化学工程集团有限公司中国化学工程党委召开学习贯彻习近平.md     待审判有效后计数 (现待审 10,726,360)
[pool] +待审   1,442字 中国化学工程集团有限公司中国化学工程开展中秋国庆穿透式督查.md     待审判有效后计数 (现待审 10,727,802)
[pool] +待审   1,055字 中国化学工程集团有限公司中国化学工程新闻播报2026年第7.md     待审判有效后计数 (现待审 10,728,857)
[pool] +待审   2,174字 中国化学工程集团有限公司公开招聘中化学南方建设投资有.md        待审判有效后计数 (现待审 10,731,031)
[pool] +待审   1,918字 中国化学工程集团有限公司公开招聘中化工程集团财务有限.md        待审判有效后计数 (现待审 10,732,949)
[pool] +待审     930字 中国化学工程集团有限公司十周年大家谈⑨十三化建.md           待审判有效后计数 (现待审 10,733,879)
[pool] +待审     928字 中国化学工程集团有限公司十周年大家谈⑩七化建.md            待审判有效后计数 (现待审 10,734,807)
[pool] +待审   1,052字 中国化学工程集团有限公司打卡海岸线岛链保安全①辽.md          待审判有效后计数 (现待审 10,735,859)
[pool] +待审   1,065字 中国化学工程集团有限公司打卡海岸线岛链保安全②天.md          待审判有效后计数 (现待审 10,736,924)
[pool] +待审   1,086字 中国化学工程集团有限公司打卡海岸线岛链保安全③河.md          待审判有效后计数 (现待审 10,738,010)
[pool] +待审   1,065字 中国化学工程集团有限公司打卡海岸线岛链保安全④山.md          待审判有效后计数 (现待审 10,739,075)
[pool] +待审   1,057字 中国化学工程集团有限公司打卡海岸线岛链保安全⑤江.md          待审判有效后计数 (现待审 10,740,132)
[pool] +待审   1,039字 中国化学工程集团有限公司打卡海岸线岛链保安全⑥上.md          待审判有效后计数 (现待审 10,741,171)
[pool] +待审   1,065字 中国化学工程集团有限公司打卡海岸线岛链保安全⑦浙.md          待审判有效后计数 (现待审 10,742,236)
[pool] +待审   1,087字 中国化学工程集团有限公司打卡海岸线岛链保安全⑧福.md          待审判有效后计数 (现待审 10,743,323)
[pool] +待审   1,052字 中国化学工程集团有限公司打卡海岸线岛链保安全⑨广.md          待审判有效后计数 (现待审 10,744,375)
[pool] +待审   1,268字 中国化学工程集团有限公司莫鼎革与中盐集团党委书记董事长申.md      待审判有效后计数 (现待审 10,745,643)
[pool] +待审   2,365字 中国化学工程集团有限公司质量月中国化学工程这样干.md          待审判有效后计数 (现待审 10,748,008)
[pool] 跳过 (重复): 中国对外承包工程商会行业协会商会等社会组织领域负责人任职.md
[pool] +待审   1,355字 中国工程咨询协会行业协会商会等社会组织领域负责人任职.md        待审判有效后计数 (现待审 10,749,363)
[pool] +待审   1,544字 中国建科与国同庆中国建科AIGC短视频大赛.md             待审判有效后计数 (现待审 10,750,907)
[pool] +待审   4,760字 中国建科与国同庆中国建科以山河为笔向祖.md               待审判有效后计数 (现待审 10,755,667)
[pool] +待审     962字 中国建科中国农业发展银行北京市分行党委书记.md             待审判有效后计数 (现待审 10,756,629)
[pool] +待审   2,124字 中国建科中国建科作品入围一带一路百国印记.md              待审判有效后计数 (现待审 10,758,753)
[pool] +待审     807字 中国建科中国建科作品法与情获中央企业社会.md              待审判有效后计数 (现待审 10,759,560)
[pool] +待审   1,610字 中国建科喜报中国建科3个项目荣获第二十一届.md             待审判有效后计数 (现待审 10,761,170)
[pool] +待审   1,141字 中国建科国资小新接连推介看中国建科以建.md               待审判有效后计数 (现待审 10,762,311)
[pool] +待审   2,580字 中国建科建科新青年①在项目里扎根在磨砺中.md              待审判有效后计数 (现待审 10,764,891)
[pool] +待审   3,034字 中国建科建科新青年②把一件事从做完到.md                待审判有效后计数 (现待审 10,767,925)
[pool] +待审   3,349字 中国建科建科新青年③没有现成答案的路自己.md              待审判有效后计数 (现待审 10,771,274)
[pool] +待审   2,237字 中国建筑UPWEBUILD第三届中埃建.md               待审判有效后计数 (现待审 10,773,511)
[pool] +待审   2,123字 中国建筑业行业协会商会等社会组织领域负责人任职.md           待审判有效后计数 (现待审 10,775,634)
[pool] +待审   1,472字 中国建筑中国建筑独立董事赴马来西亚新加坡.md              待审判有效后计数 (现待审 10,777,106)
[pool] +待审   1,836字 中国建筑中建造石机点土成金让盾构渣土变身.md              待审判有效后计数 (现待审 10,778,942)
[pool] +待审   1,585字 中国建筑中建集团党组学习贯彻习近平总书记重要.md            待审判有效后计数 (现待审 10,780,527)
[pool] +待审   1,674字 中国建筑中建集团召开2026年三季度运营分析.md            待审判有效后计数 (现待审 10,782,201)
[pool] +待审   1,134字 中国建筑中建集团微视频荣获国资委奖项一线代.md             待审判有效后计数 (现待审 10,783,335)
[pool] +待审     564字 中国建筑人环机融合让每一位老龄和残障朋.md               待审判有效后计数 (现待审 10,783,899)
[pool] +待审   1,515字 中国建筑吴爱国出席2026北京城市更新体验周.md            待审判有效后计数 (现待审 10,785,414)
[pool] +待审   9,102字 中国建筑央媒看中建丨用心建设守护身边美好.md              待审判有效后计数 (现待审 10,794,516)
[pool] +待审   4,097字 中国建筑好房子开放日走进上海体验居住.md                待审判有效后计数 (现待审 10,798,613)
[pool] +待审     412字 中国建筑山河色卡祝福祖国中建日历202.md               待审判有效后计数 (现待审 10,799,025)
[pool] +待审   3,121字 中国建筑把ESG理念融入一线中建一局韩庄子.md             待审判有效后计数 (现待审 10,802,146)
[pool] +待审   1,493字 中国建筑智能时代网安护航中建集团20.md                待审判有效后计数 (现待审 10,803,639)
[pool] +待审   5,712字 中国建筑演艺国风夜游潮玩中建文旅地标.md                待审判有效后计数 (现待审 10,809,351)
[pool] +待审   1,382字 中国建筑郑学选文兵调研检查在京重点项目.md               待审判有效后计数 (现待审 10,810,733)
[pool] +待审   1,471字 中国建筑黄杰赴泰国新加坡调研子企业及重点.md              待审判有效后计数 (现待审 10,812,204)
[pool] 跳过 (重复): 中国建设工程造价管理协会行业协会商会等社会组织领域负责人任.md
[pool] +待审   1,066字 中国招标投标协会2025年全国政府采购简要情况.md           待审判有效后计数 (现待审 10,813,270)
[pool] +待审   4,712字 中国招标投标协会2026年9月这些招标采购新规与你.md         待审判有效后计数 (现待审 10,817,982)
[pool] +待审     878字 中国招标投标协会国家发展改革委民营局围绕制造业领域向.md        待审判有效后计数 (现待审 10,818,860)
[pool] 跳过 (重复): 中国招标投标协会国新办新闻发布会介绍落实十五.md
[pool] +待审   1,758字 中国招标投标协会实务问答如何开展中标结果公平性.md           待审判有效后计数 (现待审 10,820,618)
[pool] +待审  20,086字 中国招标投标协会最高人民法院全国工商联联合发布典型.md         待审判有效后计数 (现待审 10,840,704)
[pool] +待审   1,348字 中国招标投标协会行业协会商会等社会组织领域负责人任职.md        待审判有效后计数 (现待审 10,842,052)
[pool] +待审   6,475字 中国招标投标协会通报贵州广东四川分别通报一.md             待审判有效后计数 (现待审 10,848,527)
[pool] +待审   1,540字 中国政府采购报厅说福建2026谈政采制度改革.md            待审判有效后计数 (现待审 10,850,067)
[pool] 跳过 (重复): 中国政府采购报国管局要求加强公务用车统一采购配备管.md
[pool] +待审   1,731字 中国政府采购报政府采购信息公开范围扩大.md               待审判有效后计数 (现待审 10,851,798)
[pool] +待审   1,297字 中国核协行业协会商会等社会组织领域负责人任职.md            待审判有效后计数 (现待审 10,853,095)
[pool] +待审   2,997字 中国民航报解读规范竞争提升质效.md                   待审判有效后计数 (现待审 10,856,092)
[pool] +待审   1,267字 中国汽车工业协会行业协会商会等社会组织领域负责人任职.md        待审判有效后计数 (现待审 10,857,359)
[pool] 跳过 (重复): 中国环保产业协会行业协会商会等社会组织领域负责人任职.md
[pool] +待审   7,108字 中建政研集团以水网为基织就六网融合新图景水.md             待审判有效后计数 (现待审 10,864,467)
[pool] +待审   1,408字 中机企协行业协会商会等社会组织领域负责人任职.md            待审判有效后计数 (现待审 10,865,875)
[pool] +待审   1,625字 中桥恒通造价咨询公司从算量到管成本EPC模式下造价咨询.md       待审判有效后计数 (现待审 10,867,500)
[pool] 跳过 (重复): 全过程工程咨询项目管理EPC项目各阶段工作内容及文件要求.md
[pool] +待审   1,174字 北京市建筑业联合会关于开展2026年北京建设行业诚信.md        待审判有效后计数 (现待审 10,868,674)
[pool] +待审   2,731字 北嘉建工通EPC联合体一个成员跑路另一家连坐.md            待审判有效后计数 (现待审 10,871,405)
[pool] +待审   2,820字 北嘉建工通开发商拿房抵工程款暴雷后房没了工.md             待审判有效后计数 (现待审 10,874,225)
[pool] +待审   4,565字 北极星风力发电网15MW换10MW投资降1000.md          待审判有效后计数 (现待审 10,878,790)
[pool] +待审   3,674字 北极星风力发电网275亿风电EPC大单终止.md             待审判有效后计数 (现待审 10,882,464)
[pool] +待审   5,732字 北极星风力发电网国能500MW风光同场海上光伏试点项.md        待审判有效后计数 (现待审 10,888,196)
[pool] +待审   3,298字 北极星风力发电网大单招标900MW海上风电230.md          待审判有效后计数 (现待审 10,891,494)
[pool] +待审   3,087字 北极星风力发电网山西再废止4583MW风光项目涉.md          待审判有效后计数 (现待审 10,894,581)
[pool] +待审   3,742字 北极星风力发电网招标135GW风电项目EPC大单.md          待审判有效后计数 (现待审 10,898,323)
[pool] +待审   3,120字 北极星风力发电网突发14MW海上风电机组叶片损.md           待审判有效后计数 (现待审 10,901,443)
[pool] 跳过 (重复): 华中建设工程网11亿中建八局中标河南三门峡大项.md
[pool] +待审   1,155字 华中建设工程网12亿湖北仙桃市中标污水处理大项.md           待审判有效后计数 (现待审 10,902,598)
[pool] 跳过 (重复): 华中建设工程网13亿湖南常德市新中标2大民生项.md
[pool] +待审   1,332字 华中建设工程网15亿河南洛阳市新中标2大民生项.md           待审判有效后计数 (现待审 10,903,930)
[pool] +待审   1,205字 华中建设工程网1亿襄阳市新中标高标准农田大项目.md           待审判有效后计数 (现待审 10,905,135)
[pool] 跳过 (重复): 华中建设工程网21亿河南平顶山市新中标公路大项.md
[pool] +待审   1,210字 华中建设工程网21亿襄阳市新中标高标准农田大项.md           待审判有效后计数 (现待审 10,906,345)
[pool] 跳过 (重复): 华中建设工程网22亿河南三门峡市中标重大基建项.md
[pool] 跳过 (重复): 华中建设工程网24亿宝业湖北建工中标武汉市大项.md
[pool] +待审   3,138字 印尼工程圈102亿美元印尼总统启动11个中资.md            待审判有效后计数 (现待审 10,909,483)
[pool] +待审   2,655字 印尼工程圈印尼巨海墙动工环保水务的机会来了.md             待审判有效后计数 (现待审 10,912,138)
[pool] 跳过 (重复): 印尼工程圈近三天印尼中标中铝氧化铝补签联通.md
[pool] +待审   1,551字 印尼工程圈近三天印尼动向大坝进展下游化落地.md             待审判有效后计数 (现待审 10,913,689)
[pool] 跳过 (重复): 国建标培建筑工程管理中心4863亿EPC大单落地.md
[pool] +待审   4,780字 国际工程与劳务杂志海外电力EPC项目合同谈判要点及风险.md       待审判有效后计数 (现待审 10,918,469)
[pool] +待审   6,888字 国际工程与境外投资海外EPC项目的十大雷区.md             待审判有效后计数 (现待审 10,925,357)
[pool] +待审   1,065字 天津建筑业信息速递行业动态简讯第五十九期.md              待审判有效后计数 (现待审 10,926,422)
[pool] +待审   4,850字 天津建筑业党建动态天津建筑业2026年9月.md             待审判有效后计数 (现待审 10,931,272)
[pool] +待审   1,609字 天津建筑业协会动态多项目联动观摩样板引路.md              待审判有效后计数 (现待审 10,932,881)
[pool] +待审   1,758字 天津建筑业协会动态安全大讲堂聚焦新标准.md               待审判有效后计数 (现待审 10,934,639)
[pool] +待审   4,648字 天津建筑业工作简报天津市建筑业协会2026.md             待审判有效后计数 (现待审 10,939,287)
[pool] +待审   1,395字 天津建筑业转发关于转发住房和城乡建设部干.md              待审判有效后计数 (现待审 10,940,682)
[pool] +待审   2,667字 工程信息速览129亿中建三局联合体中标武汉东.md            待审判有效后计数 (现待审 10,943,349)
[pool] +待审   2,918字 工程信息速览316亿中冶建工联合体中标武汉经.md            待审判有效后计数 (现待审 10,946,267)
[pool] +待审   3,332字 工程信息速览355亿中建三局联合体中标武汉新.md            待审判有效后计数 (现待审 10,949,599)
[pool] +待审   2,676字 工程信息速览467亿中铁建设中标北京化工大学.md            待审判有效后计数 (现待审 10,952,275)
[pool] +待审   3,026字 工程信息速览49亿中建四局联合体中标广州新项.md            待审判有效后计数 (现待审 10,955,301)
[pool] +待审     407字 工程信息速览578亿中建八局新型建造公司拟中.md            待审判有效后计数 (现待审 10,955,708)
[pool] 跳过 (重复): 工程建设之家124亿中建三局强势中标一个EP.md
[pool] 跳过 (重复): 工程建设之家138亿中铁建中标一个EPC总承.md
[pool] +待审   1,474字 工程建设之家181亿中国电建中标风电EPC大.md            待审判有效后计数 (现待审 10,957,182)
[pool] +待审   1,337字 工程建设之家39亿水利EPC项目开始招标啦.md             待审判有效后计数 (现待审 10,958,519)
[pool] +待审   1,716字 工程建设之家49亿的EPC大项目中标单位敲定了.md           待审判有效后计数 (现待审 10,960,235)
[pool] +待审   1,486字 工程建设之家中铁联合体中标10亿EPC大单.md             待审判有效后计数 (现待审 10,961,721)
[pool] 跳过 (重复): 工程建设之家超17亿中国能建新中标一个EPC大.md
[pool] +待审   1,462字 工程建设之家逆天禁止中建承接1亿元以下的小项目.md           待审判有效后计数 (现待审 10,963,183)
[pool] +待审   2,722字 工程招投标最新动态小张15个亿唐山市新中标钢铁产业大项目.md      待审判有效后计数 (现待审 10,965,905)
[pool] 跳过 (重复): 工程招投标最新动态小张269亿元西藏地区中标一个大项目.md
[pool] +待审     928字 工程招投标最新动态小张379亿元中建八局新中标新能源大.md       待审判有效后计数 (现待审 10,966,833)
[pool] +待审     591字 工程招投标最新动态小张578亿元中建八局新中标山西项目.md       待审判有效后计数 (现待审 10,967,424)
[pool] +待审     878字 工程招投标最新动态小张687亿元广西这个公路大项目中标.md       待审判有效后计数 (现待审 10,968,302)
[pool] +待审   1,382字 工程招投标最新动态小张77亿元中铁建牵头中标海南大项目.md       待审判有效后计数 (现待审 10,969,684)
[pool] +待审   1,118字 工程招投标最新动态小张中铁新中标西藏一个项目.md            待审判有效后计数 (现待审 10,970,802)
[pool] 跳过 (重复): 工程招投标最新动态小张超15个亿广西地区新中标大项目.md
[pool] 跳过 (重复): 工程杂谈六张网培训课程汇总培训.md
[pool] +待审   7,433字 工程法务存量时代施工企业如何度过洗牌期.md               待审判有效后计数 (现待审 10,978,235)
[pool] +待审   6,857字 工程法规EPC招标盐城港滨海港区中海油液化.md             待审判有效后计数 (现待审 10,985,092)
[pool] +待审   1,156字 工程法规施工中标南通港通州湾港区三夹沙作业.md             待审判有效后计数 (现待审 10,986,248)
[pool] +待审   7,002字 工程法规施工招标连云港港灌河港区五队作业区.md             待审判有效后计数 (现待审 10,993,250)
[pool] +待审   2,408字 工程职场进阶路1091亿北京硬科技楼8亿给中建.md           待审判有效后计数 (现待审 10,995,658)
[pool] +待审   2,604字 工程职场进阶路109亿煤矿EPC地面心脏中标.md            待审判有效后计数 (现待审 10,998,262)
[pool] 跳过 (重复): 工程职场进阶路1875亿宁夏2GWh储能超级大.md
[pool] +待审   2,388字 工程职场进阶路1986亿商业地标中铁建逆袭中建.md           待审判有效后计数 (现待审 11,000,650)
[pool] 跳过 (重复): 工程职场进阶路33亿800MW甘肃三大储能EP.md
[pool] +待审     536字 工程行业大脑124万亿大盘收缩总包人如何破局.md            待审判有效后计数 (现待审 11,001,186)
[pool] 跳过 (重复): 工程行业大脑1500万悬案揭秘无效合同竟吃定工.md
[pool] +待审     613字 工程行业大脑200万亏损警示中国法院判危房租赁.md           待审判有效后计数 (现待审 11,001,799)
[pool] +待审   4,241字 工程行业大脑540家建材企业遭罚广州追溯新规.md            待审判有效后计数 (现待审 11,006,040)
[pool] +待审     616字 工程行业大脑600万亩棉花地大石峡工程揭秘如何.md           待审判有效后计数 (现待审 11,006,656)
[pool] +待审   2,382字 工程行业大脑73人遇难丰城事故拆出的EPC安全.md           待审判有效后计数 (现待审 11,009,038)
[pool] +待审     522字 工程行业大脑78亿巨亏揭秘工程人协同失灵的惊.md            待审判有效后计数 (现待审 11,009,560)
[pool] 跳过 (重复): 工程行业大脑794亿大单亏300万中国移动限.md
[pool] 跳过 (重复): 工程行业大脑AI研发采购15超支惊悚揭秘工.md
[pool] 跳过 (重复): 工程行业大脑三林楔形绿地65生态用地总包如何.md
[pool] 跳过 (重复): 工程行业大脑中资矿企海外合规风险损失10亿A.md
[pool] +待审     564字 工程行业大脑工程人调价180天却因不懂新规吃大.md           待审判有效后计数 (现待审 11,010,124)
[pool] 跳过 (重复): 工程行业大脑建工新规下180万赔偿案惊曝造价.md
[pool] 跳过 (重复): 工程行业大脑总包项目计税误区9成风险AI助建筑.md
[pool] 跳过 (重复): 工程行业大脑放下双手才能抬起双眼老张转型失败.md
[pool] +待审     584字 工程行业大脑海外工程签证漏签2800万损失真相.md           待审判有效后计数 (现待审 11,010,708)
[pool] +待审     606字 工程行业大脑特高压工程背后的管理逻辑10000.md           待审判有效后计数 (现待审 11,011,314)
[pool] 跳过 (重复): 工程行业杂谈118亿元中铁一局在甘肃拿下一个.md
[pool] +待审   1,451字 工程行业杂谈138亿中铁建中标一个EPC总承.md            待审判有效后计数 (现待审 11,012,765)
[pool] +待审   1,561字 工程行业杂谈中建三局中建二局双线落子188.md             待审判有效后计数 (现待审 11,014,326)
[pool] +待审   1,568字 工程行业那点事中建大爆发54亿拿下新疆大项目.md            待审判有效后计数 (现待审 11,015,894)
[pool] +待审   1,686字 工程资料109亿的EPC大项目中标单位敲定.md             待审判有效后计数 (现待审 11,017,580)
[pool] +待审   1,615字 工程资料199亿的重大水利项目中标结果出炉.md             待审判有效后计数 (现待审 11,019,195)
[pool] 跳过 (重复): 工程资料37亿重庆新中标一个EPC大项目.md
[pool] +待审   1,677字 工程资料82亿的改扩建大项目中标单位确定了.md             待审判有效后计数 (现待审 11,020,872)
[pool] +待审   1,761字 工程资料人事考试网建造师改为一年过三科未.md              待审判有效后计数 (现待审 11,022,633)
[pool] 跳过 (重复): 工程资料室中建三局医院类EPC项目设计管理价值.md
[pool] +待审     969字 工程资料室中建三局单方总价包干住宅EPC设计管.md           待审判有效后计数 (现待审 11,023,602)
[pool] 跳过 (重复): 工程资料网中建房建工程现场标准化分级分类管理实.md
[pool] +待审     493字 工程资料网国企EPC设计管理培训.md                  待审判有效后计数 (现待审 11,024,095)
[pool] 硬拒 snippet-only (serp_shape): 工程资料网央企EPC项目利润规划及设计管理培训.md — 全文腿取回后再入池
[pool] +待审     681字 工程资料网幕墙门窗工程管控要点.md                   待审判有效后计数 (现待审 11,024,776)
[pool] +待审     885字 工程资料网高层住宅施工策划及现场各阶段重点解读.md           待审判有效后计数 (现待审 11,025,661)
[pool] +待审   3,594字 工程造价咨询管理102126成都10273.md             待审判有效后计数 (现待审 11,029,255)
[pool] +待审   6,747字 工程造价咨询管理102226武汉新清单标准.md             待审判有效后计数 (现待审 11,036,002)
[pool] +待审   3,143字 工程造价咨询管理102630贵阳11913.md             待审判有效后计数 (现待审 11,039,145)
[pool] 跳过 (重复): 工程造价管理别再被签证单上的情况属实骗了.md
[pool] +待审   3,620字 干工程活啦建筑工程分包合规指南合同条款责任.md             待审判有效后计数 (现待审 11,042,765)
[pool] +待审     611字 建友资质二级升一级通信工程施工总承包二级升.md             待审判有效后计数 (现待审 11,043,376)
[pool] +待审     579字 建友资质二级升一级铁路工程施工总承包二级升.md             待审判有效后计数 (现待审 11,043,955)
[pool] +待审  10,210字 建工招采仲裁法苑入库案例118河南某火电建设有限公.md         待审判有效后计数 (现待审 11,054,165)
[pool] +待审   9,625字 建工招采仲裁法苑入库案例1指导案例11号杨延虎等.md          待审判有效后计数 (现待审 11,063,790)
[pool] +待审  10,551字 建工招采仲裁法苑入库案例9指导案例170号饶国礼.md          待审判有效后计数 (现待审 11,074,341)
[pool] 跳过 (重复): 建工招采仲裁法苑最高法工程价款关于垫资款中贷款.md
[pool] +待审   2,125字 建工政析537亿中标说不要就不要风电.md                待审判有效后计数 (现待审 11,076,466)
[pool] +待审   3,149字 建筑业主评论干了28年工程才看明白PMBOK是.md           待审判有效后计数 (现待审 11,079,615)
[pool] 跳过 (重复): 建筑业要文PPP存量项目两降一延整改.md
[pool] +待审   1,790字 建筑业说中建大爆发中建三局中建五局中建.md               待审判有效后计数 (现待审 11,081,405)
[pool] 跳过 (重复): 建筑业说中铁二十五局联合体组团拿下198亿.md
[pool] +待审   1,591字 建筑业说省建工集团联合体强势拿下807亿E.md             待审判有效后计数 (现待审 11,082,996)
[pool] +待审   1,998字 建筑业说逆天禁止中建承接1亿元以下的小项目.md             待审判有效后计数 (现待审 11,084,994)
[pool] +待审   2,140字 建筑信息汇聚平台EPC总价包干普及审计造价追责加码.md         待审判有效后计数 (现待审 11,087,134)
[pool] +待审   2,094字 建筑信息汇聚平台万亿基建加速落地若EPC仍重交付.md          待审判有效后计数 (现待审 11,089,228)
[pool] 跳过 (重复): 建筑信息汇聚平台入库案例EPC项目谁向施工人付款.md
[pool] 跳过 (重复): 建筑信息汇聚平台国资委关于国有资产管理119个问题.md
[pool] +待审   1,204字 建筑工程分包平台19亿元中铁二局在无锡中标项目.md           待审判有效后计数 (现待审 11,090,432)
[pool] +待审   1,182字 建筑工程分包平台3个标安徽一个电厂项目中标了.md            待审判有效后计数 (现待审 11,091,614)
[pool] +待审   1,265字 建筑工程分包平台75亿元三亚又一个大项目中标了.md           待审判有效后计数 (现待审 11,092,879)
[pool] 跳过 (重复): 建筑工程分包平台98亿元水电十四局又拟中标一个抽.md
[pool] +待审   1,504字 建筑工程分包平台中铁十五局在聊城拿下一个项目.md            待审判有效后计数 (现待审 11,094,383)
[pool] +待审   1,123字 建筑工程分包平台中铁十六局在新疆拜城县斩获一个矿山项.md        待审判有效后计数 (现待审 11,095,506)
[pool] 跳过 (重复): 建筑工程分包平台投资超35亿元上海又一个大项目中标.md
[pool] +待审   1,725字 建筑工程分包平台水电十局水电十一局拟中标抽水蓄能项.md         待审判有效后计数 (现待审 11,097,231)
[pool] +待审   1,007字 建筑工程分包平台浙江一个铁路项目中标.md                待审判有效后计数 (现待审 11,098,238)
[pool] +待审   1,563字 建筑工程分包平台超19亿元又一个高速公路项目施工单.md         待审判有效后计数 (现待审 11,099,801)
[pool] 跳过 (重复): 建筑工程分包平台超30亿元中国能建在西藏拿下一个大.md
[pool] 跳过 (重复): 建筑工程分包平台超4亿元中交建筑在南通市拟中标项目.md
[pool] +待审   1,490字 建筑工程大全113亿内蒙铁路大单中铁中铁建包揽.md           待审判有效后计数 (现待审 11,101,291)
[pool] +待审   1,307字 建筑工程大全139亿狮子洋通道项目又中标啦.md             待审判有效后计数 (现待审 11,102,598)
[pool] +待审   1,480字 建筑工程大全2026年一建这3个专业要起飞.md             待审判有效后计数 (现待审 11,104,078)
[pool] +待审   1,547字 建筑工程大全30亿西藏新中标1个EPC大项目.md            待审判有效后计数 (现待审 11,105,625)
[pool] +待审   1,377字 建筑工程大全3个标包神铁路项目又中标啦.md               待审判有效后计数 (现待审 11,107,002)
[pool] +待审   1,627字 建筑工程大全489亿元又一个高速公路大项目中标.md           待审判有效后计数 (现待审 11,108,629)
[pool] +待审   1,849字 建筑工程大全52亿的EPC大项目启动招标.md              待审判有效后计数 (现待审 11,110,478)
[pool] +待审   1,438字 建筑工程大全55亿7个标济广高速公路项目中标.md            待审判有效后计数 (现待审 11,111,916)
[pool] +待审   1,664字 建筑工程大全75岁王石杀回房地产出任董事长.md             待审判有效后计数 (现待审 11,113,580)
[pool] +待审   1,518字 建筑工程大全9个标青藏铁路项目中标揭榜.md               待审判有效后计数 (现待审 11,115,098)
[pool] +待审   1,694字 建筑工程大全中交大爆发中交一公局中交二公局.md             待审判有效后计数 (现待审 11,116,792)
[pool] +待审   1,691字 建筑工程大全中国中铁两位领导辞职.md                  待审判有效后计数 (现待审 11,118,483)
[pool] +待审   1,415字 建筑工程大全中国中铁拿下124亿EPC大单即.md            待审判有效后计数 (现待审 11,119,898)
[pool] +待审   1,430字 建筑工程大全中建三局中标59亿新能源EPC大单.md           待审判有效后计数 (现待审 11,121,328)
[pool] +待审   1,439字 建筑工程大全中建三局大爆发强势中标湖北21亿景.md           待审判有效后计数 (现待审 11,122,767)
[pool] +待审   1,406字 建筑工程大全中建八局新中标293亿总承包大项目.md           待审判有效后计数 (现待审 11,124,173)
[pool] +待审   1,552字 建筑工程大全中建八局资质被撤.md                    待审判有效后计数 (现待审 11,125,725)
[pool] +待审   1,408字 建筑工程大全京港澳高速公路项目中标结果.md               待审判有效后计数 (现待审 11,127,133)
[pool] +待审   1,539字 建筑工程大全人事考试网建造师改为一年过三科未.md            待审判有效后计数 (现待审 11,128,672)
[pool] +待审   1,549字 建筑工程大全价格冲到775W比一建更吃香的黑.md            待审判有效后计数 (现待审 11,130,221)
[pool] +待审   1,676字 建筑工程大全住建局即日起项目经理甲方安全.md              待审判有效后计数 (现待审 11,131,897)
[pool] +待审   1,622字 建筑工程大全住建部工地新规取消60岁限制.md              待审判有效后计数 (现待审 11,133,519)
[pool] +待审   1,574字 建筑工程大全千亿国企正式揭牌.md                    待审判有效后计数 (现待审 11,135,093)
[pool] +待审   1,493字 建筑工程大全单证的建造师要凉了.md                   待审判有效后计数 (现待审 11,136,586)
[pool] +待审   1,555字 建筑工程大全又一特级建设集团扛不住了.md                待审判有效后计数 (现待审 11,138,141)
[pool] +待审   1,465字 建筑工程大全又有2个机场项目中标了.md                 待审判有效后计数 (现待审 11,139,606)
[pool] +待审   1,576字 建筑工程大全屌丝三证多了一个新成员.md                 待审判有效后计数 (现待审 11,141,182)
[pool] +待审   1,351字 建筑工程大全广东河紫高速公路施工中标啦.md               待审判有效后计数 (现待审 11,142,533)
[pool] +待审   1,778字 建筑工程大全建筑工程人大量就业方向来了.md               待审判有效后计数 (现待审 11,144,311)
[pool] +待审   1,615字 建筑工程大全所有男同志晚上不允许回家发现2次调.md           待审判有效后计数 (现待审 11,145,926)
[pool] +待审   1,538字 建筑工程大全投资1629亿元的铁路项目中标揭.md            待审判有效后计数 (现待审 11,147,464)
[pool] +待审   1,345字 建筑工程大全浩吉铁路项目又中标啦.md                  待审判有效后计数 (现待审 11,148,809)
[pool] +待审   1,698字 建筑工程大全监理不再由建设单位直接委托了.md              待审判有效后计数 (现待审 11,150,507)
[pool] +待审   1,682字 建筑工程大全良心建筑公司最后的绝唱虽然全体员.md            待审判有效后计数 (现待审 11,152,189)
[pool] +待审   1,354字 建筑工程大全资超88亿元广西又一个水利大项目启.md           待审判有效后计数 (现待审 11,153,543)
[pool] +待审   1,313字 建筑工程大全超21亿福建新中标一个大项目.md              待审判有效后计数 (现待审 11,154,856)
[pool] +待审   1,609字 建筑工程大全这所万人大学破产了.md                   待审判有效后计数 (现待审 11,156,465)
[pool] +待审   1,478字 建筑工程大全逆天严禁中建接2个亿以上的项目.md             待审判有效后计数 (现待审 11,157,943)
[pool] +待审   1,612字 建筑工程大全部分央国企开始将正式员工批量转为劳.md           待审判有效后计数 (现待审 11,159,555)
[pool] +待审   1,621字 建筑工程大全项目负责人要强配高级职称了.md               待审判有效后计数 (现待审 11,161,176)
[pool] 跳过 (重复): 建筑工程法律人EPC工程总承包中发包人要求编制.md
[pool] +待审     670字 建筑工程资料国庆快乐祖国万岁.md                    待审判有效后计数 (现待审 11,161,846)
[pool] +待审   1,933字 建筑工程资料土石坝填筑施工安全交底.md                 待审判有效后计数 (现待审 11,163,779)
[pool] +待审   2,518字 建筑工程资料土石坝填筑施工技术交底.md                 待审判有效后计数 (现待审 11,166,297)
[pool] +待审   5,705字 建筑工程资料地下室防水工程施工技术交底.md               待审判有效后计数 (现待审 11,172,002)
[pool] +待审   6,247字 建筑工程资料堤防填筑工程安全交底.md                  待审判有效后计数 (现待审 11,178,249)
[pool] +待审   6,323字 建筑工程资料堤防填筑工程施工技术交底.md                待审判有效后计数 (现待审 11,184,572)
[pool] +待审   1,582字 建筑工程资料水泥混凝土路面施工安全交底.md               待审判有效后计数 (现待审 11,186,154)
[pool] +待审   2,133字 建筑工程资料水泥混凝土路面施工技术交底.md               待审判有效后计数 (现待审 11,188,287)
[pool] +待审   8,194字 建筑工程资料水泥稳定碎石基层施工安全交底.md              待审判有效后计数 (现待审 11,196,481)
[pool] +待审   9,769字 建筑工程资料水泥稳定碎石基层施工技术交底.md              待审判有效后计数 (现待审 11,206,250)
[pool] +待审   1,786字 建筑工程资料沥青混凝土路面摊铺安全交底.md               待审判有效后计数 (现待审 11,208,036)
[pool] +待审   2,216字 建筑工程资料沥青混凝土路面摊铺施工技术交底.md             待审判有效后计数 (现待审 11,210,252)
[pool] +待审   6,598字 建筑工程资料河道清淤工程安全交底.md                  待审判有效后计数 (现待审 11,216,850)
[pool] +待审   1,671字 建筑工程资料混凝土衬砌渠道施工安全交底.md               待审判有效后计数 (现待审 11,218,521)
[pool] +待审   2,076字 建筑工程资料混凝土衬砌渠道施工技术交底.md               待审判有效后计数 (现待审 11,220,597)
[pool] +待审   1,700字 建筑工程资料砌体填充墙施工安全交底.md                 待审判有效后计数 (现待审 11,222,297)
[pool] +待审   2,145字 建筑工程资料砌体填充墙施工技术交底.md                 待审判有效后计数 (现待审 11,224,442)
[pool] +待审   6,549字 建筑工程资料钢筋工程施工技术交底.md                  待审判有效后计数 (现待审 11,230,991)
[pool] +待审   2,548字 建筑工程资料钻孔灌注桩施工安全交底.md                 待审判有效后计数 (现待审 11,233,539)
[pool] 跳过 (重复): 建筑工程资料钻孔灌注桩施工技术交底.md
[pool] +待审   5,891字 建筑工程资料隧道初期支护工程安全交底.md                待审判有效后计数 (现待审 11,239,430)
[pool] +待审     725字 建筑工程鲁班联盟中国安装协会机电安装这样施工能创优.md         待审判有效后计数 (现待审 11,240,155)
[pool] +待审   1,873字 建筑工程鲁班联盟中国建筑陕西建工北京建工北京城.md           待审判有效后计数 (现待审 11,242,028)
[pool] +待审   1,021字 建筑工程鲁班联盟住建局推荐技术地坪这样施工防开裂.md          待审判有效后计数 (现待审 11,243,049)
[pool] +待审   1,149字 建筑工程鲁班联盟住建部重点整治烟道如何施工才规范.md          待审判有效后计数 (现待审 11,244,198)
[pool] 跳过 (重复): 建筑工程鲁班联盟我在中天工地见识了零渗漏卫生间施工.md
[pool] +待审     855字 建筑工程鲁班联盟机电安装新工艺管道标识这样施工又快.md         待审判有效后计数 (现待审 11,245,053)
[pool] +待审     844字 建筑工程鲁班联盟机电安装最新亮点工艺.md                待审判有效后计数 (现待审 11,245,897)
[pool] +待审   1,374字 建筑工程鲁班联盟淘汰铁皮风管好房子工程用上新型.md           待审判有效后计数 (现待审 11,247,271)
[pool] 跳过 (重复): 建筑技术杂志社BIM三维扫描技术在异型钢结构幕墙.md
[pool] +待审   5,396字 建筑技术杂志社建筑技术丨EPC总承包模式下深基坑支.md         待审判有效后计数 (现待审 11,252,667)
[pool] +待审   4,343字 建筑杂志社上海市长宁区健全协同联动机制打.md              待审判有效后计数 (现待审 11,257,010)
[pool] 跳过 (重复): 建筑杂志社中共中央办公厅国务院办公厅印发文.md
[pool] +待审   5,311字 建筑杂志社中国建筑标准设计研究院有限公司无障碍.md           待审判有效后计数 (现待审 11,262,321)
[pool] +待审   4,010字 建筑杂志社中国建筑设计研究院有限公司适老建筑与.md           待审判有效后计数 (现待审 11,266,331)
[pool] +待审   4,318字 建筑杂志社住房和城乡建设部科技与产业化发展中心.md           待审判有效后计数 (现待审 11,270,649)
[pool] +待审   1,162字 建筑杂志社住房城乡建设部举行升国旗仪式庆祝.md             待审判有效后计数 (现待审 11,271,811)
[pool] +待审   2,990字 建筑杂志社住房城乡建设部就三项工程项目建设标准.md           待审判有效后计数 (现待审 11,274,801)
[pool] +待审   4,021字 建筑杂志社北京市建筑设计研究院股份有限公司副总.md           待审判有效后计数 (现待审 11,278,822)
[pool] +待审   4,253字 建筑杂志社北京市无障碍环境建设促进中心副主任.md            待审判有效后计数 (现待审 11,283,075)
[pool] +待审     741字 建筑杂志社国庆节热烈庆祝中华人民共和国成立.md             待审判有效后计数 (现待审 11,283,816)
[pool] +待审   1,818字 建筑杂志社实力夺金湖北建院世校赛土木建筑施工.md            待审判有效后计数 (现待审 11,285,634)
[pool] +待审   3,853字 建筑杂志社广东省从设施无障碍走向环境友.md               待审判有效后计数 (现待审 11,289,487)
[pool] +待审   3,273字 建筑杂志社查稿2026年城乡建设第18.md               待审判有效后计数 (现待审 11,292,760)
[pool] +待审   3,582字 建筑杂志社浙江省杭州市做实常态抓总项目融.md              待审判有效后计数 (现待审 11,296,342)
[pool] +待审   6,745字 建筑杂志社第十四届全国人大常委会委员中国志愿.md            待审判有效后计数 (现待审 11,303,087)
[pool] +待审   2,279字 建筑杂志社购房贷款贴息政策发布谁能受益如何.md             待审判有效后计数 (现待审 11,305,366)
[pool] +待审   3,137字 建筑管理最高院一套人马两块牌子足以.md                 待审判有效后计数 (现待审 11,308,503)
[pool] +待审     666字 总包之声2027年资金拼盘避坑指南三类错配.md             待审判有效后计数 (现待审 11,309,169)
[pool] 跳过 (重复): 总包之声770号文后造价人面临的风险几何.md
[pool] 跳过 (重复): 总包之声EPC垫资陷阱3百万起揭秘垫资黑.md
[pool] 跳过 (重复): 总包之声EPC结算惊爆4665亿变65亿.md
[pool] +待审     679字 总包之声EPC造价人必看2800万账单揭秘.md             待审判有效后计数 (现待审 11,309,848)
[pool] +待审     644字 总包之声EPC项目垫资失控代价惊人200万.md             待审判有效后计数 (现待审 11,310,492)
[pool] 跳过 (重复): 总包之声一个签证漏签2800万没了这不是.md
[pool] +待审     583字 总包之声六局资本金亏损650亿央企追责新.md              待审判有效后计数 (现待审 11,311,075)
[pool] +待审     527字 总包之声国内唯一核电全厂EPC总包商凭什么.md             待审判有效后计数 (现待审 11,311,602)
[pool] +待审     750字 总包之声建工新规下总包企业合规风险揭秘2.md              待审判有效后计数 (现待审 11,312,352)
[pool] 跳过 (重复): 总包之声曼比拉仲裁大胜58亿项目闯18关.md
[pool] +待审     656字 总包之声设计与施工34合并34了.md                  待审判有效后计数 (现待审 11,313,008)
[pool] +待审   1,122字 总包之声进新市场做EPC最贵的成本是信息差.md             待审判有效后计数 (现待审 11,314,130)
[pool] +待审     782字 总包之声造价咨询法律风险四道坎2800万.md              待审判有效后计数 (现待审 11,314,912)
[pool] 跳过 (重复): 总包说113亿项目中标秘诀AI助力中.md
[pool] +待审     599字 总包说13亿EPC项目超概难题三步合同避.md              待审判有效后计数 (现待审 11,315,511)
[pool] 跳过 (重复): 总包说15亿超概危机招标文件深度不足.md
[pool] 跳过 (重复): 总包说2264亿诉讼背后边设计边施工的.md
[pool] 跳过 (重复): 总包说50亿项目背后统筹平台定标准三林.md
[pool] +待审     536字 总包说7万火箭工厂设计逻辑揭秘商业航天.md               待审判有效后计数 (现待审 11,316,047)
[pool] +待审     613字 总包说80企业无缘2000亿AI如何解.md               待审判有效后计数 (现待审 11,316,660)
[pool] +待审     656字 总包说860万投资打水漂危房租酒店合同无.md              待审判有效后计数 (现待审 11,317,316)
[pool] +待审   3,580字 总包说8997亿巨资大石峡项目揭秘数字.md               待审判有效后计数 (现待审 11,320,896)
[pool] 跳过 (重复): 总包说AI助挽回12亿损失沙特光伏项目.md
[pool] +待审     645字 总包说AI评标助广州房建省3137亿造.md               待审判有效后计数 (现待审 11,321,541)
[pool] 跳过 (重复): 总包说EPC项目亏1700万总价上限争议.md
[pool] +待审     646字 总包说EPC项目警示先施工后补手续30.md               待审判有效后计数 (现待审 11,322,187)
[pool] +待审     635字 总包说FIDIC风险识别AI失效造价人亏.md              待审判有效后计数 (现待审 11,322,822)
[pool] +待审   5,339字 总包说分家少分宅子AI审查教你如何翻倍赚.md              待审判有效后计数 (现待审 11,328,161)
[pool] 跳过 (重复): 总包说工程人必看AI应用四大误区揭秘实.md
[pool] +待审     700字 总包说工程人必看百万纠纷损失调解误区竟.md               待审判有效后计数 (现待审 11,328,861)
[pool] +待审     539字 总包说工程安全警示100教育覆盖20.md                待审判有效后计数 (现待审 11,329,400)
[pool] 跳过 (重复): 总包说巴西EPC风险高815中国承包.md
[pool] +待审     540字 总包说拆一家总包中石化广州的七星打法.md                待审判有效后计数 (现待审 11,329,940)
[pool] 跳过 (重复): 总包说政府项目违规举债百万损失如何防.md
[pool] +待审     724字 总包说水电十四局761亿资产惊亏26亿.md               待审判有效后计数 (现待审 11,330,664)
[pool] +待审   7,710字 新基建投融圈独家存量PPP项目两降一延流.md              待审判有效后计数 (现待审 11,338,374)
[pool] 跳过 (重复): 新基建通19亿中铁二十五局联合体囊获大单.md
[pool] 跳过 (重复): 新基建通21亿福建大项目中标了.md
[pool] 跳过 (重复): 新基建通29亿中国铁建联合体喜提大单.md
[pool] 跳过 (重复): 新基建通2个标首都地区环线高速公路招标.md
[pool] 跳过 (重复): 新基建通30亿西藏大项目中标结果.md
[pool] 跳过 (重复): 新基建通3亿中铁建工在河北中标了.md
[pool] 跳过 (重复): 新基建通4个标海南公路项目中标结果.md
[pool] 跳过 (重复): 新基建通4亿中建八局中标了.md
[pool] 跳过 (重复): 新基建通4亿中铁四局在江苏中标了.md
[pool] +待审   1,764字 新基建通5个标六盘水至兴义高速项目中标结果.md             待审判有效后计数 (现待审 11,340,138)
[pool] 跳过 (重复): 新基建通5亿中国能建葛洲坝中标了.md
[pool] +待审   1,181字 新基建通5亿内蒙古大项目中标.md                    待审判有效后计数 (现待审 11,341,319)
[pool] 跳过 (重复): 新基建通5亿山东项目招标.md
[pool] +待审     447字 新基建通66亿青藏铁路9个施工标中标人敲定.md             待审判有效后计数 (现待审 11,341,766)
[pool] +待审   2,520字 新基建通7个标济广高速公路项目中标人敲定.md              待审判有效后计数 (现待审 11,344,286)
[pool] +待审     708字 新基建通80亿贵州新中标一个交通基础设施项.md             待审判有效后计数 (现待审 11,344,994)
[pool] 跳过 (重复): 新基建通8亿北大生物城项目中标了.md
[pool] +待审     506字 新基建通8亿新疆中标一个矿产大单.md                  待审判有效后计数 (现待审 11,345,500)
[pool] 跳过 (重复): 新基建通9个标青藏铁路项目中标结果.md
[pool] +待审     781字 新基建通中国交建中标重庆5亿大单.md                  待审判有效后计数 (现待审 11,346,281)
[pool] +待审   1,551字 新基建通中建三局一局斩获18亿大单.md                 待审判有效后计数 (现待审 11,347,832)
[pool] +待审   1,421字 新基建通中铁建工中国电建中标了.md                   待审判有效后计数 (现待审 11,349,253)
[pool] +待审     985字 新基建通保利长大中标了.md                       待审判有效后计数 (现待审 11,350,238)
[pool] +待审     931字 新基建通南京地铁1号线项目中标结果.md                 待审判有效后计数 (现待审 11,351,169)
[pool] 跳过 (重复): 新基建通合肥绕城高速公路中标结果.md
[pool] 跳过 (重复): 新基建通四川铁路项目中标了.md
[pool] 跳过 (重复): 新基建通大连港码头工程中标结果.md
[pool] +待审   1,079字 新基建通山西近6亿大单更换中标人.md                  待审判有效后计数 (现待审 11,352,248)
[pool] 跳过 (重复): 新基建通岷江老木孔航电枢纽工程中标结果.md
[pool] +待审   1,942字 新基建通广西水利项目中标结果.md                    待审判有效后计数 (现待审 11,354,190)
[pool] +待审   1,731字 新基建通建筑企业最大的损耗是流失的投标经验.md             待审判有效后计数 (现待审 11,355,921)
[pool] +待审   1,874字 新基建通异地投标频频失利根源真的是企业实力.md             待审判有效后计数 (现待审 11,357,795)
[pool] 跳过 (重复): 新基建通徐州轨道交通4号线中标结果.md
[pool] 跳过 (重复): 新基建通新疆大项目招标.md
[pool] +待审   1,689字 新基建通水电十一局中标山西抽蓄电站项目.md               待审判有效后计数 (现待审 11,359,484)
[pool] +待审   1,231字 新基建通江西水利工程中标结果.md                    待审判有效后计数 (现待审 11,360,715)
[pool] +待审     931字 新基建通河源紫金至江东新区高速公路项目中标了.md            待审判有效后计数 (现待审 11,361,646)
[pool] +待审     407字 新基建通浩吉铁路项目中标结果.md                    待审判有效后计数 (现待审 11,362,053)
[pool] 跳过 (重复): 新基建通狮子洋通道项目中标结果.md
[pool] 跳过 (重复): 施工企业项目管理城市更新贷款管理办法落地满月九道门.md
[pool] +待审   5,346字 施工企业项目管理市场经营篇六张网269万亿.md             待审判有效后计数 (现待审 11,367,399)
[pool] 跳过 (重复): 施工企业项目管理总包观察131亿188公里惠.md
[pool] +待审   3,726字 施工企业项目管理总包观察杭州萧宏手握34全.md             待审判有效后计数 (现待审 11,371,125)
[pool] +待审   4,184字 施工企业项目管理总包观察杭萧钢构技术冠军做得出.md           待审判有效后计数 (现待审 11,375,309)
[pool] +待审   4,229字 施工企业项目管理总包观察浙水股份为什么一家能拿鲁.md          待审判有效后计数 (现待审 11,379,538)
[pool] +待审   5,422字 施工企业项目管理等审计出来再也拖不起了2026.md           待审判有效后计数 (现待审 11,384,960)
[pool] +待审   4,525字 施工企业项目管理项目管理篇节后开工第一课Q4回.md           待审判有效后计数 (现待审 11,389,485)
[pool] +待审   5,352字 施工技术13472亿重组落地南水北调整.md               待审判有效后计数 (现待审 11,394,837)
[pool] +待审   4,039字 施工技术中建布局酒店餐饮行业.md                    待审判有效后计数 (现待审 11,398,876)
  … 4500 件 (跳 0)
[pool] +待审   3,537字 施工技术住建部发布新一批资质核准名单6家企.md             待审判有效后计数 (现待审 11,402,413)
[pool] +待审   5,616字 施工技术助力科研报奖专业科技查新与权威成果.md             待审判有效后计数 (现待审 11,408,029)
[pool] +待审   6,028字 施工技术国庆好文特辑以数智化支撑工程项.md               待审判有效后计数 (现待审 11,414,057)
[pool] +待审   7,789字 施工技术国庆好文特辑华龙一号反应堆厂房.md               待审判有效后计数 (现待审 11,421,846)
[pool] +待审   8,682字 施工技术国庆好文特辑基于多源感知与智能.md               待审判有效后计数 (现待审 11,430,528)
[pool] 跳过 (重复): 施工技术国庆好文特辑工程建设行业生成式.md
[pool] +待审   7,847字 施工技术国庆好文特辑深超总C塔项目贝雷.md               待审判有效后计数 (现待审 11,438,375)
[pool] +待审   8,323字 施工技术国庆好文特辑混凝土连续梁智能造.md               待审判有效后计数 (现待审 11,446,698)
[pool] +待审   9,436字 施工技术国庆好文特辑面向建筑施工场景的.md               待审判有效后计数 (现待审 11,456,134)
[pool] +待审   5,993字 施工技术施工技术第八届工程建设杰出青年评选.md             待审判有效后计数 (现待审 11,462,127)
[pool] +待审   2,398字 机场工程人家机场水泥混凝土道面检测出脱空就需要注.md          待审判有效后计数 (现待审 11,464,525)
[pool] +待审   9,344字 每日风电3196MW云南省连续核准批复5.md              待审判有效后计数 (现待审 11,473,869)
[pool] +待审     870字 每日风电山西再废止458MW风光项目指标.md              待审判有效后计数 (现待审 11,474,739)
[pool] +待审   1,597字 每日风电时代新材签订4394亿元风电叶片合.md             待审判有效后计数 (现待审 11,476,336)
[pool] +待审   1,153字 每日风电远景85MW机组龙源电力射阳1G.md              待审判有效后计数 (现待审 11,477,489)
[pool] +待审   1,471字 每日风电陕西下发520MW风光项目指标附.md              待审判有效后计数 (现待审 11,478,960)
[pool] +待审     592字 汉哲工程建设咨询中心建筑企业考核的底层逻辑.md             待审判有效后计数 (现待审 11,479,552)
[pool] +待审   4,584字 江苏省储能行业协会2026年9月浙江新型储能备案69.md        待审判有效后计数 (现待审 11,484,136)
[pool] 跳过 (重复): 江苏省储能行业协会江西独立储能管理年调度350次.md
[pool] +待审   3,072字 江苏省储能行业协会超55GW海上光伏完成备案盐城国.md         待审判有效后计数 (现待审 11,487,208)
[pool] 跳过 (重复): 江苏省建筑行业协会建筑与市政工程施工质量控制通用规范.md
[pool] +待审   1,671字 河南省建筑业协会协会通知关于转发中国建筑业协会.md           待审判有效后计数 (现待审 11,488,879)
[pool] +待审   1,682字 河南省建筑业协会协会通知关于转发住房和城乡建设部.md          待审判有效后计数 (现待审 11,490,561)
[pool] +待审   1,670字 河南省建筑业协会协会通知关于转发河南省政府投资项.md          待审判有效后计数 (现待审 11,492,231)
[pool] +待审   2,664字 河南省建筑业协会热点聚焦关于六张网国家发展.md             待审判有效后计数 (现待审 11,494,895)
[pool] +待审   2,424字 河南省建筑业协会热点聚焦国家发改委民间资本参与.md           待审判有效后计数 (现待审 11,497,319)
[pool] +待审   3,891字 河南省建筑业协会热点聚焦总投资超320000亿元.md          待审判有效后计数 (现待审 11,501,210)
[pool] +待审   3,058字 河南省建筑业协会热点聚焦政策显效国庆假期重点城.md           待审判有效后计数 (现待审 11,504,268)
[pool] 跳过 (重复): 河南省建筑业协会质量月大讲堂2026质量月.md
[pool] +待审   3,041字 河南省建筑业协会质量月活动河南五建开展2026.md           待审判有效后计数 (现待审 11,507,309)
[pool] 跳过 (重复): 河南省电力企业协会信用专栏三门峡灵宝市开展推进.md
[pool] +待审   2,244字 涉外工程律师团队中企在哈萨克斯坦六个数据合规要求.md          待审判有效后计数 (现待审 11,509,553)
[pool] +待审   4,913字 湖北省勘察设计协会中共湖北省委关于高水平建设武汉区域科.md       待审判有效后计数 (现待审 11,514,466)
[pool] 跳过 (重复): 湖北省勘察设计协会转发行业协会商会等社会组织领域负责.md
[pool] +待审   9,719字 环境工程环境工程主编曲久辉院士环境自净.md               待审判有效后计数 (现待审 11,524,185)
[pool] +待审     934字 盛唐工程咨询集团有限公司数智赋能审计共筑全流程监督防线.md       待审判有效后计数 (现待审 11,525,119)
[pool] +待审   1,866字 立方数据学社会员专享数据2026年全国1km.md            待审判有效后计数 (现待审 11,526,985)
[pool] 跳过 (重复): 筑匠工程网人物专访章兰三次迭代一链贯.md
[pool] +待审   3,015字 筑龙造价C3能不能替代C1官方答复.md                 待审判有效后计数 (现待审 11,530,000)
[pool] +待审   4,594字 筑龙造价住建部第61号部令9月1日起实施.md              待审判有效后计数 (现待审 11,534,594)
[pool] +待审   4,423字 筑龙造价别只盯着赚钱读懂阶层资源差异才是.md              待审判有效后计数 (现待审 11,539,017)
[pool] +待审   5,906字 筑龙造价经济迷雾之下这本书帮你避开认知盲区.md             待审判有效后计数 (现待审 11,544,923)
[pool] +待审   3,352字 罗克的工程数字化笔记AI建模冲击BIM几何已通语.md          待审判有效后计数 (现待审 11,548,275)
[pool] +待审   3,303字 罗克的工程数字化笔记数字化交付为什么2026年成了.md         待审判有效后计数 (现待审 11,551,578)
[pool] +待审   3,283字 罗克的工程数字化笔记质量月的数字大考五地观摩同一套数.md        待审判有效后计数 (现待审 11,554,861)
[pool] 跳过 (重复): 老万工程咨询工程咨询行业快讯2026930.md
[pool] +待审   2,998字 规划师杂志解锁项目高效落地的要素保障密码广.md             待审判有效后计数 (现待审 11,557,859)
[pool] 跳过 (重复): 贵阳工程建筑律师付安会EPC固定价就一分钱调不了遇到招.md
[pool] 跳过 (重复): 贵阳工程建筑律师付安会从34大单子34到.md
[pool] 跳过 (重复): 路桥工程劳务分包平台148亿元中铁四局拿下两个大单.md
[pool] 跳过 (重复): 路桥工程劳务分包平台228亿元内蒙古又一个大项目敲定.md
[pool] +待审   1,207字 路桥工程劳务分包平台256亿元中建三局中交二公局.md          待审判有效后计数 (现待审 11,559,066)
[pool] +待审   1,614字 路桥工程劳务分包平台426亿元中国能建中标两个大项目.md        待审判有效后计数 (现待审 11,560,680)
[pool] 跳过 (重复): 路桥工程劳务分包平台559亿元葛洲坝电力公司在丽江市.md
[pool] +待审   1,871字 路桥工程劳务分包平台5个标南水北调中线施工项目确定中标.md       待审判有效后计数 (现待审 11,562,551)
[pool] 跳过 (重复): 路桥工程劳务分包平台中交路建中交二航局拟中标公路项目.md
[pool] 跳过 (重复): 路桥工程劳务分包平台中国交建又拟中标两个港口项目.md
[pool] +待审   1,368字 路桥工程劳务分包平台中国铁设中铁二十五局中铁十八局联.md        待审判有效后计数 (现待审 11,563,919)
[pool] 跳过 (重复): 路桥工程劳务分包平台西藏3个公路项目中标人确定.md
[pool] +待审   1,907字 路桥工程劳务分包平台超14亿元上海又3公路项目公布中标.md       待审判有效后计数 (现待审 11,565,826)
[pool] 跳过 (重复): 路桥工程劳务分包平台超19亿元中国电建在宁夏中宁县拿下.md
[pool] +待审   1,506字 路桥工程劳务分包平台超23亿元中铁十五局拟中标3个项目.md       待审判有效后计数 (现待审 11,567,332)
[pool] +待审   1,859字 路桥工程劳务分包平台超26亿元云南两个重点项目公布中标.md       待审判有效后计数 (现待审 11,569,191)
[pool] +待审   1,159字 路桥工程劳务分包平台超7亿元铜陵市一个大项目中标单位敲.md       待审判有效后计数 (现待审 11,570,350)
[pool] 跳过 (重复): 造价AI生成局评标重大失误致导致实际无效合同履约后.md
[pool] 跳过 (重复): 造价争议笔记4665亿中标结算报了65亿.md
[pool] 跳过 (重复): 造价人家园EPC项目亏1700万总价上限争议.md
[pool] 跳过 (重复): 造价人家园箱式支护对比拉森钢板桩费用节省约6.md
[pool] +待审   1,940字 造价工程师大本营26一造考生集合十几天冲刺别再.md           待审判有效后计数 (现待审 11,572,290)
[pool] 跳过 (重复): 造价工程师大本营一年6903亿砸向水利建筑要被放弃.md
[pool] +待审   1,179字 造价工程师大本营一级造价师历年真题需要刷近几年.md           待审判有效后计数 (现待审 11,573,469)
[pool] 跳过 (重复): 造价工程师大本营一造保分技巧15条考场别再做无用.md
[pool] +待审   2,396字 造价工程师大本营今年的一造考生运气也太好了.md             待审判有效后计数 (现待审 11,575,865)
[pool] +待审     810字 造价工程师大本营今日国庆家国同安岁岁年年.md              待审判有效后计数 (现待审 11,576,675)
[pool] +待审   1,843字 造价工程师大本营别装了这样备考你肯定考不上.md             待审判有效后计数 (现待审 11,578,518)
[pool] +待审   1,603字 造价工程师大本营含金量极高万人模考一二三.md              待审判有效后计数 (现待审 11,580,121)
[pool] +待审   1,946字 造价工程师大本营太离谱19岁少年操盘30亿特大工程.md         待审判有效后计数 (现待审 11,582,067)
[pool] +待审   3,273字 造价工程师大本营婚假丧假变了人社部调整放假天数.md           待审判有效后计数 (现待审 11,585,340)
[pool] +待审   1,383字 造价工程师大本营工程人的职业病你中了几条.md              待审判有效后计数 (现待审 11,586,723)
[pool] +待审   1,950字 造价工程师大本营想要一二建上岸这几个宝藏公众号可以.md         待审判有效后计数 (现待审 11,588,673)
[pool] +待审   1,516字 造价工程师大本营首发2026年一造考前抢分预测卷.md          待审判有效后计数 (现待审 11,590,189)
[pool] 跳过 (重复): 造价明法AI走进评标室招投标行业正在迎来.md
[pool] +待审   2,400字 造价明法EPC超概算困局7大病因.md                  待审判有效后计数 (现待审 11,592,589)
[pool] +待审   1,731字 风电头条4个分散式风电188MW陕西省2.md              待审判有效后计数 (现待审 11,594,320)
[pool] +待审   3,643字 风电头条中广核以大代小风电项目获批1.md                待审判有效后计数 (现待审 11,597,963)
[pool] +待审   2,211字 风电头条国家电投甘肃电投135GW风电E.md              待审判有效后计数 (现待审 11,600,174)
[pool] +待审   2,698字 风电头条大唐10GW风机框采中标候选公示运.md             待审判有效后计数 (现待审 11,602,872)
[pool] +待审   1,820字 风电头条报价25亿辽宁200MW风电EP.md              待审判有效后计数 (现待审 11,604,692)
[pool] +待审   4,275字 风电头条河南第十八批源网荷储项目风电127.md             待审判有效后计数 (现待审 11,608,967)
[pool] +待审   2,143字 风电头条涉及国家电投中核集团晋能控股特.md               待审判有效后计数 (现待审 11,611,110)
[pool] +待审   1,622字 风电头条甘肃446MW驭风项目竞配结果公示.md             待审判有效后计数 (现待审 11,612,732)
[pool] +待审   1,842字 风电头条电价0341元度西藏噶尔县50.md               待审判有效后计数 (现待审 11,614,574)
[pool] +待审   5,270字 风能专委会CWEACWP2026观展攻略丨交通篇地铁.md        待审判有效后计数 (现待审 11,619,844)
[pool] +待审   4,170字 风能专委会CWEACWP2026观展攻略丨带上风能护.md        待审判有效后计数 (现待审 11,624,014)
[pool] +待审   4,245字 风能专委会CWEACWP2026观展攻略丨招聘区全链.md        待审判有效后计数 (现待审 11,628,259)
[pool] +待审   4,213字 风能专委会CWEACWP2026观展攻略丨餐饮篇展馆.md        待审判有效后计数 (现待审 11,632,472)
[pool] +待审   3,003字 风能专委会CWEA北京国际风能大会暨展览会CWP20.md        待审判有效后计数 (现待审 11,635,475)
[pool] +待审   5,875字 风能专委会CWEA单机14MW广东900MW海上2.md         待审判有效后计数 (现待审 11,641,350)
[pool] 跳过 (重复): 风能专委会CWEA活动报名丨上海交通大学能源科技校友会.md
[pool] +待审   1,752字 风能专委会CWEA科普视频六网编织向新行我国将投入.md         待审判有效后计数 (现待审 11,643,102)
[pool] +待审   6,769字 风能专委会CWEA精彩看点不容错过CWP2026将于.md        待审判有效后计数 (现待审 11,649,871)
[pool] +待审   5,496字 风能专委会CWEA聚焦CWP2026丨创新剧场日程发布.md       待审判有效后计数 (现待审 11,655,367)
[pool] +待审   4,540字 风能专委会CWEA聚焦CWP2026丨新型储能多元场.md        待审判有效后计数 (现待审 11,659,907)
[pool] +待审  19,215字 风能专委会CWEA风能国际王征从去风险.md               待审判有效后计数 (现待审 11,679,122)
[pool] +待审  23,743字 智招联合网兴安盟宏城燃气有限责任公司天然气.md             待审判有效后计数 (现待审 11,702,865)
[pool] +待审  55,024字 智招联合网内蒙古智能煤炭有限责任公司麻地梁.md             待审判有效后计数 (现待审 11,757,889)
[pool] +待审  43,333字 智招联合网厦门湖里区幸福颐养中心提升改造项.md             待审判有效后计数 (现待审 11,801,222)
[pool] +待审  18,448字 智招联合网国家消防及阻燃产品质量检验检测中.md             待审判有效后计数 (现待审 11,819,670)
[pool] +待审  21,560字 智招联合网邓州市冷库仓储物流加工综合开发项.md             待审判有效后计数 (现待审 11,841,230)
[pool] +待审 151,020字 智招联合网黑龙江省眼病防治物资采购项目谈.md              待审判有效后计数 (现待审 11,992,250)
[pool] +待审  26,139字 智招联合网黑龙江省龙江化工有限公司高酚污水.md             待审判有效后计数 (现待审 12,018,389)
[pool] +待审   1,495字 Astudyofoldanddilapidated.md         待审判有效后计数 (现待审 12,019,884)
[pool] +待审   1,636字 StudyontheApplicationofBI.md         待审判有效后计数 (现待审 12,021,520)
[pool] +待审   1,146字 鳞翅目昆虫比较线粒体基因组学研究进展.md                待审判有效后计数 (现待审 12,022,666)
[pool] +待审   1,384字 Electronphononcontrolofobs.md        待审判有效后计数 (现待审 12,024,050)
[pool] +待审   1,451字 LayerArchitectureShapesElec.md       待审判有效后计数 (现待审 12,025,501)
[pool] +待审   1,582字 Modeselectiveelectronphonon.md       待审判有效后计数 (现待审 12,027,083)
[pool] +待审   1,516字 Modeselectivephononeffects.md        待审判有效后计数 (现待审 12,028,599)
[pool] +待审   1,888字 PeriodicTrendsandaPhysics.md         待审判有效后计数 (现待审 12,030,487)
[pool] +待审   1,154字 TitansQFWPARegimeAwareHy.md          待审判有效后计数 (现待审 12,031,641)
[pool] +待审     147字 深桑达Ａ深桑达Ａ中国电子系统工程第三建设有限公司审计报告.md      待审判有效后计数 (现待审 12,031,788)
[pool] +待审     990字 SECFLUORCORP.md                      待审判有效后计数 (现待审 12,032,778)
[pool] +待审   1,052字 SECJACOBSSOLUTIONSINC.md             待审判有效后计数 (现待审 12,033,830)
[pool] +待审   9,998字 SEC_FLUOR_CORP_年报全文.md               待审判有效后计数 (现待审 12,043,828)
[pool] +待审   9,924字 SEC_JACOBS_SOLUTIONS_INC._年报全文.md    待审判有效后计数 (现待审 12,053,752)
[pool] +待审     124字 摩根大通CEO应该在需求旺盛的地方建设数据中心.md           待审判有效后计数 (现待审 12,053,876)
[pool] +待审     128字 日本计划投入1400亿美元推进人工智能数据中心建设.md         待审判有效后计数 (现待审 12,054,004)
[pool] +待审   1,627字 pris世界核电统计.md                        待审判有效后计数 (现待审 12,055,631)
[pool] 跳过 (重复): background.js.LICENSE.txt
[pool] 跳过 (重复): content.js.LICENSE.txt
[pool] 跳过 (重复): main.js.LICENSE.txt
[pool] 跳过 (重复): options.js.LICENSE.txt
[pool] 跳过 (重复): params.js.LICENSE.txt
[pool] 跳过 (重复): workflow.js.LICENSE.txt
[pool] +待审     240字 index.txt                            待审判有效后计数 (现待审 12,055,871)
[pool] +待审   1,649字 研究报告需求.txt                           待审判有效后计数 (现待审 12,057,520)
[pool] +待审   1,640字 研究报告需求.txt                           待审判有效后计数 (现待审 12,059,160)
[pool] 跳过 (重复): Grossecosystemproductconcep.md
[pool] +待审     680字 MagicalChiralSpiroLigands.md         待审判有效后计数 (现待审 12,059,840)
[pool] +待审     841字 RemotesensingforChinassus.md         待审判有效后计数 (现待审 12,060,681)
[pool] +待审     664字 ReviewofThermalRunawayand.md         待审判有效后计数 (现待审 12,061,345)
[pool] +待审     742字 Satelliteremotesensingforg.md        待审判有效后计数 (现待审 12,062,087)
[pool] +待审     728字 XJTUSYRollingElementBearin.md        待审判有效后计数 (现待审 12,062,815)
[pool] +待审     587字 关于中医芳香疗法治疗失眠的研究进展.md                 待审判有效后计数 (现待审 12,063,402)
[pool] 跳过 (重复): 医学研究生导学关系研究的演进争议与未来展望兼论.md
[pool] 跳过 (重复): 回归与思考基于CiteSpace的知识图谱中华民族共同.md
[pool] +待审     802字 图像分类的深度卷积神经网络模型综述.md                 待审判有效后计数 (现待审 12,064,204)
[pool] 跳过 (重复): 我国乡村振兴研究的热点与趋势展望基于CNKI201.md
[pool] +待审     588字 海底大地基准网建设及其关键技术.md                   待审判有效后计数 (现待审 12,064,792)
[pool] +待审     449字 电力工程设计中电力规划设计的主要环节探讨.md              待审判有效后计数 (现待审 12,065,241)
[pool] +待审     462字 电力市场营销中的电力营销与电力优质服务.md               待审判有效后计数 (现待审 12,065,703)
[pool] 跳过 (重复): 勘察设计协会2025年度南方地区勘察设计同业.md
[pool] 跳过 (重复): 勘察设计协会2026年度全国勘察设计同业协会.md
[pool] 跳过 (重复): 勘察设计协会中国勘察设计协会成立40周年庆祝.md
[pool] 跳过 (重复): 勘察设计协会勘察设计行业高质量发展大会在京召.md
[pool] 跳过 (重复): biddingBIM学习网自学BIM不求人.md
[pool] 跳过 (重复): biddingBIM建筑网关注建筑行业BIM技术发展.md
[pool] 跳过 (重复): biddingCSCEC中建科工集团有限公司.md
[pool] 跳过 (重复): biddingEPCPPPBOTEOD都有啥区别.md
[pool] +待审   7,863字 biddingEPC全过程管理要点工程人必了解的知识.md        待审判有效后计数 (现待审 12,073,566)
[pool] 跳过 (重复): biddingEPC工程总承包项目国内EPC发展现状为.md
[pool] +待审   1,893字 biddingEPC总承包模式具有哪些特点有哪些优势.md        待审判有效后计数 (现待审 12,075,459)
[pool] +待审   8,001字 bidding一图读懂国家十五五规划202620.md          待审判有效后计数 (现待审 12,083,460)
[pool] +待审   7,928字 bidding中共中央关于制定国民经济和社会发展第十五个五.md     待审判有效后计数 (现待审 12,091,388)
[pool] +待审   6,000字 bidding什么是EPC总承包模式做EPC项目有何优缺.md      待审判有效后计数 (现待审 12,097,388)
[pool] +待审   3,365字 bidding全面了解EPC总承包模式优势特点与实施要.md       待审判有效后计数 (现待审 12,100,753)
[pool] 跳过 (重复): bidding建设工程勘察设计管理条例.md
[pool] 跳过 (重复): bidding柏克德中国工程有限公司爱企查.md
[pool] 跳过 (重复): bidding电力北极星电力网电力门户网站.md
[pool] +待审   6,475字 bidding电力网电力网.md                     待审判有效后计数 (现待审 12,107,228)
[pool] +待审   2,177字 bidding电力网电力行业门户网站.md                待审判有效后计数 (现待审 12,109,405)
[pool] 跳过 (重复): bidding能源央视网cctvcom.md
[pool] 跳过 (重复): 上海电力上海电力关于同上海化学工业区管理委员会共同推进漕.md
[pool] +待审   6,993字 中国电建中国电建收购集团华东勘测设计研究院有限公司全部股.md      待审判有效后计数 (现待审 12,116,398)
[pool] 跳过 (重复): 金杯汽车ST金杯同上海汽车变速器有限公司和沈阳华晨金.md
[pool] 跳过 (重复): BIM技术在建设工程项目管理中的应用研究免费.md
[pool] 跳过 (重复): EPC工程总承包项目全过程跟踪审计研究免费.md
[pool] 跳过 (重复): EPC建设项目中网格化管理的探讨及应用免费.md
[pool] 跳过 (重复): EPC总承包模式下工程造价的全过程协同管理研究免费.md
[pool] 跳过 (重复): EPC模式下建筑施工项目的全过程管理探讨免费.md
[pool] 跳过 (重复): EPC模式下浙江省海宁屋顶光伏并网项目风险管理研究免费.md
[pool] 跳过 (重复): EPC模式下铁路项目工程合同管理研究免费.md
[pool] 跳过 (重复): EPC联合体工程项目管理痛点剖析及对策免费.md
[pool] 跳过 (重复): 一种烟气脱硫塔内壁的防腐蚀装置免费.md
[pool] 跳过 (重复): 一种立式换热器管束检修用的快速移动装置免费.md
[pool] 跳过 (重复): 一种节能型高效径向甲醇反应器免费.md
[pool] 跳过 (重复): 一种适用于强放热反应的径向轴向复合式反应器免费.md
[pool] 跳过 (重复): 义乌江灯光亮化工程（一期）EPC总承包夜景照明工程赏析免费.md
[pool] 跳过 (重复): 人工智能赋能“工程项目管理”智慧课堂建设教学改革研究免费.md
[pool] 跳过 (重复): 以设计为龙头的海上风电工程总承包项目管理研究免费.md
[pool] 跳过 (重复): 全面质量管理在电力建设EPC项目中的应用及分析免费.md
[pool] 跳过 (重复): 冶金流程工程学理论指导下钢铁智能化探索与实践免费.md
[pool] 跳过 (重复): 国外大型油气建设项目管理模式研究及启示免费.md
[pool] 跳过 (重复): 国投湄洲湾第二发电厂EPC项目管理的创新与探索免费.md
[pool] 跳过 (重复): 基于BIM+GIS的铁路EPC项目施组进度一体化管理方法网络首发免费.md
[pool] 跳过 (重复): 基于EPC总承包模式的住宅建筑工程管理策略探究免费.md
[pool] 跳过 (重复): 基于博弈论组合赋权—模糊综合评价法的铁路EPC项目进度影响因素研究免费.md
[pool] 跳过 (重复): 基于层次分析法的高校新校区项目管理模式优选研究免费.md
[pool] 跳过 (重复): 基于平行分包模式的建筑工程EPC成本评估研究免费.md
[pool] 跳过 (重复): 基于数字化技术的电力工程总承包项目管理研究——以华南区域某燃机项目为例免费.md
[pool] 跳过 (重复): 基于神经网络的水煤浆气化炉炉温预测方法免费.md
[pool] 跳过 (重复): 基于财务共享的资金集中管理创新机制与经济后果研究——以中石化集团为例免费.md
[pool] 跳过 (重复): 大型水电工程建设管理模式创新免费.md
[pool] 跳过 (重复): 大语言模型在土木工程领域中的研究现状、挑战及趋势免费.md
[pool] 跳过 (重复): 安徽 印发住房城乡建设领域“人工智能+”行动方案免费.md
[pool] 跳过 (重复): 工程总承包与全过程工程咨询融合应用的价值、挑战与对策免费.md
[pool] 跳过 (重复): 建设单位EPC项目管理困境及提升路径研究免费.md
[pool] 跳过 (重复): 建设管理平台在城市轨道交通工程建设项目管理中的应用免费.md
[pool] 跳过 (重复): 招标人主体责任强化背景下企业合规管理数字化转型研究免费.md
[pool] 跳过 (重复): 探析水利水电工程项目管理模式免费.md
[pool] 跳过 (重复): 改革破局筑根基 追求卓越提效能——核理化院工程建设项目管理实践与探索免费.md
[pool] 跳过 (重复): 数智化赋能下石油工程建设EPC项目成本控制研究免费.md
[pool] 跳过 (重复): 新型建筑材料应用对工程项目管理与运维成本影响分析免费.md
[pool] 跳过 (重复): 构建EPCO一体化管理体系是建筑企业的终极目标——中国勘察设计企业蜕变为EPC工程总承包商的必然性免费.md
[pool] 跳过 (重复): 核电工程项目管理信息化研究与探索免费.md
[pool] 跳过 (重复): 水利水电工程EPC项目设计管理难点与对策免费.md
[pool] 跳过 (重复): 水利水电工程项目管理存在不足点及改进措施免费.md
[pool] 跳过 (重复): 浅谈电力工程EPC总承包设计管理免费.md
[pool] 跳过 (重复): 济南出台新政助力建筑业高质量发展免费.md
[pool] 跳过 (重复): 海外EPC工程总承包项目的组织策划探讨免费.md
[pool] 跳过 (重复): 海外EPC联营项目管理“十大理念”内涵及落地实践免费.md
[pool] 跳过 (重复): 生成式人工智能赋能监管能力提升的内在逻辑及优化路径——基于公共资源交易领域案例的分析免费.md
[pool] 跳过 (重复): 电力工程EPC总承包模式下的财务协同管理策略探讨免费.md
[pool] 跳过 (重复): 省级电子招投标的现状分析与对策研究免费.md
[pool] 跳过 (重复): 石化行业铁路专用线实施EPC项目管理研究免费.md
[pool] 跳过 (重复): 自然语言处理模型与文本图像生成技术驱动下的包装设计免费.md
[pool] 跳过 (重复): 苦练内功 开拓创新免费.md
[pool] 跳过 (重复): 设计主导EPC模式创新路径的深度探索免费.md
[pool] 跳过 (重复): 铁路工程EPC总承包项目业主与总承包商风险治理行为演化博弈研究免费.md
[pool] 跳过 (重复): 面向新工科的工程项目管理智慧课程建设路径研究免费.md
[pool] +待审   2,009字 深爬首页.md                              待审判有效后计数 (现待审 12,118,407)
[pool] 跳过 (重复): djyanbao研报索引电力行业报告.md
[pool] 跳过 (重复): 生态环境部环评管理北京三线一单激活绿色发展新动.md
[pool] 跳过 (重复): 10亿美元三星加码AI基建英伟达已参与其中.md
[pool] 跳过 (重复): 中闽能源关于子公司签订EPC总承包合同的公告.md
[pool] 跳过 (重复): 中闽能源子公司签订4165亿元EPC总承包合同.md
[pool] +待审     271字 中闽能源子公司联合体签订4165亿元EPC总承包合同.md        待审判有效后计数 (现待审 12,118,678)
[pool] 跳过 (重复): 中闽能源控股子公司签订4165亿元EPC总承包合同.md
[pool] 跳过 (重复): 冠中生态联合体拟中标104亿元工程总承包项目.md
[pool] 跳过 (重复): 南昌1000千伏变电站主变扩建工程顺利投运.md
[pool] +待审     229字 城地香江全资子公司签署623亿元数据中心机电工程EPC总.md      待审判有效后计数 (现待审 12,118,907)
[pool] 跳过 (重复): 斥资10亿美元三星加码AI基建英伟达已参与其中.md
[pool] +待审     240字 海量财经宏盛华源董事长马新征任职一年后辞任公司近年人.md        待审判有效后计数 (现待审 12,119,147)
[pool] +待审   3,086字 全国公共资源交易平台遂宁市安居区东城工业片区城市排水.md        待审判有效后计数 (现待审 12,122,233)
[pool] +待审     784字 hbba行标目录EPC总承包.md                    待审判有效后计数 (现待审 12,123,017)
[pool] +待审     788字 hbba行标目录EPC总承包业务.md                  待审判有效后计数 (现待审 12,123,805)
[pool] +待审     792字 hbba行标目录EPC总承包业务中标.md                待审判有效后计数 (现待审 12,124,597)
[pool] +待审     792字 hbba行标目录EPC总承包业务模式.md                待审判有效后计数 (现待审 12,125,389)
[pool] +待审     796字 hbba行标目录EPC总承包业务模式中标.md              待审判有效后计数 (现待审 12,126,185)
[pool] +待审     792字 hbba行标目录EPC总承包市场分析.md                待审判有效后计数 (现待审 12,126,977)
[pool] +待审     792字 hbba行标目录EPC总承包项目管理.md                待审判有效后计数 (现待审 12,127,769)
[pool] +待审     796字 hbba行标目录EPC总承包项目管理中标.md              待审判有效后计数 (现待审 12,128,565)
[pool] +待审     782字 hbba行标目录EPC纵横.md                     待审判有效后计数 (现待审 12,129,347)
[pool] +待审     798字 hbba行标目录中国电建海南电力设计研究院.md             待审判有效后计数 (现待审 12,130,145)
[pool] +待审     806字 hbba行标目录中国电建海南电力设计研究院中标.md           待审判有效后计数 (现待审 12,130,951)
[pool] +待审     834字 hbba行标目录中国电建海南电力设计研究院在EP.md          待审判有效后计数 (现待审 12,131,785)
[pool] +待审     832字 hbba行标目录中国电建海南电力设计研究院是如何.md          待审判有效后计数 (现待审 12,132,617)
[pool] +待审     806字 hbba行标目录中国电建海南电力设计研究院案例.md           待审判有效后计数 (现待审 12,133,423)
[pool] +待审     832字 hbba行标目录中国电建海南电力设计研究院的EP.md          待审判有效后计数 (现待审 12,134,255)
[pool] +待审     830字 hbba行标目录中国电建集团海南电力设计研究院有.md          待审判有效后计数 (现待审 12,135,085)
[pool] +待审     788字 hbba行标目录十五五算力网建设.md                  待审判有效后计数 (现待审 12,135,873)
[pool] +待审     792字 hbba行标目录十五五算力网建设中标.md                待审判有效后计数 (现待审 12,136,665)
[pool] +待审     790字 hbba行标目录华南区域某燃机项目.md                 待审判有效后计数 (现待审 12,137,455)
[pool] +待审     794字 hbba行标目录华南区域某燃机项目中标.md               待审判有效后计数 (现待审 12,138,249)
[pool] +待审     782字 hbba行标目录同cnki.md                     待审判有效后计数 (现待审 12,139,031)
[pool] +待审     780字 hbba行标目录工程建设.md                      待审判有效后计数 (现待审 12,139,811)
[pool] +待审     792字 hbba行标目录机电工程EPC总承包.md                待审判有效后计数 (现待审 12,140,603)
[pool] +待审     796字 hbba行标目录机电工程EPC总承包中标.md              待审判有效后计数 (现待审 12,141,399)
[pool] +待审     808字 hbba行标目录沙特某2000兆瓦光伏EPC项目.md          待审判有效后计数 (现待审 12,142,207)
[pool] +待审     790字 hbba行标目录海南电力设计研究院.md                 待审判有效后计数 (现待审 12,142,997)
[pool] +待审     782字 hbba行标目录电力产业链.md                     待审判有效后计数 (现待审 12,143,779)
[pool] +待审     794字 hbba行标目录电力工程EPC项目管理.md               待审判有效后计数 (现待审 12,144,573)
[pool] +待审     784字 hbba行标目录电力工程建设.md                    待审判有效后计数 (现待审 12,145,357)
[pool] +待审     784字 hbba行标目录电力工程设计.md                    待审判有效后计数 (现待审 12,146,141)
[pool] +待审     788字 hbba行标目录电力总承包全过程.md                  待审判有效后计数 (现待审 12,146,929)
[pool] +待审     784字 hbba行标目录电力行业报告.md                    待审判有效后计数 (现待审 12,147,713)
[pool] +待审     780字 hbba行标目录行业项目.md                      待审判有效后计数 (现待审 12,148,493)
[pool] 跳过 (重复): 中国海诚互动易问答请问公司及其相关公司是否有糖相关业务.md
[pool] 跳过 (重复): 中粮科工互动易问答尊敬的董秘您好我是贵公司投资者金.md
[pool] 跳过 (重复): 中钢国际互动易问答尊敬的董秘您好7月30日政治局会议.md
[pool] 跳过 (重复): 奥克股份互动易问答董秘称不涉及超临界二氧化碳那么公司.md
[pool] 跳过 (重复): 广东建工互动易问答三亚崖州湾科技城的25亿项目中标.md
[pool] 跳过 (重复): 广东建工互动易问答贵州省夹岩水利枢纽及黔西北供水工程.md
[pool] 跳过 (重复): 广东建工互动易问答近半个月广东基建市场都呈火热的局面.md
[pool] 跳过 (重复): 建研设计互动易问答请问截至目前公司在手订单金额及同比.md
[pool] 跳过 (重复): 惠通科技互动易问答公司招股文件披露20212022.md
[pool] 跳过 (重复): 永清环保互动易问答请问贵司和其他环保股相比有啥核心的.md
[pool] 跳过 (重复): 立昂技术互动易问答公司在十五五算力网建设过程中公司有.md
[pool] 跳过 (重复): 鲁班奖名单20202021年度第一批中国.md
[pool] 跳过 (重复): 鲁班奖名单全国建筑市场监管公共服务平台.md
[pool] 跳过 (重复): 鲁班奖名单关于20202021年度第一批.md
[pool] +待审   1,070字 metaso_中国电建海南电力设计研究院在E_scholar.md    待审判有效后计数 (现待审 12,149,563)
[pool] +待审   1,129字 metaso_中国电建海南电力设计研究院是如_scholar.md    待审判有效后计数 (现待审 12,150,692)
[pool] +待审     996字 metaso_中国电建海南电力设计研究院的E_scholar.md    待审判有效后计数 (现待审 12,151,688)
[pool] +待审     516字 metaso_中国电建集团海南电力设计研究院_scholar.md    待审判有效后计数 (现待审 12,152,204)
[pool] +待审     629字 metaso_在EPC总承包项目中中国电建集_scholar.md    待审判有效后计数 (现待审 12,152,833)
[pool] +待审   1,783字 metaso_在EPC总承包项目中海南电力设_scholar.md    待审判有效后计数 (现待审 12,154,616)
[pool] +待审     971字 metaso_在过去的五年中中国电建集团海南_scholar.md    待审判有效后计数 (现待审 12,155,587)
[pool] +待审   1,274字 metaso_海南电力设计研究院在EPC总承_scholar.md    待审判有效后计数 (现待审 12,156,861)
[pool] +待审     854字 metaso_海南电力设计研究院有限公司在E_scholar.md    待审判有效后计数 (现待审 12,157,715)
[pool] 跳过 (重复): 商务部2026年18月我国全行业对外直接.md
[pool] 跳过 (重复): 商务部2026年18月我国对共建一带一.md
[pool] 跳过 (重复): 商务部2026年18月我国对外劳务合作业.md
[pool] 跳过 (重复): 商务部2026年18月我国对外承包工程业.md
[pool] 跳过 (重复): 商务部商务部国家统计局和国家外汇局联合发.md
[pool] 跳过 (重复): 住建部2026年世界城市日全球主场活动.md
[pool] 跳过 (重复): 住建部国务院政策例行吹风会切实做好保.md
[pool] 跳过 (重复): 住建部国新办举行开局起步十五五.md
[pool] 跳过 (重复): 交通运输部大国正确相处的新路就在脚下.md
[pool] 跳过 (重复): 发改委项目批复关于内蒙古纳林河矿区陶忽图煤矿项.md
[pool] 跳过 (重复): 发改委项目批复关于惠州液化天然气接收站项目核准.md
[pool] 跳过 (重复): 发改委项目批复关于陕西榆横矿区南区海则滩煤矿项.md
[pool] 跳过 (重复): 发改委项目批复关于陕西榆横矿区南区海测滩煤矿项.md
[pool] 跳过 (重复): 国家能源局国家发展改革委国家能源局有关负.md
[pool] 跳过 (重复): 国家核安全局大国正确相处的新路就在脚下.md
[pool] +待审     375字 OFAC筛查台账.md                          待审判有效后计数 (现待审 12,158,090)
[pool] +待审     413字 Panjiva提单证据AECOM.md                  待审判有效后计数 (现待审 12,158,503)
[pool] 跳过 (重复): patent国民经济行业分类国家统计局.md
[pool] 跳过 (重复): patent土木工程网土木工程师的家园.md
[pool] 跳过 (重复): patent捷可勃斯夹头制造苏州有限公司.md
[pool] +待审   6,463字 patent电力网电力网.md                      待审判有效后计数 (现待审 12,164,966)
[pool] +待审   6,475字 patent首次公开发行股票并上市管理办法中国证券监督管.md      待审判有效后计数 (现待审 12,171,441)
[pool] 跳过 (重复): 山西宁盛工程建设有限公司排污许可证91141129724.md
[pool] 跳过 (重复): 巴楚县鹿达通工程建设有限公司排污许可证91653130M.md
[pool] 跳过 (重复): 广西中天工程建设集团有限公司柳城县东泉镇污水处理厂排污.md
[pool] 跳过 (重复): 广西中天工程建设集团有限公司柳城县六塘镇污水处理厂排污.md
[pool] 跳过 (重复): 敦煌市鸿睿路桥工程建设有限公司排污许可证91620982.md
[pool] 跳过 (重复): 武穴市诚信路桥工程建设有限责任公司排污许可证914211.md
[pool] 跳过 (重复): 汉中汉东工程建设有限公司排污许可证91610727MA6.md
[pool] 跳过 (重复): 湖南省富厚交通工程建设有限公司双峰分公司排污许可证914.md
[pool] 跳过 (重复): 荣成好当家工程建设有限公司排污许可证91371082MA.md
[pool] 跳过 (重复): 陕西环境工程建设子长水处理有限公司排污许可证9161.md
[pool] +待审   2,341字 policy2025年度中国电力市场发展报告发布全.md         待审判有效后计数 (现待审 12,173,782)
[pool] 跳过 (重复): policyBIM中文官网你的BIM网址导航.md
[pool] +待审   2,339字 policyCAE中国工程院.md                    待审判有效后计数 (现待审 12,176,121)
[pool] 硬拒 snippet-only (serp_shape): policyDigital电路仿真软件的安装digita.md — 全文腿取回后再入池
[pool] 跳过 (重复): policydigital的解释和发音欧路词典英汉.md
[pool] 跳过 (重复): policyEPC工程总承包中哪些项目能分包.md
[pool] +待审   7,837字 policy两会受权发布丨中华人民共和国国民经济和社会发展.md     待审判有效后计数 (现待审 12,183,958)
[pool] +待审   7,892字 policy中华人民共和国国民经济和社会发展第十五个五年.md      待审判有效后计数 (现待审 12,191,850)
[pool] +待审   7,747字 policy中华人民共和国国民经济和社会发展第十五个五年规.md     待审判有效后计数 (现待审 12,199,597)
[pool] +待审     926字 policy中国人民银行国家外汇管理局发布关于境内企业.md       待审判有效后计数 (现待审 12,200,523)
[pool] +待审   1,979字 policy中国政府网中央人民政府门户网站.md             待审判有效后计数 (现待审 12,202,502)
[pool] +待审   4,869字 policy中国电力.md                        待审判有效后计数 (现待审 12,207,371)
[pool] +待审   4,141字 policy中国网网上中国.md                     待审判有效后计数 (现待审 12,211,512)
[pool] +待审   1,212字 policy中国高等教育学生信息网学信网.md              待审判有效后计数 (现待审 12,212,724)
[pool] 跳过 (重复): policy什么是BIM建筑信息模型Autode.md
[pool] 跳过 (重复): policy什么是项目管理PMI中国.md
[pool] +待审   4,527字 policy住房和城乡建设部国家发展改革委关于印发房屋建.md      待审判有效后计数 (现待审 12,217,251)
[pool] 跳过 (重复): policy住房城乡建设部关于进一步推进工程总承包发展的若.md
[pool] 跳过 (重复): policy关于印发新型能源体系建设十五五规划的通.md
[pool] 跳过 (重复): policy勘察与勘查的区别附对比图表百度文库.md
[pool] +待审   7,863字 policy十五五规划20262030研究重点及.md          待审判有效后计数 (现待审 12,225,114)
[pool] +待审   5,290字 policy国家能源局.md                       待审判有效后计数 (现待审 12,230,404)
[pool] 跳过 (重复): policy国民经济行业分类GBT4754201.md
[pool] +待审   1,981字 policy基建北京中医药大学审计处.md                待审判有效后计数 (现待审 12,232,385)
[pool] 跳过 (重复): policy工程总承包EPC的相关知识及政策依据.md
[pool] 跳过 (重复): policy建筑时报雅各布斯世界顶尖的国际工程公司.md
[pool] 跳过 (重复): policy我国EPC工程总承包政策法规全面解读百度.md
[pool] +待审   5,008字 policy海南必去十大景点排行榜这才是海南最值得去的1.md      待审判有效后计数 (现待审 12,237,393)
[pool] +待审   3,334字 policy海南省人民政府网.md                    待审判有效后计数 (现待审 12,240,727)
[pool] 跳过 (重复): policy电力北极星电力网电力门户网站.md
[pool] 跳过 (重复): policy能源的饭碗必须端在自己手里我国加快能源.md
[pool] +待审   7,540字 policy首次公开发行股票注册管理办法.md              待审判有效后计数 (现待审 12,248,267)
[pool] 跳过 (重复): 国家铁路局国家铁路局关于印发铁路交通重大.md
[pool] 跳过 (重复): 市场监管总局市场监管总局发布宿迁市商品混凝土.md
[pool] 跳过 (重复): 国资委央企动态企步新长征猫跳河上的红色传承.md
[pool] +待审     697字 中石化招标公告索引.md                         待审判有效后计数 (现待审 12,248,964)
[pool] +待审   3,626字 standardBIM学习网自学BIM不求人.md            待审判有效后计数 (现待审 12,252,590)
[pool] +待审   1,484字 standardengineering什么意思知猫.md         待审判有效后计数 (现待审 12,254,074)
[pool] 跳过 (重复): standardEPC工程总承包全过程管控21个要点附图.md
[pool] 跳过 (重复): standardEPC工程总承包计价规范GBT5135.md
[pool] +待审     680字 standardGB500212024岩土工程勘察规范全.md      待审判有效后计数 (现待审 12,254,754)
[pool] 跳过 (重复): standard住房城乡建设部关于发布国家标准建设工程项.md
[pool] 跳过 (重复): standard住房城乡建设部关于发布国家标准建设项目工.md
[pool] 跳过 (重复): standard国家能源局.md
[pool] 跳过 (重复): standard国家能源集团.md
[pool] 跳过 (重复): standard国民经济行业分类国家统计局.md
[pool] 跳过 (重复): standard国民经济行业分类国民经济行业代码表GB.md
[pool] +待审   1,141字 standard国能能源研究院中国能源数据报告2026.md       待审判有效后计数 (现待审 12,255,895)
[pool] +待审   7,525字 standard建设项目工程总承包管理规范GBT5035.md      待审判有效后计数 (现待审 12,263,420)
[pool] +待审   6,922字 standard电力北极星电力网电力门户网站.md            待审判有效后计数 (现待审 12,270,342)
[pool] +待审   8,033字 standard电力工程建设规范标准版docx.md           待审判有效后计数 (现待审 12,278,375)
[pool] +待审   2,184字 standard电力工程建设规范标准版docx原创.md         待审判有效后计数 (现待审 12,280,559)
[pool] +待审     834字 standard电力工程建设项目管理规范标准版百.md          待审判有效后计数 (现待审 12,281,393)
[pool] +待审   2,231字 standard电力工程项目建设与管理规范标准版20.md        待审判有效后计数 (现待审 12,283,624)
[pool] +待审   1,306字 standard花溪区燕楼一期风电场设计采购施工EP.md        待审判有效后计数 (现待审 12,284,930)
[pool] +待审   5,920字 standard首次公开发行股票并上市管理办法中国证券监.md      待审判有效后计数 (现待审 12,290,850)
[pool] +待审   3,168字 video54万7093002.md                   待审判有效后计数 (现待审 12,294,018)
[pool] +待审   1,197字 video95900557.md                     待审判有效后计数 (现待审 12,295,215)
[pool] +待审   1,276字 video毕业从事项目工程师这个岗位已经一年了这一年中间.md      待审判有效后计数 (现待审 12,296,491)
[pool] +待审   3,200字 video超越认知中国行业背后的500个秘密远川投学苑.md       待审判有效后计数 (现待审 12,299,691)
[pool] +待审   5,060字 AAAPLUS建筑之上新视角变局中的营造UIA大会.md         待审判有效后计数 (现待审 12,304,751)
[pool] 跳过 (重复): AI造价与商务国务院令第847号审计法实施条例.md
[pool] 跳过 (重复): AI造价与商务城市更新项目池有了制度入口城.md
[pool] 跳过 (重复): AI造价与商务小栗札记0107从通用AGI到P.md
[pool] 跳过 (重复): AI造价与商务小栗札记0108中小企业都会问.md
[pool] 跳过 (重复): AI造价与商务小栗札记0112很多企业应用AI.md
[pool] 跳过 (重复): AI造价与商务成本章删除危大方案提级用了17年.md
[pool] 跳过 (重复): AI造价与商务造价咨询首次入列全国信用规章住建部.md
[pool] 跳过 (重复): IntlEng黄EPC工程风险管理手册EPC之道第5.md
[pool] +待审   1,554字 PM实践派企业都选它华鼎维赢专业师资亲授BI.md            待审判有效后计数 (现待审 12,306,305)
[pool] +待审   1,946字 PM实践派八大建筑央企敲下半年工作主线提.md              待审判有效后计数 (现待审 12,308,251)
[pool] +待审   2,691字 PM实践派国资委定调新一轮数智化转型工程与海.md            待审判有效后计数 (现待审 12,310,942)
[pool] +待审   2,066字 一带一路金融工程南美高端公建突破中国电建波哥大埃尔.md         待审判有效后计数 (现待审 12,313,008)
[pool] +待审   2,685字 上海住房城乡建设管理上海古镇朱家角淀山湖畔的江南.md          待审判有效后计数 (现待审 12,315,693)
[pool] +待审   1,681字 上海住房城乡建设管理便民点菜式物业服务来了小.md            待审判有效后计数 (现待审 12,317,374)
[pool] 跳过 (重复): 上海住房城乡建设管理加强预售管理有序实施现房销售上海.md
[pool] +待审   3,640字 上海住房城乡建设管理聚焦加强本市建设工程材料使用质量.md        待审判有效后计数 (现待审 12,321,014)
[pool] +待审   2,014字 上海住房城乡建设管理聚焦第48届世界技能大赛在上海隆.md        待审判有效后计数 (现待审 12,323,028)
[pool] +待审   5,509字 上海住房城乡建设管理聚焦雨污混接治理上海能不能做好.md         待审判有效后计数 (现待审 12,328,537)
[pool] +待审     806字 世纪新能源网16元W江苏80MW光伏项目E.md             待审判有效后计数 (现待审 12,329,343)
[pool] +待审     877字 世纪新能源网203元W云南62MW光伏项目.md             待审判有效后计数 (现待审 12,330,220)
[pool] +待审   1,408字 世纪新能源网20472122元W新疆5.md               待审判有效后计数 (现待审 12,331,628)
[pool] 跳过 (重复): 世纪新能源网224元瓦云南180MWp光伏.md
[pool] +待审   2,674字 世纪新能源网275元瓦南京34MWp光伏项.md             待审判有效后计数 (现待审 12,334,302)
[pool] +待审   1,284字 世纪新能源网广东150MW分布式光伏廊道项目EP.md          待审判有效后计数 (现待审 12,335,586)
[pool] +待审   8,282字 中国交建建设科技创新型中交畅谈大.md                  待审判有效后计数 (现待审 12,343,868)
[pool] +待审   1,751字 中国交建总承包公司建设科技创新型中交公司主要.md            待审判有效后计数 (现待审 12,345,619)
[pool] +待审     798字 中国交通报七部门联合印发新型电池产业发展十.md             待审判有效后计数 (现待审 12,346,417)
[pool] +待审   6,183字 中国交通报邮政EMS变快了行业国家队打赢.md              待审判有效后计数 (现待审 12,352,600)
[pool] 跳过 (重复): 中国化学工程集团有限公司青春化学丨三化建青年这五年.md
[pool] 跳过 (重复): 中国对外承包工程商会译路之星谁与争锋第六届CHINC.md
[pool] 跳过 (重复): 中国建筑单广袖赴新加坡调研中建南洋公司及重点.md
[pool] +待审   1,746字 中国建设报国务院办公厅发布高效办成一件事2.md             待审判有效后计数 (现待审 12,354,346)
[pool] +待审   1,553字 中国建设报山东探索经纪行业数字赋能内容治理.md             待审判有效后计数 (现待审 12,355,899)
[pool] +待审   1,856字 中国政府采购杂志以政府采购监管创新助力全国统一大市场.md        待审判有效后计数 (现待审 12,357,755)
[pool] +待审     385字 中国水事2026全国科普月原来这就是机.md               待审判有效后计数 (现待审 12,358,140)
[pool] +待审   1,233字 中国水利企业协会转发丨水利部办公厅关于开展2026年.md        待审判有效后计数 (现待审 12,359,373)
[pool] +待审   1,086字 中国水利工程协会联动协同聚合力共助水利高质量发展.md          待审判有效后计数 (现待审 12,360,459)
[pool] 跳过 (重复): 中建政研集团2027两重项目谋划对准8个领.md
[pool] +待审   2,464字 中建电子服务六张网建设深耕水网信息化.md                待审判有效后计数 (现待审 12,362,923)
[pool] +待审   3,389字 乡村振兴工作委员会促进中小企业发展十五五规划解.md           待审判有效后计数 (现待审 12,366,312)
[pool] +待审   1,079字 储能总投资9亿400MW800MWh.md                待审判有效后计数 (现待审 12,367,391)
[pool] +待审   1,141字 光伏产业网官微172元W华能325MW光伏项.md            待审判有效后计数 (现待审 12,368,532)
[pool] +待审   1,034字 光伏产业网官微600MW光伏治沙项目EPC废标.md           待审判有效后计数 (现待审 12,369,566)
[pool] +待审     615字 光伏产业网官微8亿元国资入场新疆300MW光伏治.md          待审判有效后计数 (现待审 12,370,181)
[pool] 跳过 (重复): 光伏产业网官微国能浙江45MW光伏项目EPC公开招.md
[pool] +待审   1,369字 光伏产业网官微广东150MW分布式光伏廊道项目EP.md         待审判有效后计数 (现待审 12,371,550)
[pool] +待审     608字 光伏盒子110KV储能电站系统技术方案光伏.md             待审判有效后计数 (现待审 12,372,158)
[pool] +待审   3,406字 光伏盒子1286亿千瓦之后光伏进入算账.md               待审判有效后计数 (现待审 12,375,564)
[pool] +待审     741字 光伏盒子142元W浙江金华93MWp光.md               待审判有效后计数 (现待审 12,376,305)
[pool] +待审     878字 光伏盒子17年光伏老牌企业申请破产.md                 待审判有效后计数 (现待审 12,377,183)
[pool] +待审     806字 光伏盒子267元W烟台龙口1458M.md                待审判有效后计数 (现待审 12,377,989)
[pool] +待审     754字 光伏盒子279元W福建漳州52MWp光.md               待审判有效后计数 (现待审 12,378,743)
[pool] +待审   1,087字 光伏盒子80MW云南文山光伏项目EPC招标.md             待审判有效后计数 (现待审 12,379,830)
[pool] +待审   2,495字 光伏盒子TCL中环002129高管薪酬及.md              待审判有效后计数 (现待审 12,382,325)
[pool] +待审   3,331字 光伏盒子中国光伏双雄在美互撕.md                    待审判有效后计数 (现待审 12,385,656)
[pool] +待审     984字 光伏盒子光伏政策信息太快跟不上知识星球帮你.md             待审判有效后计数 (现待审 12,386,640)
[pool] +待审     925字 光伏盒子刚刚陕西电力现货市场转正.md                  待审判有效后计数 (现待审 12,387,565)
[pool] +待审   1,355字 光伏盒子加入光储大本营解锁专属权益.md                 待审判有效后计数 (现待审 12,388,920)
[pool] +待审   3,091字 光伏盒子大涨2522这家光伏产业链企业.md               待审判有效后计数 (现待审 12,392,011)
[pool] +待审     513字 光伏盒子干货分享2026版屋顶分布式光伏.md              待审判有效后计数 (现待审 12,392,524)
[pool] +待审     649字 光伏盒子新疆300MW光伏治沙项目EPC招标.md            待审判有效后计数 (现待审 12,393,173)
[pool] +待审   1,902字 光伏盒子昱能科技与AxleEnergyE.md              待审判有效后计数 (现待审 12,395,075)
[pool] +待审     488字 光伏盒子晶体硅光伏组件和逆变器能效限定值及能.md            待审判有效后计数 (现待审 12,395,563)
[pool] +待审     690字 光伏盒子毫无关系国网综合能源发布严正声明.md              待审判有效后计数 (现待审 12,396,253)
[pool] +待审   2,646字 光伏盒子突发太空光伏知名企业实控人被刑.md               待审判有效后计数 (现待审 12,398,899)
[pool] +待审   1,277字 光伏盒子纪要拓日新能002218最新.md                待审判有效后计数 (现待审 12,400,176)
[pool] +待审   2,765字 光伏盒子隆基绿能601012高管及个人.md               待审判有效后计数 (现待审 12,402,941)
[pool] +待审   1,706字 光伏盒子龙源电力11GW风光基地获立项批复.md             待审判有效后计数 (现待审 12,404,647)
[pool] +待审   1,879字 全联新能源NEX2026钟宝申会长新能源.md              待审判有效后计数 (现待审 12,406,526)
[pool] +待审   1,126字 出海合规笔记案例肯尼亚中小企业要求政府提供中资.md           待审判有效后计数 (现待审 12,407,652)
[pool] +待审   1,068字 北京石油化工工程有限公司稳步攻坚提质增效北油工程延能化M.md      待审判有效后计数 (现待审 12,408,720)
[pool] 跳过 (重复): 北方基建研究牛只比限价降48万元逊克县第一.md
[pool] +待审   1,918字 北极星工商业储能入局易落地难盈利更难这句实话谁.md           待审判有效后计数 (现待审 12,410,638)
[pool] 跳过 (重复): 北极星工商业储能分享丨200MW800MWh独立储.md
[pool] +待审   2,113字 北极星工商业储能国内内卷出海遇礁独立储能的第二增.md          待审判有效后计数 (现待审 12,412,751)
[pool] +待审   2,115字 北极星工商业储能独立储能开发落地营增效出海业务实.md          待审判有效后计数 (现待审 12,414,866)
[pool] +待审   1,919字 北极星工商业储能虚拟电厂热度不退真正跑通的是哪几种.md         待审判有效后计数 (现待审 12,416,785)
[pool] 跳过 (重复): 北极星风力发电网国内首个采用混塔技术的海上风电场建成.md
[pool] 跳过 (重复): 北极星风力发电网最新获批龙源甘肃1100万千瓦新能.md
[pool] 跳过 (重复): 华设设计集团华设热闻丨集团开展金秋九月AI系列科.md
[pool] +待审   1,654字 华鼎维赢项目管理从IPMP四级体系看懂认证在行业中.md         待审判有效后计数 (现待审 12,418,439)
[pool] 跳过 (重复): 印尼工程圈印尼数据中心爆发这家中国设计院能帮.md
[pool] +待审   4,280字 和君商学亚朵酒店不务正业但躺赚20亿.md                待审判有效后计数 (现待审 12,422,719)
[pool] 跳过 (重复): 和君商学毛利高过爱马仕中国最会赚钱的男装.md
[pool] +待审   1,627字 和君商学相思渐浓处又是中秋时.md                    待审判有效后计数 (现待审 12,424,346)
[pool] +待审   2,389字 四川生态环境生态环境部厄尔尼诺将为今年秋冬大气.md           待审判有效后计数 (现待审 12,426,735)
[pool] +待审   5,822字 国浩律师事务所国浩视点刑事立案对民事诉讼程序.md            待审判有效后计数 (现待审 12,432,557)
[pool] 跳过 (重复): 国际工程与劳务杂志巴西新能源EPC项目风险识别与防控.md
[pool] 跳过 (重复): 国际工程与劳务杂志紧密型联营模式下海外EPC项目管理核.md
[pool] 跳过 (重复): 国际工程与劳务杂志译路之星谁与争锋第六届CHINC.md
[pool] 跳过 (重复): 国际工程与境外投资中国对外承包工程简史.md
[pool] 跳过 (重复): 国际工程与境外投资中国电建海外项目5个关键问题.md
[pool] 跳过 (重复): 国际工程与境外投资柬埔寨德崇扶南运河项目管理数字化解决.md
[pool] 跳过 (重复): 国际工程与境外投资海外EPC项目破局之道精细化管理筑.md
[pool] 跳过 (重复): 国际工程与海外项目EPC项目全过程精细化管控214页.md
[pool] 跳过 (重复): 国际工程与海外项目中建大爆发中建三局中建四局中建.md
[pool] +待审     379字 安徽生态环境厄尔尼诺将为今年秋冬大气质量带来不利.md          待审判有效后计数 (现待审 12,432,936)
[pool] +待审   1,439字 审计署专家解读丨更好保障新时代审计工作在法.md             待审判有效后计数 (现待审 12,434,375)
[pool] +待审   1,401字 山西水利聚力科技创新赋能水利高质量发展.md               待审判有效后计数 (现待审 12,435,776)
[pool] 跳过 (重复): 工程行业大脑1500万悬案揭秘无效合同竟吃定工.md
[pool] 跳过 (重复): 工程行业大脑16亿罚款背后境外项目环保风险企.md
[pool] 跳过 (重复): 工程行业大脑2800万损失揭秘采购疏忽国企.md
[pool] 跳过 (重复): 工程行业大脑35万亿城市更新中国学新加坡模式.md
[pool] 跳过 (重复): 工程行业大脑46号令下50亿项目风险8亿央企.md
[pool] 跳过 (重复): 工程行业大脑480万索赔被口头指令打回EPC总.md
[pool] 跳过 (重复): 工程行业大脑5事故率背后海外EPC项目安全成.md
[pool] 跳过 (重复): 工程行业大脑PUE13差30揭秘中国数据.md
  … 5000 件 (跳 0)
[pool] 跳过 (重复): 工程行业大脑三林楔形绿地65生态用地总包如何.md
[pool] 跳过 (重复): 工程行业大脑工程人必看3万省了却赔240万商.md
[pool] 跳过 (重复): 工程行业大脑模块化率90工期却拖到12个月.md
[pool] 跳过 (重复): 工程行业研究7336亿安徽建工联合体中标重庆.md
[pool] +待审   1,354字 广东律师之家专业助力粤港澳大湾区法律资讯平台.md            待审判有效后计数 (现待审 12,437,130)
[pool] +待审   4,155字 广东省住房和城乡建设厅广东省全域推进好房子建设.md           待审判有效后计数 (现待审 12,441,285)
[pool] +待审   1,501字 广东省电力设计研究院我国首个规模化应用18兆瓦海上风机项.md      待审判有效后计数 (现待审 12,442,786)
[pool] 跳过 (重复): 建工招采仲裁法苑山东省财政厅关于公布政府采购招标投标.md
[pool] 跳过 (重复): 建筑工程大全181亿中国电建中标风电EPC大.md
[pool] 跳过 (重复): 建筑工程大全39亿水利EPC项目开始招标啦.md
[pool] 跳过 (重复): 建筑工程大全49亿的EPC大项目中标单位敲定了.md
[pool] 跳过 (重复): 建筑工程大全中国电建大爆发强势中标27亿EPC.md
[pool] 跳过 (重复): 建筑工程大全中铁联合体中标10亿EPC大单.md
[pool] +待审   1,616字 建设通中铁一局大爆发强势拿下一个18亿E.md              待审判有效后计数 (现待审 12,444,402)
[pool] +待审     722字 德道先生无事不生有感必应行法自然唯道是.md               待审判有效后计数 (现待审 12,445,124)
[pool] +待审   1,875字 德道先生明真悟道无事不生有感必应行.md                 待审判有效后计数 (现待审 12,446,999)
[pool] 跳过 (重复): 总包说100万建厕所14个月审批新政下.md
[pool] 跳过 (重复): 总包说196亿警示EPC合同三大暗坑揭秘.md
[pool] 跳过 (重复): 总包说2800万签证漏签结算一审二审终审.md
[pool] 跳过 (重复): 总包说4153亿巨亏背后境外环保罚款真.md
[pool] 跳过 (重复): 总包说73死102亿巨损背后设计院EP.md
[pool] 跳过 (重复): 总包说86万亏损警示EPC深化设计认真.md
[pool] 跳过 (重复): 总包说EPC联营体沙特项目亏损揭秘12.md
[pool] 跳过 (重复): 总包说EPC项目利润大揭秘六成亏损源于合.md
[pool] 跳过 (重复): 总包说EPC项目超概10红线背后真相及.md
[pool] 跳过 (重复): 总包说PPP项目减负4400亿AI智能合.md
[pool] 跳过 (重复): 总包说国际vs中国代位权诉讼20胜率.md
[pool] 跳过 (重复): 总包说巴西EPC合同陷阱重重45利润率.md
[pool] 跳过 (重复): 总包说百万亏损背后AI如何助你发现中俄环.md
[pool] 跳过 (重复): 总包说设计优化是EPC项目关键如何避免5.md
[pool] +待审   1,343字 成理生态环境踏访世界自然遗产地践行美丽中国建设.md           待审判有效后计数 (现待审 12,448,342)
[pool] +待审   1,492字 新咨询力量上海EPC评标新规治标不治本.md               待审判有效后计数 (现待审 12,449,834)
[pool] 跳过 (重复): 新基建通14亿中交三航局四航局二航局中.md
[pool] 跳过 (重复): 新基建通46亿北京化工大学项目中标结果.md
[pool] 跳过 (重复): 新基建通56亿天津中医药大学项目中标结果.md
[pool] 跳过 (重复): 新基建通5个标南水北调中线项目中标结果.md
[pool] 跳过 (重复): 新基建通5亿南开大学津南校区项目中标.md
[pool] 跳过 (重复): 新基建通6亿安徽项目中标了.md
[pool] 跳过 (重复): 新基建通8亿中建在河南中标了.md
[pool] 跳过 (重复): 新基建通9亿中铁十五局中标了.md
[pool] 跳过 (重复): 新基建通中国中铁中标雄安新区大项目.md
[pool] 跳过 (重复): 新基建通中国能建中标5亿大单.md
[pool] 跳过 (重复): 新基建通中国能建中标内蒙古5亿大标.md
[pool] 跳过 (重复): 新基建通中建二局喜中新疆13亿光伏治沙项目.md
[pool] 跳过 (重复): 新基建通中建集团斩获8亿大标中建七局中建.md
[pool] 跳过 (重复): 新基建通京港澳高速公路深圳段改扩建项目中标.md
[pool] 跳过 (重复): 新基建通山东省近5亿大标发榜中铁十五局联合.md
[pool] 跳过 (重复): 新基建通总投资73亿安荣合高速公路中标结果.md
[pool] 跳过 (重复): 新基建通标书骨干一离职公司就断档真正靠谱.md
[pool] 跳过 (重复): 新基建通近10亿水电十四局中标福建省抽蓄大.md
[pool] +待审   2,141字 新疆生态环境新疆扎实推进道路噪声监督管理.md              待审判有效后计数 (现待审 12,451,975)
[pool] 跳过 (重复): 施工企业项目管理城更研习上海西岸把最贵的地留给.md
[pool] 跳过 (重复): 施工技术华中科技大学刘琦从BIM模型到.md
[pool] +待审   5,881字 智汇光伏172181元W华能云南2.md                 待审判有效后计数 (现待审 12,457,856)
[pool] 跳过 (重复): 智汇光伏199亿元中能建中标200MW园.md
[pool] +待审   1,069字 智汇光伏221元W新疆550MW光伏.md                待审判有效后计数 (现待审 12,458,925)
[pool] +待审   1,366字 智汇光伏30亿中能建西藏900MW光伏.md               待审判有效后计数 (现待审 12,460,291)
[pool] 跳过 (重复): 智汇光伏国能集团鲁北基地500MW光伏EP.md
[pool] +待审     833字 机器之心Plus吓哭了还能再降价.md                  待审判有效后计数 (现待审 12,461,124)
[pool] 跳过 (重复): 水利天下李君廷老旧水库改造提升前期工作的机.md
[pool] 跳过 (重复): 江苏省储能行业协会七部门到2030年全固态电池初步.md
[pool] +待审   4,098字 江苏省储能行业协会国家发展改革委国家能源局联合印发.md         待审判有效后计数 (现待审 12,465,222)
[pool] 跳过 (重复): 河南省建筑业协会质量月大讲堂2026质量月.md
[pool] 跳过 (重复): 河南省电力企业协会七部门关于印发新型电池产业发展十.md
[pool] +待审     706字 洛阳电力服务中心9月23日河南宏象铝业有限公司4.md          待审判有效后计数 (现待审 12,465,928)
[pool] 跳过 (重复): 海外工程洞察海外工程资讯中国电建签约哥伦比亚.md
[pool] +待审   4,714字 海外独角兽为什么CPU重新变得重要.md                 待审判有效后计数 (现待审 12,470,642)
[pool] +待审   2,674字 混沌学园从科学家到创业者光线云创始人王锐带.md             待审判有效后计数 (现待审 12,473,316)
[pool] +待审   3,801字 湖南住建长沙市渣土事务中心积极推进金色阳光.md             待审判有效后计数 (现待审 12,477,117)
[pool] +待审   1,724字 甘肃一建集团中国建筑业装饰协会专家组走进甘肃一建.md          待审判有效后计数 (现待审 12,478,841)
[pool] +待审   1,063字 石化行业走出去联盟七部门关于印发新型电池产业发展十.md         待审判有效后计数 (现待审 12,479,904)
[pool] +待审   8,108字 石化行业走出去联盟工信部等七部门联合印发新型电池产业.md        待审判有效后计数 (现待审 12,488,012)
[pool] +待审   2,752字 石油化工设备管理呼吸阀基础知识.md                   待审判有效后计数 (现待审 12,490,764)
[pool] +待审   1,297字 石油化工设备管理往复式压缩机故障诊断三板斧.md             待审判有效后计数 (现待审 12,492,061)
[pool] +待审   3,121字 立方数据学社会员专享数据2024及2025年.md            待审判有效后计数 (现待审 12,495,182)
[pool] 跳过 (重复): 筑匠工程网EasyBIM成都智媒体城127.md
[pool] 跳过 (重复): 筑匠工程网人物专访章兰三次迭代一链贯.md
[pool] +待审   8,586字 筑龙造价资质要求新规落地人员配备翻倍.md                待审判有效后计数 (现待审 12,503,768)
[pool] 跳过 (重复): 红哥聊设计院BIMAI数字化到底是机会还是.md
[pool] 跳过 (重复): 罗克的工程数字化笔记智能建造试点收官24个城市证明了.md
[pool] +待审   1,459字 能慧这家开发商要在赞比亚建3GW光伏.md                待审判有效后计数 (现待审 12,505,227)
[pool] +待审   3,474字 能源新媒涨不起的组件价格算不清的光伏成本.md              待审判有效后计数 (现待审 12,508,701)
[pool] +待审   1,030字 能源新媒能源新刊速递9月精彩抢先看.md                 待审判有效后计数 (现待审 12,509,731)
[pool] +待审   2,637字 贵阳市律师协会优化费款系统功能规范执行案款管理.md           待审判有效后计数 (现待审 12,512,368)
[pool] 跳过 (重复): 走出去Energy500MW上海电气签约马来西亚燃机.md
[pool] +待审     638字 走出去情报中国电建签约哥伦比亚体育场项目.md              待审判有效后计数 (现待审 12,513,006)
[pool] +待审   2,383字 项目控制界每日项控微简报202609.md                待审判有效后计数 (现待审 12,515,389)
[pool] +待审     376字 项目管理思维导图严控团队无效内耗聚力聚焦核心交付.md          待审判有效后计数 (现待审 12,515,765)
[pool] +待审     403字 项目管理思维导图前置预判项目风险告别被动救火式管理.md         待审判有效后计数 (现待审 12,516,168)
[pool] +待审     387字 项目管理思维导图规范问题闭环管理事事有回音件件有着.md         待审判有效后计数 (现待审 12,516,555)
[pool] 跳过 (重复): 风电头条4600元kW山西50MW驭风.md
[pool] 跳过 (重复): 风电头条风电周事迹四川山东江西辽.md
[pool] 跳过 (重复): 风能专委会CWEA特斯拉在欧洲供货比利时将建700M.md
[pool] +待审   3,128字 风能专委会CWEA辽宁华电500MW风电氢氨罐港一体化.md       待审判有效后计数 (现待审 12,519,683)
[pool] +待审   1,662字 高登项目管理价值创造喊口号全链路落地方案来了.md            待审判有效后计数 (现待审 12,521,345)
[pool] +待审   1,111字 黑龙江水利桦川县首笔水权贷落地用水权改革.md              待审判有效后计数 (现待审 12,522,456)
[pool] +待审  19,452字 智招联合网郑州航空港经济综合实验区城乡供排.md             待审判有效后计数 (现待审 12,541,908)
[pool] 跳过 (重复): 中国建筑近期获得重大项目金额合计1404亿元.md
[pool] +待审   6,901字 框架v1.md                              待审判有效后计数 (现待审 12,548,809)
[pool] +待审  13,104字 框架v1_生成指令.md                         待审判有效后计数 (现待审 12,561,913)
[pool] +待审  59,138字 洞察包.md                               待审判有效后计数 (现待审 12,621,051)
[pool] 跳过 (重复): Developmentstatusandfuture.md
[pool] 跳过 (重复): Grossecosystemproductconcep.md
[pool] 跳过 (重复): MagicalChiralSpiroLigands.md
[pool] +待审     744字 NewProgressandProspectsof.md         待审判有效后计数 (现待审 12,621,795)
[pool] 跳过 (重复): Scientometricanalysisofpape.md
[pool] +待审     487字 如何做好EPC总承包模式下电网建设项目的档案归档工作.md        待审判有效后计数 (现待审 12,622,282)
[pool] 跳过 (重复): 电力工程设计中电力规划设计的主要环节探讨.md
[pool] 跳过 (重复): 勘察设计协会2025年度南方地区勘察设计同业.md
[pool] 跳过 (重复): 勘察设计协会2026年度全国勘察设计同业协会.md
[pool] 跳过 (重复): 勘察设计协会中国勘察设计协会成立40周年庆祝.md
[pool] 跳过 (重复): 勘察设计协会勘察设计行业高质量发展大会在京召.md
[pool] 硬拒 snippet-only (serp_shape): bidding2026年海南农垦天然橡胶生产能力建设.md — 全文腿取回后再入池
[pool] +待审   1,745字 bidding481亿元两大国企联合体拿下山西岚县储能.md       待审判有效后计数 (现待审 12,624,027)
[pool] +待审   5,626字 bidding52GW光伏大基地项目EPC中标价ep.md        待审判有效后计数 (现待审 12,629,653)
[pool] 跳过 (重复): biddingBIM建筑网关注建筑行业BIM技术发展.md
[pool] 跳过 (重复): biddingCSCEC中建科工集团有限公司.md
[pool] +待审     659字 biddingEPCPCECEP分别是什么意思一图.md         待审判有效后计数 (现待审 12,630,312)
[pool] 跳过 (重复): biddingEPCPPPBOTEOD都有啥区别.md
[pool] 跳过 (重复): biddingEPC业务.md
[pool] +待审   7,868字 biddingEPC全过程管理要点工程人必了解的知识.md        待审判有效后计数 (现待审 12,638,180)
[pool] +待审     974字 biddingEPC工程总承包管理全流程完整版百.md          待审判有效后计数 (现待审 12,639,154)
[pool] +待审   5,284字 biddingEPC工程总承包管理流程图解.md             待审判有效后计数 (现待审 12,644,438)
[pool] 跳过 (重复): biddingEPC工程总承包项目国内EPC发展现状为.md
[pool] 跳过 (重复): biddingEPC总承包模式具有哪些特点有哪些优势.md
[pool] +待审   7,564字 biddingepc总承包项目怎么管理.md               待审判有效后计数 (现待审 12,652,002)
[pool] +待审     535字 biddingEPC招标中短名单的局限性中国招标2017.md      待审判有效后计数 (现待审 12,652,537)
[pool] +待审   5,100字 biddingnewqqcomomn2023032.md         待审判有效后计数 (现待审 12,657,637)
[pool] +待审   6,353字 biddingZibo淄博市公共资源交易网.md             待审判有效后计数 (现待审 12,663,990)
[pool] +待审   2,588字 bidding一标段EPC总承包中标结果公告.md            待审判有效后计数 (现待审 12,666,578)
[pool] +待审     613字 bidding三门县大尖山隧道工程EPC工程总承包中标.md       待审判有效后计数 (现待审 12,667,191)
[pool] +待审     891字 bidding中国电信甘肃庆阳智能算力中心三期土建工程EP.md     待审判有效后计数 (现待审 12,668,082)
[pool] +待审     438字 bidding中国电建下属子公司中标5475亿元EPC.md       待审判有效后计数 (现待审 12,668,520)
[pool] +待审   1,897字 bidding中国电建中标钦州市钦南区800MW光储一体.md      待审判有效后计数 (现待审 12,670,417)
[pool] +待审   2,477字 bidding中国电建海南电力设计院.md                待审判有效后计数 (现待审 12,672,894)
[pool] +待审     942字 bidding中国电建海南院签约风电EPC项目.md           待审判有效后计数 (现待审 12,673,836)
[pool] +待审   2,335字 bidding中国电建集团海南电力设计研究院有限公司最新中.md     待审判有效后计数 (现待审 12,676,171)
[pool] +待审     822字 bidding中央政府煤炭储备宁国运中卫项目EPC总承包监.md     待审判有效后计数 (现待审 12,676,993)
[pool] 跳过 (重复): bidding什么是EPC总承包模式做EPC项目有何优缺.md
[pool] +待审   3,704字 bidding光伏EPC降.md                     待审判有效后计数 (现待审 12,680,697)
[pool] 硬拒 snippet-only (serp_shape): bidding全域旅游提升项目曙光湾片区配套电力.md — 全文腿取回后再入池
[pool] 跳过 (重复): bidding全面了解EPC总承包模式优势特点与实施要.md
[pool] +待审   2,413字 bidding半年揽金超83亿中国启源2026上半年电.md       待审判有效后计数 (现待审 12,683,110)
[pool] +待审   6,901字 bidding国家电投内蒙古100MW400MWh独立储.md      待审判有效后计数 (现待审 12,690,011)
[pool] +待审   3,233字 bidding国际人民网.md                      待审判有效后计数 (现待审 12,693,244)
[pool] +待审   2,843字 bidding学习课堂EPC项目工程总承包价格要素对招投.md      待审判有效后计数 (现待审 12,696,087)
[pool] +待审     657字 bidding安徽建工联合体中标两个EPC总承包项目中.md       待审判有效后计数 (现待审 12,696,744)
[pool] +待审   5,097字 bidding实务解析政府投资项目工程总承包招标的关.md        待审判有效后计数 (现待审 12,701,841)
[pool] +待审   7,103字 bidding对工程总承包EPC项目造价管控的研究和分.md       待审判有效后计数 (现待审 12,708,944)
[pool] +待审   1,411字 bidding山西省公共资源交易平台.md                待审判有效后计数 (现待审 12,710,355)
[pool] 跳过 (重复): bidding工程总承包EPC项目实施方案.md
[pool] +待审   7,937字 bidding工程总承包EPC项目开发投标项目管理方案.md       待审判有效后计数 (现待审 12,718,292)
[pool] +待审     531字 bidding建子公司中标5475亿元钦州市钦南.md          待审判有效后计数 (现待审 12,718,823)
[pool] 跳过 (重复): bidding建设工程勘察设计管理条例.md
[pool] +待审   7,706字 bidding当前国家倡导的EPC工程总承包全解析收藏版.md      待审判有效后计数 (现待审 12,726,529)
[pool] +待审   3,278字 bidding捷报频传中国能建江西国际中交三航局等.md         待审判有效后计数 (现待审 12,729,807)
[pool] +待审   1,545字 bidding新投维也纳国际酒店综合改造项目EPC总承包中.md     待审判有效后计数 (现待审 12,731,352)
[pool] +待审   2,121字 bidding新能源技术生产研发平台项目EPC施工.md         待审判有效后计数 (现待审 12,733,473)
[pool] +待审   8,145字 bidding新能源项目EPC与投融资模式组合应用.md         待审判有效后计数 (现待审 12,741,618)
[pool] +待审   3,864字 bidding新蔡县一期供水管网及设施改造项目设计采购施工.md     待审判有效后计数 (现待审 12,745,482)
[pool] +待审   5,268字 bidding构件式建筑EPC总承包项目编号2024.md        待审判有效后计数 (现待审 12,750,750)
[pool] +待审   2,465字 bidding武汉科技大学部分卫生间整体修缮翻新工程总承包.md     待审判有效后计数 (现待审 12,753,215)
[pool] 跳过 (重复): bidding浅谈EPC模式下典型问题及审计思路综合论坛.md
[pool] +待审   3,068字 bidding海南电力设计研究院中标信息.md              待审判有效后计数 (现待审 12,756,283)
[pool] +待审   2,080字 bidding海南省住房和城乡建设厅关于工程总承包EP.md       待审判有效后计数 (现待审 12,758,363)
[pool] +待审   7,143字 bidding深入理解BIM技术及其应用CSDN博客.md        待审判有效后计数 (现待审 12,765,506)
[pool] +待审   3,737字 bidding玉林市福绵区城市供水设施隐患改造项目总承包.md      待审判有效后计数 (现待审 12,769,243)
[pool] +待审   1,772字 bidding电力EPC工程总承包如何进行工程项目管理.md       待审判有效后计数 (现待审 12,771,015)
[pool] 跳过 (重复): bidding能源央视网cctvcom.md
[pool] +待审   2,116字 bidding西安市碑林区民政局本级西安市碑林区社区嵌.md       待审判有效后计数 (现待审 12,773,131)
[pool] +待审     995字 bidding道路项目一期EPC工程总承包中标公.md          待审判有效后计数 (现待审 12,774,126)
[pool] 跳过 (重复): 上海电力上海电力关于同上海化学工业区管理委员会共同推进漕.md
[pool] 跳过 (重复): 中国电建中国电建收购集团华东勘测设计研究院有限公司全部股.md
[pool] 跳过 (重复): 金杯汽车ST金杯同上海汽车变速器有限公司和沈阳华晨金.md
[pool] 跳过 (重复): BIM技术在建设工程项目管理中的应用研究免费.md
[pool] 跳过 (重复): EPC工程总承包项目全过程跟踪审计研究免费.md
[pool] 跳过 (重复): EPC建设项目中网格化管理的探讨及应用免费.md
[pool] 跳过 (重复): EPC总承包模式下工程造价的全过程协同管理研究免费.md
[pool] 跳过 (重复): EPC模式下建筑施工项目的全过程管理探讨免费.md
[pool] 跳过 (重复): EPC模式下浙江省海宁屋顶光伏并网项目风险管理研究免费.md
[pool] 跳过 (重复): EPC模式下铁路项目工程合同管理研究免费.md
[pool] 跳过 (重复): EPC联合体工程项目管理痛点剖析及对策免费.md
[pool] 跳过 (重复): 一种烟气脱硫塔内壁的防腐蚀装置免费.md
[pool] 跳过 (重复): 一种立式换热器管束检修用的快速移动装置免费.md
[pool] 跳过 (重复): 一种节能型高效径向甲醇反应器免费.md
[pool] 跳过 (重复): 一种适用于强放热反应的径向轴向复合式反应器免费.md
[pool] 跳过 (重复): 义乌江灯光亮化工程（一期）EPC总承包夜景照明工程赏析免费.md
[pool] 跳过 (重复): 人工智能赋能“工程项目管理”智慧课堂建设教学改革研究免费.md
[pool] 跳过 (重复): 以设计为龙头的海上风电工程总承包项目管理研究免费.md
[pool] 跳过 (重复): 全面质量管理在电力建设EPC项目中的应用及分析免费.md
[pool] 跳过 (重复): 冶金流程工程学理论指导下钢铁智能化探索与实践免费.md
[pool] 跳过 (重复): 国外大型油气建设项目管理模式研究及启示免费.md
[pool] 跳过 (重复): 国投湄洲湾第二发电厂EPC项目管理的创新与探索免费.md
[pool] 跳过 (重复): 基于BIM+GIS的铁路EPC项目施组进度一体化管理方法网络首发免费.md
[pool] 跳过 (重复): 基于EPC总承包模式的住宅建筑工程管理策略探究免费.md
[pool] 跳过 (重复): 基于博弈论组合赋权—模糊综合评价法的铁路EPC项目进度影响因素研究免费.md
[pool] 跳过 (重复): 基于层次分析法的高校新校区项目管理模式优选研究免费.md
[pool] 跳过 (重复): 基于平行分包模式的建筑工程EPC成本评估研究免费.md
[pool] 跳过 (重复): 基于数字化技术的电力工程总承包项目管理研究——以华南区域某燃机项目为例免费.md
[pool] 跳过 (重复): 基于神经网络的水煤浆气化炉炉温预测方法免费.md
[pool] 跳过 (重复): 基于财务共享的资金集中管理创新机制与经济后果研究——以中石化集团为例免费.md
[pool] 跳过 (重复): 大型水电工程建设管理模式创新免费.md
[pool] 跳过 (重复): 大语言模型在土木工程领域中的研究现状、挑战及趋势免费.md
[pool] 跳过 (重复): 安徽 印发住房城乡建设领域“人工智能+”行动方案免费.md
[pool] 跳过 (重复): 工程总承包与全过程工程咨询融合应用的价值、挑战与对策免费.md
[pool] 跳过 (重复): 建设单位EPC项目管理困境及提升路径研究免费.md
[pool] 跳过 (重复): 建设管理平台在城市轨道交通工程建设项目管理中的应用免费.md
[pool] 跳过 (重复): 招标人主体责任强化背景下企业合规管理数字化转型研究免费.md
[pool] 跳过 (重复): 探析水利水电工程项目管理模式免费.md
[pool] 跳过 (重复): 改革破局筑根基 追求卓越提效能——核理化院工程建设项目管理实践与探索免费.md
[pool] 跳过 (重复): 数智化赋能下石油工程建设EPC项目成本控制研究免费.md
[pool] 跳过 (重复): 新型建筑材料应用对工程项目管理与运维成本影响分析免费.md
[pool] 跳过 (重复): 构建EPCO一体化管理体系是建筑企业的终极目标——中国勘察设计企业蜕变为EPC工程总承包商的必然性免费.md
[pool] 跳过 (重复): 核电工程项目管理信息化研究与探索免费.md
[pool] 跳过 (重复): 水利水电工程EPC项目设计管理难点与对策免费.md
[pool] 跳过 (重复): 水利水电工程项目管理存在不足点及改进措施免费.md
[pool] 跳过 (重复): 浅谈电力工程EPC总承包设计管理免费.md
[pool] 跳过 (重复): 济南出台新政助力建筑业高质量发展免费.md
[pool] 跳过 (重复): 海外EPC工程总承包项目的组织策划探讨免费.md
[pool] 跳过 (重复): 海外EPC联营项目管理“十大理念”内涵及落地实践免费.md
[pool] 跳过 (重复): 生成式人工智能赋能监管能力提升的内在逻辑及优化路径——基于公共资源交易领域案例的分析免费.md
[pool] 跳过 (重复): 电力工程EPC总承包模式下的财务协同管理策略探讨免费.md
[pool] 跳过 (重复): 省级电子招投标的现状分析与对策研究免费.md
[pool] 跳过 (重复): 石化行业铁路专用线实施EPC项目管理研究免费.md
[pool] 跳过 (重复): 自然语言处理模型与文本图像生成技术驱动下的包装设计免费.md
[pool] 跳过 (重复): 苦练内功 开拓创新免费.md
[pool] 跳过 (重复): 设计主导EPC模式创新路径的深度探索免费.md
[pool] 跳过 (重复): 铁路工程EPC总承包项目业主与总承包商风险治理行为演化博弈研究免费.md
[pool] 跳过 (重复): 面向新工科的工程项目管理智慧课程建设路径研究免费.md
[pool] 跳过 (重复): 深爬首页.md
[pool] 跳过 (重复): 生态环境部环评管理北京三线一单激活绿色发展新动.md
[pool] 跳过 (重复): 10亿美元三星加码AI基建英伟达已参与其中.md
[pool] 跳过 (重复): 中国建筑近期获得重大项目金额合计1404亿元.md
[pool] 跳过 (重复): 中闽能源关于子公司签订EPC总承包合同的公告.md
[pool] 跳过 (重复): 中闽能源子公司签订4165亿元EPC总承包合同.md
[pool] 跳过 (重复): 中闽能源子公司联合体签订4165亿元EPC总承包合同.md
[pool] 跳过 (重复): 中闽能源控股子公司签订4165亿元EPC总承包合同.md
[pool] 跳过 (重复): 南昌1000千伏变电站主变扩建工程顺利投运.md
[pool] 跳过 (重复): 斥资10亿美元三星加码AI基建英伟达已参与其中.md
[pool] 跳过 (重复): 海量财经宏盛华源董事长马新征任职一年后辞任公司近年人.md
[pool] +待审     784字 hbba行标目录EPC总承包.md                    待审判有效后计数 (现待审 12,774,910)
[pool] +待审     792字 hbba行标目录EPC总承包市场分析.md                待审判有效后计数 (现待审 12,775,702)
[pool] +待审     782字 hbba行标目录EPC纵横.md                     待审判有效后计数 (现待审 12,776,484)
[pool] +待审     798字 hbba行标目录中国电建海南电力设计研究院.md             待审判有效后计数 (现待审 12,777,282)
[pool] +待审     806字 hbba行标目录中国电建海南电力设计研究院中标.md           待审判有效后计数 (现待审 12,778,088)
[pool] +待审     834字 hbba行标目录中国电建海南电力设计研究院在EP.md          待审判有效后计数 (现待审 12,778,922)
[pool] +待审     832字 hbba行标目录中国电建海南电力设计研究院是如何.md          待审判有效后计数 (现待审 12,779,754)
[pool] +待审     806字 hbba行标目录中国电建海南电力设计研究院案例.md           待审判有效后计数 (现待审 12,780,560)
[pool] +待审     832字 hbba行标目录中国电建海南电力设计研究院的EP.md          待审判有效后计数 (现待审 12,781,392)
[pool] +待审     810字 hbba行标目录中国电建集团海南电力设计研究院有.md          待审判有效后计数 (现待审 12,782,202)
[pool] +待审     782字 hbba行标目录同cnki.md                     待审判有效后计数 (现待审 12,782,984)
[pool] +待审     780字 hbba行标目录工程建设.md                      待审判有效后计数 (现待审 12,783,764)
[pool] +待审     790字 hbba行标目录海南电力设计研究院.md                 待审判有效后计数 (现待审 12,784,554)
[pool] +待审     782字 hbba行标目录电力产业链.md                     待审判有效后计数 (现待审 12,785,336)
[pool] +待审     794字 hbba行标目录电力工程EPC项目管理.md               待审判有效后计数 (现待审 12,786,130)
[pool] +待审     784字 hbba行标目录电力工程建设.md                    待审判有效后计数 (现待审 12,786,914)
[pool] +待审     784字 hbba行标目录电力工程设计.md                    待审判有效后计数 (现待审 12,787,698)
[pool] +待审     788字 hbba行标目录电力总承包全过程.md                  待审判有效后计数 (现待审 12,788,486)
[pool] +待审     784字 hbba行标目录电力行业报告.md                    待审判有效后计数 (现待审 12,789,270)
[pool] +待审     780字 hbba行标目录行业项目.md                      待审判有效后计数 (现待审 12,790,050)
[pool] 跳过 (重复): 中国海诚互动易问答请问公司及其相关公司是否有糖相关业务.md
[pool] 跳过 (重复): 中粮科工互动易问答尊敬的董秘您好我是贵公司投资者金.md
[pool] 跳过 (重复): 中钢国际互动易问答尊敬的董秘您好7月30日政治局会议.md
[pool] 跳过 (重复): 奥克股份互动易问答董秘称不涉及超临界二氧化碳那么公司.md
[pool] 跳过 (重复): 广东建工互动易问答三亚崖州湾科技城的25亿项目中标.md
[pool] 跳过 (重复): 广东建工互动易问答贵州省夹岩水利枢纽及黔西北供水工程.md
[pool] 跳过 (重复): 广东建工互动易问答近半个月广东基建市场都呈火热的局面.md
[pool] 跳过 (重复): 建研设计互动易问答请问截至目前公司在手订单金额及同比.md
[pool] 跳过 (重复): 惠通科技互动易问答公司招股文件披露20212022.md
[pool] 跳过 (重复): 永清环保互动易问答请问贵司和其他环保股相比有啥核心的.md
[pool] 跳过 (重复): 立昂技术互动易问答公司在十五五算力网建设过程中公司有.md
[pool] 跳过 (重复): 鲁班奖名单20202021年度第一批中国.md
[pool] 跳过 (重复): 鲁班奖名单全国建筑市场监管公共服务平台.md
[pool] 跳过 (重复): 鲁班奖名单关于20202021年度第一批.md
[pool] +待审     825字 metaso_中国电建海南电力设计研究院在E_scholar.md    待审判有效后计数 (现待审 12,790,875)
[pool] +待审     745字 metaso_中国电建海南电力设计研究院是如_scholar.md    待审判有效后计数 (现待审 12,791,620)
[pool] +待审     828字 metaso_中国电建海南电力设计研究院的E_scholar.md    待审判有效后计数 (现待审 12,792,448)
[pool] +待审     995字 metaso_中国电建集团海南电力设计研究院_scholar.md    待审判有效后计数 (现待审 12,793,443)
[pool] +待审   1,689字 metaso_在EPC总承包项目中中国电建集_scholar.md    待审判有效后计数 (现待审 12,795,132)
[pool] +待审   1,152字 metaso_在EPC总承包项目中海南电力设_scholar.md    待审判有效后计数 (现待审 12,796,284)
[pool] +待审     466字 metaso_在过去的五年中中国电建集团海南_scholar.md    待审判有效后计数 (现待审 12,796,750)
[pool] +待审   1,072字 metaso_海南电力设计研究院在EPC总承_scholar.md    待审判有效后计数 (现待审 12,797,822)
[pool] +待审     648字 metaso_海南电力设计研究院有限公司在E_scholar.md    待审判有效后计数 (现待审 12,798,470)
[pool] 跳过 (重复): 住建部2026年世界城市日全球主场活动.md
[pool] 跳过 (重复): 住建部国务院政策例行吹风会切实做好保.md
[pool] 跳过 (重复): 住建部国新办举行开局起步十五五.md
[pool] 跳过 (重复): 交通运输部大国正确相处的新路就在脚下.md
[pool] 跳过 (重复): 发改委项目批复关于内蒙古纳林河矿区陶忽图煤矿项.md
[pool] 跳过 (重复): 发改委项目批复关于惠州液化天然气接收站项目核准.md
[pool] 跳过 (重复): 发改委项目批复关于陕西榆横矿区南区海则滩煤矿项.md
[pool] 跳过 (重复): 发改委项目批复关于陕西榆横矿区南区海测滩煤矿项.md
[pool] 跳过 (重复): 国家能源局国家发展改革委国家能源局有关负.md
[pool] 跳过 (重复): OFAC筛查台账.md
[pool] +待审     413字 Panjiva提单证据AECOM.md                  待审判有效后计数 (现待审 12,798,883)
[pool] +待审     412字 patentCN102313850B.md                待审判有效后计数 (现待审 12,799,295)
[pool] +待审     453字 patentCN105574652B.md                待审判有效后计数 (现待审 12,799,748)
[pool] +待审     420字 patentCN106651424B.md                待审判有效后计数 (现待审 12,800,168)
[pool] +待审     378字 patentCN107085758A.md                待审判有效后计数 (现待审 12,800,546)
[pool] +待审     421字 patentCN108037780B.md                待审判有效后计数 (现待审 12,800,967)
[pool] +待审     439字 patentCN109081342B.md                待审判有效后计数 (现待审 12,801,406)
[pool] +待审     452字 patentCN109377065B.md                待审判有效后计数 (现待审 12,801,858)
[pool] +待审     443字 patentCN109489618B.md                待审判有效后计数 (现待审 12,802,301)
[pool] +待审     456字 patentCN110009213B.md                待审判有效后计数 (现待审 12,802,757)
[pool] +待审     420字 patentCN110147417B.md                待审判有效后计数 (现待审 12,803,177)
[pool] 跳过 (重复): patentCN110580148B.md
[pool] +待审     414字 patentCN111754138B.md                待审判有效后计数 (现待审 12,803,591)
[pool] 跳过 (重复): patentCN112395361B.md
[pool] +待审     402字 patentCN112785798B.md                待审判有效后计数 (现待审 12,803,993)
[pool] +待审     415字 patentCN113298077A.md                待审判有效后计数 (现待审 12,804,408)
[pool] +待审     449字 patentCN113469950A.md                待审判有效后计数 (现待审 12,804,857)
[pool] 跳过 (重复): patentCN113806897B.md
[pool] 跳过 (重复): patentCN113919801A.md
[pool] +待审     431字 patentCN114370043B.md                待审判有效后计数 (现待审 12,805,288)
[pool] 跳过 (重复): patentCN115081999A.md
[pool] +待审     433字 patentCN116208080A.md                待审判有效后计数 (现待审 12,805,721)
[pool] +待审     407字 patentCN116222509A.md                待审判有效后计数 (现待审 12,806,128)
[pool] +待审     482字 patentCN117391640B.md                待审判有效后计数 (现待审 12,806,610)
[pool] +待审     329字 patentCN205160011U.md                待审判有效后计数 (现待审 12,806,939)
[pool] +待审     409字 patentWO2022206354A1.md              待审判有效后计数 (现待审 12,807,348)
[pool] 跳过 (重复): 山西宁盛工程建设有限公司排污许可证91141129724.md
[pool] 跳过 (重复): 巴楚县鹿达通工程建设有限公司排污许可证91653130M.md
[pool] 跳过 (重复): 广西中天工程建设集团有限公司柳城县东泉镇污水处理厂排污.md
[pool] 跳过 (重复): 广西中天工程建设集团有限公司柳城县六塘镇污水处理厂排污.md
[pool] 跳过 (重复): 敦煌市鸿睿路桥工程建设有限公司排污许可证91620982.md
[pool] 跳过 (重复): 武穴市诚信路桥工程建设有限责任公司排污许可证914211.md
[pool] 跳过 (重复): 汉中汉东工程建设有限公司排污许可证91610727MA6.md
[pool] 跳过 (重复): 湖南省富厚交通工程建设有限公司双峰分公司排污许可证914.md
[pool] 跳过 (重复): 荣成好当家工程建设有限公司排污许可证91371082MA.md
[pool] 跳过 (重复): 陕西环境工程建设子长水处理有限公司排污许可证9161.md
[pool] 跳过 (重复): policyBIM中文官网你的BIM网址导航.md
[pool] +待审   2,284字 policyChinaStateConstructio.md       待审判有效后计数 (现待审 12,809,632)
[pool] 硬拒 snippet-only (serp_shape): policyDigital电路仿真软件的安装digita.md — 全文腿取回后再入池
[pool] 跳过 (重复): policydigital的解释和发音欧路词典英汉.md
[pool] 跳过 (重复): policyEPC工程总承包中哪些项目能分包.md
[pool] +待审   7,570字 policy上海工程技术大学.md                    待审判有效后计数 (现待审 12,817,202)
[pool] 跳过 (重复): policy中国工程科学CAE.md
[pool] +待审   5,858字 policy中国工程网工程行业门户.md                 待审判有效后计数 (现待审 12,823,060)
[pool] +待审   2,499字 policy中国电建海南电力设计院.md                 待审判有效后计数 (现待审 12,825,559)
[pool] +待审   7,471字 policy产业资讯东方希望规划建设625万吨多晶.md         待审判有效后计数 (现待审 12,833,030)
[pool] 跳过 (重复): policy什么是BIM建筑信息模型Autode.md
[pool] 跳过 (重复): policy什么是项目管理PMI中国.md
[pool] +待审     861字 policy企业主页海南电力设计研究院南开大学学生就业.md       待审判有效后计数 (现待审 12,833,891)
[pool] +待审   1,034字 policy住建部EPC项目管理办法解读核心要点适用范.md       待审判有效后计数 (现待审 12,834,925)
[pool] +待审   4,529字 policy住房和城乡建设部国家发展改革委关于印发房屋建.md      待审判有效后计数 (现待审 12,839,454)
[pool] 跳过 (重复): policy住房和城乡建设部国家发展改革委关于印发房屋建筑.md
[pool] +待审   3,866字 policy住房城乡建设部关于进一步推进工程总承包发展的若.md     待审判有效后计数 (现待审 12,843,320)
[pool] +待审   2,261字 policy全面解析EPC的内涵与特点.md               待审判有效后计数 (现待审 12,845,581)
[pool] 跳过 (重复): policy关于EPC工程总承包中央地方出台了哪些政.md
[pool] 跳过 (重复): policy关于印发新型能源体系建设十五五规划的通.md
[pool] +待审   2,459字 policy关于工程总承包EPC项目推行机器管招投标.md        待审判有效后计数 (现待审 12,848,040)
[pool] +待审   1,390字 policy关于电力设计企业承揽EPC总承包项目涉及承装.md      待审判有效后计数 (现待审 12,849,430)
[pool] 跳过 (重复): policy关于第二十六期全国BIM技能等级考试一.md
[pool] 跳过 (重复): policy勘察与勘查的区别附对比图表百度文库.md
[pool] +待审   5,370字 policy国家能源局.md                       待审判有效后计数 (现待审 12,854,800)
[pool] 跳过 (重复): policy国家能源集团.md
[pool] 跳过 (重复): policy国民经济行业分类GBT4754201.md
[pool] +待审   8,185字 policy国浩视点EPC工程总承包法律实务全解析从.md        待审判有效后计数 (现待审 12,862,985)
[pool] +待审   2,646字 policy土木工程网土木工程师的家园.md               待审判有效后计数 (现待审 12,865,631)
[pool] +待审   4,196字 policy好文推荐基于EPC总承包模式下的项目档案大.md       待审判有效后计数 (现待审 12,869,827)
[pool] +待审   3,721字 policy学习园地EPC总承包制的现状存在问题以及.md        待审判有效后计数 (现待审 12,873,548)
[pool] +待审   2,452字 policy工作研究EPC模式下工程结算审计重点探析.md        待审判有效后计数 (现待审 12,876,000)
[pool] +待审   1,306字 policy工程信息搜索搜索天工网.md                 待审判有效后计数 (现待审 12,877,306)
[pool] 跳过 (重复): policy工程总承包EPC的相关知识及政策依据.md
[pool] +待审   1,052字 policy工程项目设计和施工允许一家公司吗解析EPC模.md      待审判有效后计数 (现待审 12,878,358)
[pool] +待审     885字 policy巨潮资讯网.md                       待审判有效后计数 (现待审 12,879,243)
[pool] 跳过 (重复): policy建筑时报雅各布斯世界顶尖的国际工程公司.md
[pool] +待审   8,225字 policy建设工程EPC总承包模式的实施细则及实施方案.md      待审判有效后计数 (现待审 12,887,468)
[pool] 跳过 (重复): policy我国EPC工程总承包政策法规全面解读百度.md
[pool] 跳过 (重复): policy李强在政府工作报告中介绍十五五时期主要目标.md
[pool] +待审   7,143字 policy深入理解BIM技术及其应用CSDN博客.md         待审判有效后计数 (现待审 12,894,611)
[pool] +待审   7,242字 policy琼建规20233号政策法规海南.md             待审判有效后计数 (现待审 12,901,853)
[pool] +待审   3,749字 policy能源的饭碗必须端在自己手里我国加快能源.md         待审判有效后计数 (现待审 12,905,602)
[pool] 跳过 (重复): policy能源频道.md
[pool] 跳过 (重复): policy重大工程国家发展和改革委员会.md
[pool] 跳过 (重复): 国家铁路局国家铁路局关于印发铁路交通重大.md
[pool] 跳过 (重复): 市场监管总局市场监管总局发布宿迁市商品混凝土.md
[pool] 跳过 (重复): 国资委央企动态企步新长征猫跳河上的红色传承.md
[pool] +待审     349字 中石化招标公告索引.md                         待审判有效后计数 (现待审 12,905,951)
[pool] +待审     507字 standardCSCEC中建科工集团有限公司.md           待审判有效后计数 (现待审 12,906,458)
[pool] 跳过 (重复): standardEPC工程总承包全过程管控21个要点附图.md
[pool] +待审   2,326字 standardEPC工程总承包计价规范2026解读.md        待审判有效后计数 (现待审 12,908,784)
[pool] 跳过 (重复): standardEPC工程总承包计价规范GBT5135.md
[pool] +待审   7,096字 standardinfrastructure是什么in.md       待审判有效后计数 (现待审 12,915,880)
[pool] +待审   1,718字 standard中国标准体系全面解析从GBT到建筑行业.md       待审判有效后计数 (现待审 12,917,598)
[pool] +待审   5,933字 standard中国电力建设集团有限公司企业信息.md          待审判有效后计数 (现待审 12,923,531)
[pool] +待审   1,940字 standard中国电建海南电力设计研究院项目管理系统.md       待审判有效后计数 (现待审 12,925,471)
[pool] 跳过 (重复): standard住房城乡建设部关于发布国家标准城市综合管.md
[pool] 跳过 (重复): standard住房城乡建设部关于发布国家标准建设工程项.md
[pool] 跳过 (重复): standard住房城乡建设部关于发布国家标准建设项目工.md
[pool] 跳过 (重复): standard国家标准GBT3614712018.md
[pool] 跳过 (重复): standard国民经济行业分类国家统计局.md
[pool] 跳过 (重复): standard国民经济行业分类国民经济行业代码表GB.md
[pool] +待审   2,546字 standard土木工程网土木工程师的家园.md             待审判有效后计数 (现待审 12,928,017)
[pool] +待审   1,573字 standard工程国家标准行业标准团体标准地方标准.md        待审判有效后计数 (现待审 12,929,590)
[pool] +待审     683字 standard工程建设法律法规标准规范清单百度文库.md        待审判有效后计数 (现待审 12,930,273)
[pool] 跳过 (重复): standard建工实务EPC合同模式探讨总价合同还.md
[pool] +待审     702字 standard现行建筑工程国家标准GB规范体系综述.md        待审判有效后计数 (现待审 12,930,975)
[pool] +待审   5,632字 standard电力epc总承包项目该怎么管理Ping.md       待审判有效后计数 (现待审 12,936,607)
[pool] 跳过 (重复): standard电力工程建设规范标准版docx.md
[pool] +待审   2,243字 standard电力工程建设规范标准版docx原创.md         待审判有效后计数 (现待审 12,938,850)
[pool] 跳过 (重复): standard电力工程建设项目管理规范标准版百.md
[pool] +待审     725字 standard电力工程设计规范百度文库.md              待审判有效后计数 (现待审 12,939,575)
[pool] +待审   2,313字 standard电力工程项目建设与管理规范标准版20.md        待审判有效后计数 (现待审 12,941,888)
[pool] +待审   1,088字 standard行业标准全国标准信息公共服务平台.md          待审判有效后计数 (现待审 12,942,976)
[pool] +待审   2,032字 standard重磅新规24版清单为何是GBT核.md          待审判有效后计数 (现待审 12,945,008)
[pool] +待审   1,125字 standard项目管理提升履约水平青海院圆满.md           待审判有效后计数 (现待审 12,946,133)
[pool] +待审     976字 video119000500.md                    待审判有效后计数 (现待审 12,947,109)
[pool] +待审   1,003字 video2026打算再创业转行的朋友有没有你盯上的行.md       待审判有效后计数 (现待审 12,948,112)
[pool] 跳过 (重复): video54万7093002.md
[pool] +待审   1,029字 video778421751.md                    待审判有效后计数 (现待审 12,949,141)
[pool] +待审   1,061字 video未来10年20262036这4个行业比开药.md        待审判有效后计数 (现待审 12,950,202)
[pool] 跳过 (重复): video超越认知中国行业背后的500个秘密远川投学苑.md
[pool] 跳过 (重复): 上海住房城乡建设管理上海古镇朱家角淀山湖畔的江南.md
[pool] 跳过 (重复): 上海住房城乡建设管理便民点菜式物业服务来了小.md
[pool] 跳过 (重复): 上海住房城乡建设管理加强预售管理有序实施现房销售上海.md
[pool] 跳过 (重复): 上海住房城乡建设管理聚焦加强本市建设工程材料使用质量.md
[pool] 跳过 (重复): 上海住房城乡建设管理聚焦第48届世界技能大赛在上海隆.md
[pool] 跳过 (重复): 上海住房城乡建设管理聚焦雨污混接治理上海能不能做好.md
[pool] 跳过 (重复): 世纪新能源网16元W江苏80MW光伏项目E.md
[pool] 跳过 (重复): 世纪新能源网224元瓦云南180MWp光伏.md
[pool] 跳过 (重复): 世纪新能源网275元瓦南京34MWp光伏项.md
[pool] 跳过 (重复): 世纪新能源网广东150MW分布式光伏廊道项目EP.md
[pool] 跳过 (重复): 中国交建一航局构建大供应链管理格局推动高质量.md
[pool] 跳过 (重复): 中国交建建设科技创新型中交畅谈大.md
[pool] 跳过 (重复): 中国交通报七部门联合印发新型电池产业发展十.md
[pool] 跳过 (重复): 中国交通报邮政EMS变快了行业国家队打赢.md
[pool] 跳过 (重复): 中国光伏行业协会CPIA涉及光伏工信部等七部门联合印发.md
[pool] 跳过 (重复): 中国化学工程集团有限公司青春化学丨三化建青年这五年.md
[pool] 跳过 (重复): 中国建筑单广袖赴新加坡调研中建南洋公司及重点.md
[pool] 跳过 (重复): 中国建设报中共中央办公厅国务院办公厅印发文.md
[pool] 跳过 (重复): 中国水事2026全国科普月原来这就是机.md
[pool] +待审  11,363字 中国电力报工信部国家能源局等七部门联合印发.md             待审判有效后计数 (现待审 12,961,565)
[pool] +待审     873字 中国能源报国内重大水利工程首批机组并网发电.md             待审判有效后计数 (现待审 12,962,438)
[pool] 跳过 (重复): 中建政研集团2027两重项目谋划对准8个领.md
[pool] 跳过 (重复): 储能总投资9亿400MW800MWh.md
[pool] 跳过 (重复): 光伏产业网官微172元W华能325MW光伏项.md
[pool] 跳过 (重复): 光伏产业网官微8亿元国资入场新疆300MW光伏治.md
[pool] 跳过 (重复): 光伏产业网官微国能浙江45MW光伏项目EPC公开招.md
[pool] 跳过 (重复): 光伏产业网官微广东150MW分布式光伏廊道项目EP.md
[pool] 跳过 (重复): 光伏盒子142元W浙江金华93MWp光.md
[pool] +待审   3,031字 光伏盒子16亿美元打水漂出海的第一个硅料厂.md             待审判有效后计数 (现待审 12,965,469)
[pool] 跳过 (重复): 光伏盒子17年光伏老牌企业申请破产.md
[pool] +待审     606字 光伏盒子2026光伏发电站并网性能评价方法.md             待审判有效后计数 (现待审 12,966,075)
[pool] 跳过 (重复): 光伏盒子267元W烟台龙口1458M.md
[pool] 跳过 (重复): 光伏盒子279元W福建漳州52MWp光.md
[pool] +待审   2,786字 光伏盒子34毛细血管34里的千.md                   待审判有效后计数 (现待审 12,968,861)
[pool] +待审   4,004字 光伏盒子LSS6强制配储引爆马来光储市场.md              待审判有效后计数 (现待审 12,972,865)
[pool] 跳过 (重复): 光伏盒子中国光伏双雄在美互撕.md
[pool] +待审   3,905字 光伏盒子中小工商储如何降本尚唯斯80kW混.md             待审判有效后计数 (现待审 12,976,770)
[pool] +待审     762字 光伏盒子又一老牌光伏企业申请破产.md                  待审判有效后计数 (现待审 12,977,532)
[pool] +待审   1,210字 光伏盒子国资委央企战略重组纠正内卷式竞争.md              待审判有效后计数 (现待审 12,978,742)
[pool] +待审   2,240字 光伏盒子德业股份605117高管及个人简.md              待审判有效后计数 (现待审 12,980,982)
[pool] +待审   1,583字 光伏盒子纪要晶澳科技002459交流.md                待审判有效后计数 (现待审 12,982,565)
[pool] +待审   6,593字 光伏盒子聚焦越南光储新机遇第四届越南太阳能.md             待审判有效后计数 (现待审 12,989,158)
[pool] +待审   2,587字 光伏盒子迈为股份300751高管及个人简.md              待审判有效后计数 (现待审 12,991,745)
[pool] +待审     496字 光伏盒子非自然人户用分布式光伏项目场所租赁标.md            待审判有效后计数 (现待审 12,992,241)
[pool] 跳过 (重复): 北京石油化工工程有限公司稳步攻坚提质增效北油工程延能化M.md
[pool] 跳过 (重复): 北极星工商业储能分享丨200MW800MWh独立储.md
[pool] 跳过 (重复): 北极星风力发电网国内首个采用混塔技术的海上风电场建成.md
[pool] 跳过 (重复): 北极星风力发电网最新获批龙源甘肃1100万千瓦新能.md
[pool] +待审   3,683字 北极星风力发电网重大项目签约浙江华东深远海风电.md           待审判有效后计数 (现待审 12,995,924)
[pool] 跳过 (重复): 华设设计集团华设热闻丨集团开展金秋九月AI系列科.md
[pool] 跳过 (重复): 和君商学亚朵酒店不务正业但躺赚20亿.md
[pool] 跳过 (重复): 和君商学毛利高过爱马仕中国最会赚钱的男装.md
[pool] 跳过 (重复): 和君商学相思渐浓处又是中秋时.md
[pool] 跳过 (重复): 工程行业大脑1500万悬案揭秘无效合同竟吃定工.md
[pool] 跳过 (重复): 工程行业大脑15分差真相AI评标下中国承包.md
[pool] 跳过 (重复): 工程行业大脑16亿罚款背后境外项目环保风险企.md
[pool] 跳过 (重复): 工程行业大脑2800万损失揭秘采购疏忽国企.md
[pool] 跳过 (重复): 工程行业大脑46号令下50亿项目风险8亿央企.md
[pool] 跳过 (重复): 工程行业大脑5事故率背后海外EPC项目安全成.md
[pool] 跳过 (重复): 工程行业大脑PUE13差30揭秘中国数据.md
[pool] 跳过 (重复): 工程行业大脑三林楔形绿地65生态用地总包如何.md
[pool] 跳过 (重复): 工程行业大脑总包项目计税误区9成风险AI助建筑.md
[pool] 跳过 (重复): 工程行业大脑模块化率90工期却拖到12个月.md
[pool] 跳过 (重复): 工程行业大脑造价人注意100万红线内造价咨询.md
[pool] 跳过 (重复): 广东省电力设计研究院我国首个规模化应用18兆瓦海上风机项.md
[pool] 跳过 (重复): 总包说196亿警示EPC合同三大暗坑揭秘.md
[pool] 跳过 (重复): 总包说21份合同清单揭秘漏签一份结算少.md
[pool] 跳过 (重复): 总包说2800万签证漏签结算一审二审终审.md
[pool] 跳过 (重复): 总包说4153亿巨亏背后境外环保罚款真.md
[pool] 跳过 (重复): 总包说73死102亿巨损背后设计院EP.md
[pool] 跳过 (重复): 总包说80修改率背后的真相AI审查如何.md
[pool] 跳过 (重复): 总包说AI评标效率提升14倍承包商输在哪.md
[pool] 跳过 (重复): 总包说EPC联营体沙特项目亏损揭秘12.md
[pool] 跳过 (重复): 总包说巴西EPC合同陷阱重重45利润率.md
[pool] 跳过 (重复): 总包说签证漏签28天决定2800万窝工.md
[pool] 跳过 (重复): 总包说设计优化是EPC项目关键如何避免5.md
[pool] 跳过 (重复): 新基建通14亿中交三航局四航局二航局中.md
[pool] 跳过 (重复): 新基建通46亿北京化工大学项目中标结果.md
[pool] 跳过 (重复): 新基建通56亿天津中医药大学项目中标结果.md
[pool] 跳过 (重复): 新基建通5个标南水北调中线项目中标结果.md
[pool] 跳过 (重复): 新基建通5亿南开大学津南校区项目中标.md
[pool] 跳过 (重复): 新基建通6亿安徽项目中标了.md
[pool] 跳过 (重复): 新基建通8亿中建在河南中标了.md
[pool] 跳过 (重复): 新基建通9亿中铁十五局中标了.md
[pool] 跳过 (重复): 新基建通中国中铁中标雄安新区大项目.md
[pool] 跳过 (重复): 新基建通中国能建中标5亿大单.md
[pool] 跳过 (重复): 新基建通中国能建中标内蒙古5亿大标.md
[pool] 跳过 (重复): 新基建通中建二局喜中新疆13亿光伏治沙项目.md
  … 5500 件 (跳 0)
[pool] 跳过 (重复): 新基建通中建集团斩获8亿大标中建七局中建.md
[pool] 跳过 (重复): 新基建通京港澳高速公路深圳段改扩建项目中标.md
[pool] 跳过 (重复): 新基建通山东省近5亿大标发榜中铁十五局联合.md
[pool] 跳过 (重复): 新基建通总投资73亿安荣合高速公路中标结果.md
[pool] 跳过 (重复): 新基建通标书骨干一离职公司就断档真正靠谱.md
[pool] 跳过 (重复): 新基建通近10亿水电十四局中标福建省抽蓄大.md
[pool] 跳过 (重复): 施工技术华中科技大学刘琦从BIM模型到.md
[pool] 跳过 (重复): 智汇光伏199亿元中能建中标200MW园.md
[pool] 跳过 (重复): 智汇光伏30亿中能建西藏900MW光伏.md
[pool] 跳过 (重复): 智汇光伏国能集团鲁北基地500MW光伏EP.md
[pool] +待审   4,722字 每日风电风标委年会凝聚共识寻找规则最大公约.md             待审判有效后计数 (现待审 13,000,646)
[pool] 跳过 (重复): 水利天下李君廷老旧水库改造提升前期工作的机.md
[pool] 跳过 (重复): 江苏省储能行业协会七部门到2030年全固态电池初步.md
[pool] 跳过 (重复): 江苏省储能行业协会国家发展改革委国家能源局联合印发.md
[pool] 跳过 (重复): 河南省电力企业协会七部门关于印发新型电池产业发展十.md
[pool] 跳过 (重复): 洛阳电力服务中心9月23日河南宏象铝业有限公司4.md
[pool] 跳过 (重复): 海外独角兽为什么CPU重新变得重要.md
[pool] 跳过 (重复): 混沌学园从科学家到创业者光线云创始人王锐带.md
[pool] 跳过 (重复): 石化行业走出去联盟七部门关于印发新型电池产业发展十.md
[pool] 跳过 (重复): 石化行业走出去联盟工信部等七部门联合印发新型电池产业.md
[pool] 跳过 (重复): 石油化工设备管理呼吸阀基础知识.md
[pool] 跳过 (重复): 石油化工设备管理往复式压缩机故障诊断三板斧.md
[pool] 跳过 (重复): 能源新媒涨不起的组件价格算不清的光伏成本.md
[pool] 跳过 (重复): 能源新媒能源新刊速递9月精彩抢先看.md
[pool] 跳过 (重复): 西北电力设计院开工内蒙古库布齐沙漠送电上海工程.md
[pool] 跳过 (重复): 风电头条4600元kW山西50MW驭风.md
[pool] 跳过 (重复): 风电头条风电周事迹四川山东江西辽.md
[pool] +待审   5,422字 第1章_绪论 研究缘起、方法与价值_v2.md              待审判有效后计数 (现待审 13,006,068)
[pool] +待审   3,941字 第2章_中国电建集团海南电力设计研究院 企业画像与基本盘_v2.md   待审判有效后计数 (现待审 13,010,009)
[pool] +待审   4,691字 第3章_中国电建集团海南电力设计研究院的发展沿革与战略演进_v2.md  待审判有效后计数 (现待审 13,014,700)
[pool] +待审   5,341字 第4章_中国电建集团海南电力设计研究院的经营策略与市场打法_v2.md  待审判有效后计数 (现待审 13,020,041)
[pool] +待审   5,973字 第5章_市场全景 规模、中标与竞争格局_v2.md            待审判有效后计数 (现待审 13,026,014)
[pool] 跳过 (重复): background.js.LICENSE.txt
[pool] 跳过 (重复): content.js.LICENSE.txt
[pool] 跳过 (重复): main.js.LICENSE.txt
[pool] 跳过 (重复): options.js.LICENSE.txt
[pool] 跳过 (重复): params.js.LICENSE.txt
[pool] 跳过 (重复): workflow.js.LICENSE.txt
[pool] +待审   1,643字 研究报告需求.txt                           待审判有效后计数 (现待审 13,027,657)
[pool] +待审   1,267字 研究报告需求.txt                           待审判有效后计数 (现待审 13,028,924)
[pool] +待审   1,643字 研究报告需求.txt                           待审判有效后计数 (现待审 13,030,567)
[pool] +待审   1,643字 研究报告需求.txt                           待审判有效后计数 (现待审 13,032,210)
[pool] +待审  12,392字 1442_中国能源建设集团广东火电工程有限公司、广东建安消防机电工程有限 待审判有效后计数 (现待审 13,044,602)
[pool] +待审  10,289字 1457_中国能源建设集团东北电力第二工程有限公司与黔西南州元豪投资有限 待审判有效后计数 (现待审 13,054,891)
[pool] +待审   9,267字 1517_中国能源建设集团江苏省电力建设第一工程有限公司、一等建设工程施 待审判有效后计数 (现待审 13,064,158)
[pool] +待审   6,568字 1671_中国能源建设集团黑龙江能源建设有限公司、王振伟建设工程施工合同 待审判有效后计数 (现待审 13,070,726)
[pool] +待审   9,558字 1760_中国能源建设集团安徽省电力设计院有限公司与河南省龙源电力工程技 待审判有效后计数 (现待审 13,080,284)
[pool] +待审   8,995字 2923_中国能源建设集团安徽省电力设计院有限公司、安徽胤荣建设工程有限 待审判有效后计数 (现待审 13,089,279)
[pool] +待审   8,404字 4330_河南省龙源电力工程技术有限公司、中国能源建设集团安徽省电力设计 待审判有效后计数 (现待审 13,097,683)
[pool] +待审   8,083字 5134_兰州日晟通信科技有限公司、王永强与中国能源建设集团西北电力建设 待审判有效后计数 (现待审 13,105,766)
[pool] +待审   2,165字 5167_中国能源建设集团辽宁电力勘测设计院有限公司与东港永恒新能源有限 待审判有效后计数 (现待审 13,107,931)
[pool] +待审   3,905字 5468_新疆和合矿业有限责任公司与中国能源建设集团新疆电力设计院有限公 待审判有效后计数 (现待审 13,111,836)
[pool] +待审   5,074字 5770_中国能源建设集团甘肃省电力设计院有限公司、甘肃电院电力设备有限 待审判有效后计数 (现待审 13,116,910)
[pool] +待审   8,294字 5913_中国能源建设集团广东电力工程局有限公司与郑州通用航空试验区管理 待审判有效后计数 (现待审 13,125,204)
[pool] +待审   5,457字 6349_中国能源建设集团黑龙江省火电第一工程有限公司、东亚电力建设有限 待审判有效后计数 (现待审 13,130,661)
[pool] +待审   8,176字 6387_安徽胤荣建设工程有限公司与安徽鼎信建设发展有限公司、中国能源建 待审判有效后计数 (现待审 13,138,837)
[pool] +待审   6,117字 6491_黄文武与华能国际电力股份有限公司长兴电厂、中国能源建设集团天津 待审判有效后计数 (现待审 13,144,954)
[pool] +待审   6,408字 6494_王振伟与河北伊耳电力工程有限公司、中国能源建设集团黑龙江能源建 待审判有效后计数 (现待审 13,151,362)
[pool] +待审  15,038字 6496_褚关平与广东泰扬电生电力建设工程有限公司、中国能源建设集团广东 待审判有效后计数 (现待审 13,166,400)
[pool] +待审   8,187字 6534_敦煌市清洁能源开发有限责任公司与中国能源建设集团安徽电力建设第 待审判有效后计数 (现待审 13,174,587)
[pool] +待审   2,164字 6753_中国能源建设集团辽宁电力勘测设计院有限公司与东港兴尧新能源有限 待审判有效后计数 (现待审 13,176,751)
[pool] +待审  27,897字 6756_十一冶建设集团有限责任公司与中国能源建设集团江苏省电力建设第三 待审判有效后计数 (现待审 13,204,648)
[pool] +待审   4,045字 中国电力报_150支赛队获奖！中核集团、中国石油、国家电网、南方电网、国 待审判有效后计数 (现待审 13,208,693)
[pool] +待审   1,842字 建筑工程分包平台_中国能建拟中标4个项目-31ba700d.md     待审判有效后计数 (现待审 13,210,535)
[pool] +待审   1,381字 路桥工程劳务分包平台_中国能建拟中标4个项目-bcb2154e.md   待审判有效后计数 (现待审 13,211,916)
[pool] +待审   9,283字 Ongoingthreatsandthecurren.md        待审判有效后计数 (现待审 13,221,199)
[pool] +待审     413字 中国电力市场体系模式设计一互联电网电力市场设计.md           待审判有效后计数 (现待审 13,221,612)
[pool] +待审     495字 基于微笑曲线分析中国家电制造业转型升级路径.md             待审判有效后计数 (现待审 13,222,107)
[pool] +待审     574字 安徽省县级公立医院综合改革做法问题及建议.md              待审判有效后计数 (现待审 13,222,681)
[pool] +待审     501字 尼日利亚项目物资管理总结.md                      待审判有效后计数 (现待审 13,223,182)
[pool] 跳过 (重复): 工程建设监理与管理.md
[pool] +待审     466字 工程总承包合同风险分析与防范七工程价款的风险分析与防.md        待审判有效后计数 (现待审 13,223,648)
[pool] +待审     539字 工程总承包合同风险分析与防范四某项目EPC总承包中地.md        待审判有效后计数 (现待审 13,224,187)
[pool] 跳过 (重复): 建筑工程总承包项目管理中存在的问题及对策.md
[pool] +待审     506字 排放标准修订之惑专访中国电力企业联合会秘书长王志轩.md         待审判有效后计数 (现待审 13,224,693)
[pool] +待审     462字 探究水利工程施工管理中的安全和质量控制.md               待审判有效后计数 (现待审 13,225,155)
[pool] 跳过 (重复): 新加坡华语电视剧华人形象研究Astudyofet.md
[pool] +待审     410字 景与观黄山国际会议中心建筑方案设计思想.md               待审判有效后计数 (现待审 13,225,565)
[pool] 跳过 (重复): 机械制造领域中EC风机与联轴器直连风机的应用探讨.md
[pool] +待审   1,640字 汽车内饰设计中的可持续发展路径与挑战.md                待审判有效后计数 (现待审 13,227,205)
[pool] +待审     526字 测土配方施肥对油菜生产的影响基于1722份田间试验材料.md       待审判有效后计数 (现待审 13,227,731)
[pool] +待审     622字 生态网络创新中国科学院科学岛建设规划简介.md              待审判有效后计数 (现待审 13,228,353)
[pool] 跳过 (重复): 皖南重点生态功能区城镇化对碳收支的影响.md
[pool] +待审     511字 美国大学生以中文为目的语的海外实习研究.md               待审判有效后计数 (现待审 13,228,864)
[pool] +待审     582字 质量管理理念在烟气脱硫系统EPC总承包工程中的渗透策略探析.md     待审判有效后计数 (现待审 13,229,446)
[pool] +待审     427字 面向新世纪建设核电新高地上海市核电产业国产化能力调研报.md       待审判有效后计数 (现待审 13,229,873)
[pool] 跳过 (重复): 勘察设计协会2025年度南方地区勘察设计同业.md
[pool] 跳过 (重复): 勘察设计协会2026年度全国勘察设计同业协会.md
[pool] 跳过 (重复): 勘察设计协会中国勘察设计协会成立40周年庆祝.md
[pool] 跳过 (重复): 勘察设计协会勘察设计行业高质量发展大会在京召.md
[pool] +待审   5,915字 bidding2025年十大网站制作公司权威排名精选网站.md      待审判有效后计数 (现待审 13,235,788)
[pool] 跳过 (重复): bidding2026年政府工作报告解读中国政府网.md
[pool] 跳过 (重复): biddingBIM建筑网关注建筑行业BIM技术发展.md
[pool] 跳过 (重复): biddingEPCPCECEP分别是什么意思一图.md
[pool] 跳过 (重复): biddingEPCPPPBOTEOD都有啥区别.md
[pool] 跳过 (重复): biddingEPC工程总承包项目国内EPC发展现状为.md
[pool] +待审   3,736字 bidding中华网弘扬中华文化共创全球华人精神家园.md        待审判有效后计数 (现待审 13,239,524)
[pool] 跳过 (重复): bidding中国工程网工程行业门户.md
[pool] 跳过 (重复): bidding国家能源集团.md
[pool] +待审   5,242字 bidding工程项目管理EPC系统全套流程详细解读.md        待审判有效后计数 (现待审 13,244,766)
[pool] 跳过 (重复): bidding建设工程勘察设计管理条例.md
[pool] +待审   6,211字 bidding新浪网.md                        待审判有效后计数 (现待审 13,250,977)
[pool] +待审   6,456字 bidding新闻中心首页新浪网.md                  待审判有效后计数 (现待审 13,257,433)
[pool] +待审   2,714字 bidding柏克德中国工程有限公司profile.md         待审判有效后计数 (现待审 13,260,147)
[pool] +待审   2,862字 bidding柏克德中国工程有限公司爱企查.md             待审判有效后计数 (现待审 13,263,009)
[pool] 跳过 (重复): bidding电力北极星电力网电力门户网站.md
[pool] 跳过 (重复): bidding电力科技网.md
[pool] 跳过 (重复): BIM技术在建设工程项目管理中的应用研究免费.md
[pool] 跳过 (重复): EPC工程总承包项目全过程跟踪审计研究免费.md
[pool] 跳过 (重复): EPC建设项目中网格化管理的探讨及应用免费.md
[pool] 跳过 (重复): EPC总承包模式下工程造价的全过程协同管理研究免费.md
[pool] 跳过 (重复): EPC模式下建筑施工项目的全过程管理探讨免费.md
[pool] 跳过 (重复): EPC模式下浙江省海宁屋顶光伏并网项目风险管理研究免费.md
[pool] 跳过 (重复): EPC模式下铁路项目工程合同管理研究免费.md
[pool] 跳过 (重复): EPC联合体工程项目管理痛点剖析及对策免费.md
[pool] 跳过 (重复): 一种烟气脱硫塔内壁的防腐蚀装置免费.md
[pool] 跳过 (重复): 一种立式换热器管束检修用的快速移动装置免费.md
[pool] 跳过 (重复): 一种节能型高效径向甲醇反应器免费.md
[pool] 跳过 (重复): 一种适用于强放热反应的径向轴向复合式反应器免费.md
[pool] 跳过 (重复): 义乌江灯光亮化工程（一期）EPC总承包夜景照明工程赏析免费.md
[pool] 跳过 (重复): 人工智能赋能“工程项目管理”智慧课堂建设教学改革研究免费.md
[pool] 跳过 (重复): 以设计为龙头的海上风电工程总承包项目管理研究免费.md
[pool] 跳过 (重复): 全面质量管理在电力建设EPC项目中的应用及分析免费.md
[pool] 跳过 (重复): 冶金流程工程学理论指导下钢铁智能化探索与实践免费.md
[pool] 跳过 (重复): 国外大型油气建设项目管理模式研究及启示免费.md
[pool] 跳过 (重复): 国投湄洲湾第二发电厂EPC项目管理的创新与探索免费.md
[pool] 跳过 (重复): 基于BIM+GIS的铁路EPC项目施组进度一体化管理方法网络首发免费.md
[pool] 跳过 (重复): 基于EPC总承包模式的住宅建筑工程管理策略探究免费.md
[pool] 跳过 (重复): 基于博弈论组合赋权—模糊综合评价法的铁路EPC项目进度影响因素研究免费.md
[pool] 跳过 (重复): 基于层次分析法的高校新校区项目管理模式优选研究免费.md
[pool] 跳过 (重复): 基于平行分包模式的建筑工程EPC成本评估研究免费.md
[pool] 跳过 (重复): 基于数字化技术的电力工程总承包项目管理研究——以华南区域某燃机项目为例免费.md
[pool] 跳过 (重复): 基于神经网络的水煤浆气化炉炉温预测方法免费.md
[pool] 跳过 (重复): 基于财务共享的资金集中管理创新机制与经济后果研究——以中石化集团为例免费.md
[pool] 跳过 (重复): 大型水电工程建设管理模式创新免费.md
[pool] 跳过 (重复): 大语言模型在土木工程领域中的研究现状、挑战及趋势免费.md
[pool] 跳过 (重复): 安徽 印发住房城乡建设领域“人工智能+”行动方案免费.md
[pool] 跳过 (重复): 工程总承包与全过程工程咨询融合应用的价值、挑战与对策免费.md
[pool] 跳过 (重复): 建设单位EPC项目管理困境及提升路径研究免费.md
[pool] 跳过 (重复): 建设管理平台在城市轨道交通工程建设项目管理中的应用免费.md
[pool] 跳过 (重复): 招标人主体责任强化背景下企业合规管理数字化转型研究免费.md
[pool] 跳过 (重复): 探析水利水电工程项目管理模式免费.md
[pool] 跳过 (重复): 改革破局筑根基 追求卓越提效能——核理化院工程建设项目管理实践与探索免费.md
[pool] 跳过 (重复): 数智化赋能下石油工程建设EPC项目成本控制研究免费.md
[pool] 跳过 (重复): 新型建筑材料应用对工程项目管理与运维成本影响分析免费.md
[pool] 跳过 (重复): 昆明有色冶金设计研究院股份公司 红泥坡EPC项目获业主表扬 彰显总承包管理硬实力免费.md
[pool] 跳过 (重复): 构建EPCO一体化管理体系是建筑企业的终极目标——中国勘察设计企业蜕变为EPC工程总承包商的必然性免费.md
[pool] 跳过 (重复): 核电工程项目管理信息化研究与探索免费.md
[pool] 跳过 (重复): 水利水电工程EPC项目设计管理难点与对策免费.md
[pool] 跳过 (重复): 水利水电工程项目管理存在不足点及改进措施免费.md
[pool] 跳过 (重复): 浅析冶金工程项目质量管理存在的问题及对策免费.md
[pool] 跳过 (重复): 浅谈电力工程EPC总承包设计管理免费.md
[pool] 跳过 (重复): 济南出台新政助力建筑业高质量发展免费.md
[pool] 跳过 (重复): 海外EPC工程总承包项目的组织策划探讨免费.md
[pool] 跳过 (重复): 海外EPC联营项目管理“十大理念”内涵及落地实践免费.md
[pool] 跳过 (重复): 生成式人工智能赋能监管能力提升的内在逻辑及优化路径——基于公共资源交易领域案例的分析免费.md
[pool] 跳过 (重复): 电力工程EPC总承包模式下的财务协同管理策略探讨免费.md
[pool] 跳过 (重复): 省级电子招投标的现状分析与对策研究免费.md
[pool] 跳过 (重复): 石化行业铁路专用线实施EPC项目管理研究免费.md
[pool] 跳过 (重复): 自然语言处理模型与文本图像生成技术驱动下的包装设计免费.md
[pool] 跳过 (重复): 苦练内功 开拓创新免费.md
[pool] 跳过 (重复): 论冶金建设工程总承包中工程公司的费用与进度控制应用免费.md
[pool] 跳过 (重复): 设计主导EPC模式创新路径的深度探索免费.md
[pool] 跳过 (重复): 铁路工程EPC总承包项目业主与总承包商风险治理行为演化博弈研究免费.md
[pool] 跳过 (重复): 面向新工科的工程项目管理智慧课程建设路径研究免费.md
[pool] +待审   1,748字 dangdang21世纪高等学校规划教材电力工程项目管理.md      待审判有效后计数 (现待审 13,264,757)
[pool] 跳过 (重复): dangdangEPC工程总承包全过程管理李永福中国电.md
[pool] 跳过 (重复): dangdangEPC工程总承包全过程管理李永福等经管.md
[pool] 跳过 (重复): dangdangEPC工程总承包项目管理模板及操作实例.md
[pool] 跳过 (重复): dangdangEPC工程总承包项目管理模板及操作实例余时.md
[pool] 跳过 (重复): dangdang正版EPC工程总承包全过程管理中国电力.md
[pool] 跳过 (重复): dangdang正版EPC工程总承包全过程管理李永福.md
[pool] 跳过 (重复): dangdang正版书籍陆上风电场EPC项目履约创新与实.md
[pool] 跳过 (重复): dangdang正版陆上风电场EPC项目履约创新与实.md
[pool] 跳过 (重复): dangdang深入浅出4G网络LTEEPC.md
[pool] +待审   3,879字 dangdang电力工程基础第4版.md                 待审判有效后计数 (现待审 13,268,636)
[pool] +待审   2,267字 dangdang电力工程监理数智化建设中国电力出版社.md        待审判有效后计数 (现待审 13,270,903)
[pool] +待审   3,974字 dangdang电力工程第3版鞠平.md                 待审判有效后计数 (现待审 13,274,877)
[pool] +待审   1,094字 dangdang电力工程项目管理与成本核算.md             待审判有效后计数 (现待审 13,275,971)
[pool] 跳过 (重复): 深爬content117591102ht.md
[pool] 跳过 (重复): 深爬content35097880htm.md
[pool] 跳过 (重复): 深爬content35098342htm.md
[pool] 跳过 (重复): 深爬content76151953htm.md
[pool] 跳过 (重复): 深爬content76891246htm.md
[pool] 跳过 (重复): 深爬content76891258htm.md
[pool] 跳过 (重复): 深爬content76891272htm.md
[pool] 跳过 (重复): 深爬content76913922htm.md
[pool] 跳过 (重复): 深爬content77749990htm.md
[pool] 跳过 (重复): 深爬content77888669htm.md
[pool] 跳过 (重复): 深爬node7219999htm.md
[pool] 跳过 (重复): 深爬node7220017htm.md
[pool] 跳过 (重复): 深爬首页.md
[pool] 跳过 (重复): 生态环境部环评管理北京三线一单激活绿色发展新动.md
[pool] 跳过 (重复): 10亿美元三星加码AI基建英伟达已参与其中.md
[pool] +待审     210字 603727签下重大合同金额相当于去年营收.md             待审判有效后计数 (现待审 13,276,181)
[pool] 跳过 (重复): 上海电气首台套燃机中标马来西亚500MW级联合循环项目.md
[pool] 跳过 (重复): 中闽能源子公司联合体签订4165亿元EPC总承包合同.md
[pool] 跳过 (重复): 中闽能源控股子公司签订4165亿元EPC总承包合同.md
[pool] 跳过 (重复): 冠中生态联合体拟中标104亿元工程总承包项目.md
[pool] +待审     202字 冠中生态联合体拟中标104亿元项目.md                 待审判有效后计数 (现待审 13,276,383)
[pool] +待审     222字 同济科技全资子公司联合中标81亿元工程总承包项目.md          待审判有效后计数 (现待审 13,276,605)
[pool] 跳过 (重复): 四川造全国首个百兆瓦级压缩二氧化碳储能项目并网发电.md
[pool] +待审     170字 大禹节水联合体中标约752亿元龙江河谷灌区工程总承包项目.md      待审判有效后计数 (现待审 13,276,775)
[pool] +待审     216字 房贷利率直降1落地专家警示阴阳合同风险.md               待审判有效后计数 (现待审 13,276,991)
[pool] 跳过 (重复): 斥资10亿美元三星加码AI基建英伟达已参与其中.md
[pool] 跳过 (重复): 新华财经早报9月27日.md
[pool] +待审     156字 电气风电中标江苏国信东台海上风电项目.md                待审判有效后计数 (现待审 13,277,147)
[pool] +待审     237字 蜂助手签署近百亿元算力合同意在完善算力服务体系提示融资.md       待审判有效后计数 (现待审 13,277,384)
[pool] 跳过 (重复): 高毛利业务占比提升致营收下降利润增长中国瑞林上半年新签订单.md
[pool] 跳过 (重复): 全国公共资源交易平台新疆中标城乡工程咨询有限公司关于.md
[pool] +待审     766字 hbba行标目录EPC工程总承包全过程管理.md             待审判有效后计数 (现待审 13,278,150)
[pool] +待审     770字 hbba行标目录EPC工程总承包全过程管理中标.md           待审判有效后计数 (现待审 13,278,920)
[pool] +待审     774字 hbba行标目录EPC工程总承包项目管理手册及实.md          待审判有效后计数 (现待审 13,279,694)
[pool] +待审     778字 hbba行标目录EPC工程总承包项目管理模板及操.md          待审判有效后计数 (现待审 13,280,472)
[pool] +待审     760字 hbba行标目录EPC总承包市场分析.md                待审判有效后计数 (现待审 13,281,232)
[pool] +待审     750字 hbba行标目录EPC纵横.md                     待审判有效后计数 (现待审 13,281,982)
[pool] +待审     758字 hbba行标目录中国电力企业联合会.md                 待审判有效后计数 (现待审 13,282,740)
[pool] +待审     754字 hbba行标目录中国能建安徽院.md                   待审判有效后计数 (现待审 13,283,494)
[pool] +待审     812字 hbba行标目录中国能源建设集团安徽省电力设计院.md          待审判有效后计数 (现待审 13,284,306)
[pool] +待审     758字 hbba行标目录华南区域某燃机项目.md                 待审判有效后计数 (现待审 13,285,064)
[pool] +待审     762字 hbba行标目录华南区域某燃机项目中标.md               待审判有效后计数 (现待审 13,285,826)
[pool] +待审     746字 hbba行标目录安徽院.md                       待审判有效后计数 (现待审 13,286,572)
[pool] +待审     752字 hbba行标目录安徽院EPC.md                    待审判有效后计数 (现待审 13,287,324)
[pool] +待审     756字 hbba行标目录安徽院EPC案例.md                  待审判有效后计数 (现待审 13,288,080)
[pool] +待审     754字 hbba行标目录安徽院中标项目.md                   待审判有效后计数 (现待审 13,288,834)
[pool] +待审     754字 hbba行标目录安徽院经验亮点.md                   待审判有效后计数 (现待审 13,289,588)
[pool] +待审     750字 hbba行标目录安徽院项目.md                     待审判有效后计数 (现待审 13,290,338)
[pool] +待审     748字 hbba行标目录工程建设.md                      待审判有效后计数 (现待审 13,291,086)
[pool] +待审     758字 hbba行标目录工程总承包合同风险.md                 待审判有效后计数 (现待审 13,291,844)
[pool] +待审     762字 hbba行标目录海上风电工程总承包项目.md               待审判有效后计数 (现待审 13,292,606)
[pool] +待审     766字 hbba行标目录海上风电工程总承包项目中标.md             待审判有效后计数 (现待审 13,293,372)
[pool] +待审     772字 hbba行标目录深能高邮东部100MW风电场工程.md          待审判有效后计数 (现待审 13,294,144)
[pool] +待审     748字 hbba行标目录电力工程.md                      待审判有效后计数 (现待审 13,294,892)
[pool] +待审     762字 hbba行标目录电力工程EPC项目管理.md               待审判有效后计数 (现待审 13,295,654)
[pool] +待审     754字 hbba行标目录电力工程总承包.md                   待审判有效后计数 (现待审 13,296,408)
[pool] +待审     756字 hbba行标目录电力工程行业报告.md                  待审判有效后计数 (现待审 13,297,164)
[pool] +待审     754字 hbba行标目录电力设计产业链.md                   待审判有效后计数 (现待审 13,297,918)
[pool] +待审     760字 hbba行标目录电力设计总承包全过程.md                待审判有效后计数 (现待审 13,298,678)
[pool] +待审     768字 hbba行标目录长乐外海集中统一送出工程项目.md            待审判有效后计数 (现待审 13,299,446)
[pool] +待审     772字 hbba行标目录长乐外海集中统一送出工程项目中.md           待审判有效后计数 (现待审 13,300,218)
[pool] 跳过 (重复): 中国海诚互动易问答请问公司及其相关公司是否有糖相关业务.md
[pool] 跳过 (重复): 中粮科工互动易问答尊敬的董秘您好我是贵公司投资者金.md
[pool] 跳过 (重复): 中钢国际互动易问答尊敬的董秘您好7月30日政治局会议.md
[pool] 跳过 (重复): 奥克股份互动易问答董秘称不涉及超临界二氧化碳那么公司.md
[pool] 跳过 (重复): 广东建工互动易问答三亚崖州湾科技城的25亿项目中标.md
[pool] 跳过 (重复): 广东建工互动易问答贵州省夹岩水利枢纽及黔西北供水工程.md
[pool] 跳过 (重复): 广东建工互动易问答近半个月广东基建市场都呈火热的局面.md
[pool] 跳过 (重复): 建研设计互动易问答请问截至目前公司在手订单金额及同比.md
[pool] 跳过 (重复): 惠通科技互动易问答公司招股文件披露20212022.md
[pool] 跳过 (重复): 永清环保互动易问答请问贵司和其他环保股相比有啥核心的.md
[pool] 跳过 (重复): 立昂技术互动易问答公司在十五五算力网建设过程中公司有.md
[pool] 跳过 (重复): 鲁班奖名单20202021年度第一批中国.md
[pool] 跳过 (重复): 鲁班奖名单全国建筑市场监管公共服务平台.md
[pool] 跳过 (重复): 鲁班奖名单关于20202021年度第一批.md
[pool] +待审  10,625字 鲁班奖名单河南省的建筑三类人员管理系统.md               待审判有效后计数 (现待审 13,310,843)
[pool] +待审   1,506字 metaso_中国能源建设集团安徽省电力设计_scholar.md    待审判有效后计数 (现待审 13,312,349)
[pool] +待审   1,358字 metaso_作为供应链总监我必须盯着供应商_scholar.md    待审判有效后计数 (现待审 13,313,707)
[pool] +待审   1,074字 metaso_作为合规官我必须严查在EPC项_scholar.md    待审判有效后计数 (现待审 13,314,781)
[pool] +待审   1,297字 metaso_在EPC全链条中设计院如何平衡_scholar.md    待审判有效后计数 (现待审 13,316,078)
[pool] +待审     944字 metaso_在EPC总包业务中安徽省电力设_scholar.md    待审判有效后计数 (现待审 13,317,022)
[pool] +待审   1,126字 metaso_在EPC项目全生命周期中安徽省_scholar.md    待审判有效后计数 (现待审 13,318,148)
[pool] +待审     765字 metaso_在EPC项目全生命周期中该院如_scholar.md    待审判有效后计数 (现待审 13,318,913)
[pool] +待审     984字 metaso_在EPC项目全生命周期中贵司如_scholar.md    待审判有效后计数 (现待审 13,319,897)
[pool] +待审   1,356字 metaso_在海外EPC项目中贵司如何确保_scholar.md    待审判有效后计数 (现待审 13,321,253)
[pool] +待审     490字 metaso_在海外EPC项目中贵司如何通过_scholar.md    待审判有效后计数 (现待审 13,321,743)
[pool] +待审   1,572字 metaso_在海外EPC项目面临汇率波动与_scholar.md    待审判有效后计数 (现待审 13,323,315)
[pool] +待审     834字 metaso_安徽院EPC业务的核心竞争力是_scholar.md    待审判有效后计数 (现待审 13,324,149)
[pool] +待审     632字 metaso_安徽院在EPC业务中如何利用其_scholar.md    待审判有效后计数 (现待审 13,324,781)
[pool] +待审   1,882字 metaso_安徽院在EPC业务中如何利用数_scholar.md    待审判有效后计数 (现待审 13,326,663)
[pool] +待审   1,111字 metaso_安徽院在EPC业务中如何处理与_scholar.md    待审判有效后计数 (现待审 13,327,774)
[pool] +待审     840字 metaso_安徽院在EPC业务中如何应对原_scholar.md    待审判有效后计数 (现待审 13,328,614)
[pool] +待审     840字 metaso_安徽院在EPC业务中如何应对国_scholar.md    待审判有效后计数 (现待审 13,329,454)
[pool] +待审     672字 metaso_安徽院在EPC业务中如何应对新_scholar.md    待审判有效后计数 (现待审 13,330,126)
[pool] +待审     452字 metaso_安徽院在EPC业务中如何构建品_scholar.md    待审判有效后计数 (现待审 13,330,578)
[pool] +待审     434字 metaso_安徽院在EPC业务中如何通过投_scholar.md    待审判有效后计数 (现待审 13,331,012)
[pool] +待审   1,198字 metaso_安徽院在EPC业务中如何通过财_scholar.md    待审判有效后计数 (现待审 13,332,210)
[pool] +待审   1,175字 metaso_安徽院在EPC总承包项目中的合_scholar.md    待审判有效后计数 (现待审 13,333,385)
[pool] +待审   1,021字 metaso_安徽院在EPC项目交付过程中如_scholar.md    待审判有效后计数 (现待审 13,334,406)
[pool] +待审   1,664字 metaso_安徽院在EPC项目合同中如何通_scholar.md    待审判有效后计数 (现待审 13,336,070)
[pool] +待审   1,068字 metaso_安徽院在EPC项目执行中如何解_scholar.md    待审判有效后计数 (现待审 13,337,138)
[pool] +待审   1,221字 metaso_安徽院如何通过技术创新和设计优_scholar.md    待审判有效后计数 (现待审 13,338,359)
[pool] +待审   1,584字 metaso_面对业主提出的超低价中标或苛刻_scholar.md    待审判有效后计数 (现待审 13,339,943)
[pool] +待审     950字 metaso_面对业主方压价该院的EPC项目_scholar.md    待审判有效后计数 (现待审 13,340,893)
[pool] +待审     789字 metaso_面对业主方日益严格的合规与融资_scholar.md    待审判有效后计数 (现待审 13,341,682)
[pool] +待审   1,045字 metaso_面对业主方日益严苛的工期与合规_scholar.md    待审判有效后计数 (现待审 13,342,727)
[pool] +待审   1,147字 metaso_面对日益严苛的环保与安全法规贵_scholar.md    待审判有效后计数 (现待审 13,343,874)
[pool] 跳过 (重复): 商务部2026年18月我国全行业对外直接.md
[pool] 跳过 (重复): 商务部2026年18月我国对共建一带一.md
[pool] 跳过 (重复): 商务部2026年18月我国对外劳务合作业.md
[pool] 跳过 (重复): 商务部2026年18月我国对外承包工程业.md
[pool] 跳过 (重复): 商务部商务部国家统计局和国家外汇局联合发.md
[pool] 跳过 (重复): 住建部2026年世界城市日全球主场活动.md
[pool] 跳过 (重复): 住建部国务院政策例行吹风会切实做好保.md
[pool] 跳过 (重复): 住建部国新办举行开局起步十五五.md
[pool] 跳过 (重复): 发改委政策通知关于重要工业品低价无序竞争成本核.md
[pool] 跳过 (重复): 发改委项目批复关于内蒙古纳林河矿区陶忽图煤矿项.md
[pool] 跳过 (重复): 发改委项目批复关于惠州液化天然气接收站项目核准.md
[pool] 跳过 (重复): 发改委项目批复关于陕西榆横矿区南区海则滩煤矿项.md
[pool] 跳过 (重复): 发改委项目批复关于陕西榆横矿区南区海测滩煤矿项.md
[pool] 跳过 (重复): 国家能源局完善防灾应急体系提升抢险处置能.md
[pool] 跳过 (重复): 国家核安全局大国正确相处的新路就在脚下.md
[pool] +待审     377字 OFAC筛查台账.md                          待审判有效后计数 (现待审 13,344,251)
[pool] +待审     413字 Panjiva提单证据AECOM.md                  待审判有效后计数 (现待审 13,344,664)
[pool] 跳过 (重复): patent捷可勃斯夹头制造苏州有限公司.md
[pool] 跳过 (重复): patent柏克德中国工程有限公司爱企查.md
[pool] +待审   5,771字 patent长乐新闻网长乐区互联网新闻中心.md             待审判有效后计数 (现待审 13,350,435)
[pool] +待审     232字 吉林天能电力工程机械有限公司新厂排污许可证91220.md        待审判有效后计数 (现待审 13,350,667)
[pool] +待审     220字 宁波富仕达电力工程有限责任公司排污许可证91330206.md      待审判有效后计数 (现待审 13,350,887)
[pool] 跳过 (重复): 山西宁盛工程建设有限公司排污许可证91141129724.md
[pool] 跳过 (重复): 巴楚县鹿达通工程建设有限公司排污许可证91653130M.md
[pool] 跳过 (重复): 广西中天工程建设集团有限公司柳城县六塘镇污水处理厂排污.md
[pool] +待审     227字 廊坊明源电力工程有限公司安次分公司排污许可证911310.md      待审判有效后计数 (现待审 13,351,114)
[pool] 跳过 (重复): 敦煌市鸿睿路桥工程建设有限公司排污许可证91620982.md
[pool] +待审     235字 日照阳光合源电力工程有限公司五莲县分公司排污许可证913.md      待审判有效后计数 (现待审 13,351,349)
[pool] 跳过 (重复): 武穴市诚信路桥工程建设有限责任公司排污许可证914211.md
[pool] 跳过 (重复): 汉中汉东工程建设有限公司排污许可证91610727MA6.md
[pool] 跳过 (重复): 江阴市交通工程建设有限公司排污许可证9132028171.md
[pool] +待审     217字 沁阳市东兴电力工程有限公司排污许可证91410882MA.md      待审判有效后计数 (现待审 13,351,566)
[pool] 跳过 (重复): 湖南省富厚交通工程建设有限公司双峰分公司排污许可证914.md
[pool] 跳过 (重复): 荣成好当家工程建设有限公司排污许可证91371082MA.md
[pool] 跳过 (重复): 陕西环境工程建设子长水处理有限公司排污许可证9161.md
[pool] +待审   6,715字 policyAI工具完全指南2026ChatGPT.md         待审判有效后计数 (现待审 13,358,281)
[pool] 跳过 (重复): policyBIM中文官网你的BIM网址导航.md
[pool] +待审   1,202字 policyBIM入门到精通教程我要自学网.md             待审判有效后计数 (现待审 13,359,483)
[pool] 跳过 (重复): policydigital的解释和发音欧路词典英汉.md
[pool] +待审   3,987字 policyGitHub排行榜Top200热门开源.md         待审判有效后计数 (现待审 13,363,470)
[pool] 跳过 (重复): policyinfrastructure是什么infr.md
[pool] 跳过 (重复): policy中国工程科学CAE.md
[pool] +待审   6,088字 policy中国新闻网梳理天下新闻.md                 待审判有效后计数 (现待审 13,369,558)
[pool] +待审   4,135字 policy中国网网上中国.md                     待审判有效后计数 (现待审 13,373,693)
[pool] 跳过 (重复): policy什么是BIM建筑信息模型Autode.md
[pool] 跳过 (重复): policy住房和城乡建设部国家发展改革委关于印发房屋建筑.md
[pool] 跳过 (重复): policy关于印发新型能源体系建设十五五规划的通.md
[pool] 跳过 (重复): policy北京上海深圳广州AECOM毕业生到.md
[pool] +待审   2,264字 policy千问阿里Qwen大模型打造的AI对话助手.md        待审判有效后计数 (现待审 13,375,957)
[pool] 跳过 (重复): policy国家发展改革委召开十五五规划纲要重大.md
[pool] +待审   5,537字 policy国家能源局.md                       待审判有效后计数 (现待审 13,381,494)
[pool] +待审   1,571字 policy大皖新闻安徽网安徽省重点新闻网站.md            待审判有效后计数 (现待审 13,383,065)
[pool] +待审   5,232字 policy工程项目管理EPC系统全套流程详细解读含.md        待审判有效后计数 (现待审 13,388,297)
[pool] 跳过 (重复): policy建筑时报雅各布斯世界顶尖的国际工程公司.md
[pool] +待审   4,738字 policy直观基础三维动画图片展示锅炉结构从锅炉.md         待审判有效后计数 (现待审 13,393,035)
[pool] 跳过 (重复): policy福州市长乐区人民政府.md
[pool] 跳过 (重复): policy能源的饭碗必须端在自己手里我国加快能源.md
[pool] 跳过 (重复): policy能源频道.md
[pool] +待审     745字 policy超35亿元500MW海上风电EPC项目中标公.md      待审判有效后计数 (现待审 13,393,780)
[pool] +待审   6,358字 policy锅炉设备及运行含资料国家级精品课全1.md          待审判有效后计数 (现待审 13,400,138)
[pool] +待审   5,804字 policy长乐新闻网长乐区互联网新闻中心.md             待审判有效后计数 (现待审 13,405,942)
[pool] 跳过 (重复): 国家铁路局国家铁路局关于印发国家铁路局铁.md
[pool] 跳过 (重复): 国家铁路局国家铁路局关于印发铁路交通重大.md
[pool] 跳过 (重复): 市场监管总局市场监管总局发布宿迁市商品混凝土.md
[pool] +待审   1,578字 中石化招标公告索引.md                         待审判有效后计数 (现待审 13,407,520)
[pool] +待审   3,188字 standardAI能力体验中心Demo中心.md            待审判有效后计数 (现待审 13,410,708)
[pool] +待审     571字 standardAntDesign一个UI设计语.md          待审判有效后计数 (现待审 13,411,279)
[pool] +待审   1,277字 standardArcoDesign企业级产品的完整设.md       待审判有效后计数 (现待审 13,412,556)
[pool] 硬拒 snippet-only (serp_shape): standardDigital电路仿真软件的安装digi.md — 全文腿取回后再入池
[pool] 跳过 (重复): standardEngineeringCAE.md
[pool] 跳过 (重复): standardinfrastructure是什么in.md
[pool] 跳过 (重复): standardpower是什么意思power怎么读p.md
[pool] +待审   7,936字 standard以法律视角解读24清单标准七大变化和.md        待审判有效后计数 (现待审 13,420,492)
[pool] 跳过 (重复): standard住房城乡建设部关于发布国家标准建设项目工.md
[pool] +待审   1,867字 standard勘察与勘查的区别附对比图表.md             待审判有效后计数 (现待审 13,422,359)
[pool] 跳过 (重复): standard勘察与勘查的区别附对比图表百度文库.md
[pool] +待审     761字 standard国家标准GBT319972015.md          待审判有效后计数 (现待审 13,423,120)
[pool] +待审   5,174字 standard工程项目管理EPC系统全套流程详细解读.md       待审判有效后计数 (现待审 13,428,294)
[pool] +待审   6,771字 standard建设项目工程总承包合同标准合同模板.md         待审判有效后计数 (现待审 13,435,065)
[pool] 跳过 (重复): standard建设项目工程总承包管理规范GBT5035.md
[pool] +待审     615字 standard建设项目工程总承包管理规范百度文.md          待审判有效后计数 (现待审 13,435,680)
[pool] +待审   1,530字 standard新国标发布工程总承包管理升级及其实施策略.md      待审判有效后计数 (现待审 13,437,210)
[pool] 跳过 (重复): standard新浪网.md
[pool] 跳过 (重复): standard新闻中心首页新浪网.md
[pool] +待审   8,033字 standard电力工程建设规范标准版docx.md           待审判有效后计数 (现待审 13,445,243)
[pool] +待审   2,190字 standard电力工程建设规范标准版docx原创.md         待审判有效后计数 (现待审 13,447,433)
[pool] +待审     769字 standard电力工程建设规范标准版百度文库.md           待审判有效后计数 (现待审 13,448,202)
[pool] +待审     718字 standard电力工程建设项目管理规程标准版百.md          待审判有效后计数 (现待审 13,448,920)
[pool] +待审     834字 standard电力工程建设项目管理规范标准版百.md          待审判有效后计数 (现待审 13,449,754)
[pool] +待审     712字 standard电力工程项目建设与管理规范标准版.md          待审判有效后计数 (现待审 13,450,466)
[pool] +待审   2,184字 standard电力工程项目建设与管理规范标准版20.md        待审判有效后计数 (现待审 13,452,650)
[pool] +待审   6,494字 standard电力网电力网.md                    待审判有效后计数 (现待审 13,459,144)
[pool] +待审   4,336字 standard百度AI开放平台全球领先的人工智能服务平.md      待审判有效后计数 (现待审 13,463,480)
[pool] +待审   1,002字 standard行业标准全国标准信息公共服务平台.md          待审判有效后计数 (现待审 13,464,482)
[pool] +待审   1,206字 video1400012.md                      待审判有效后计数 (现待审 13,465,688)
[pool] +待审   5,431字 video175900242.md                    待审判有效后计数 (现待审 13,471,119)
[pool] +待审   1,179字 video2026年蚌埠市跨学科培训项目已完成速度学起来.md      待审判有效后计数 (现待审 13,472,298)
[pool] +待审   1,007字 video24万2185741.md                   待审判有效后计数 (现待审 13,473,305)
[pool] +待审   5,439字 video40电力工程小心反送电.md                  待审判有效后计数 (现待审 13,478,744)
[pool] +待审   1,046字 video电力工程基础32学时.md                   待审判有效后计数 (现待审 13,479,790)
[pool] 跳过 (重复): AI造价与商务小栗札记0112很多企业应用AI.md
[pool] 跳过 (重复): IntlEng黄EPC工程风险管理手册EPC破局术06.md
[pool] 跳过 (重复): SEPCOIII微视界国庆献礼沙特卡西姆EPC项目举.md
[pool] 跳过 (重复): SEPCOIII微视界国庆献礼沙特拉比格四期海水淡化.md
[pool] 跳过 (重复): 上海住房城乡建设管理上海完整社区建设实践案例科技赋能.md
[pool] 跳过 (重复): 上海住房城乡建设管理加强预售管理有序实施现房销售上海.md
[pool] 跳过 (重复): 上海住房城乡建设管理国庆首日陈华文书记检查热线值守保障.md
[pool] 跳过 (重复): 上海住房城乡建设管理提示2026年度华夏建设科学技.md
[pool] 跳过 (重复): 上海住房城乡建设管理聚焦第二届全国住房城乡建设行业职.md
[pool] 跳过 (重复): 世纪新能源网1165亿云南160MW光伏项目.md
[pool] 跳过 (重复): 世纪新能源网224元瓦云南180MWp光伏.md
[pool] 跳过 (重复): 世纪新能源网275元W福建104MW光伏项.md
[pool] 跳过 (重复): 世纪新能源网29元W山西300MW光伏基地.md
[pool] 跳过 (重复): 世纪新能源网550MW一光伏项目获备案.md
[pool] +待审   1,842字 世纪新能源网55GW光伏治沙项目落地.md                待审判有效后计数 (现待审 13,481,632)
[pool] 跳过 (重复): 世纪新能源网中国各区域弃风弃光情况分析及投资风险.md
[pool] 跳过 (重复): 世纪新能源网河南120MW光伏项目开工.md
[pool] 跳过 (重复): 世纪新能源网西藏4GW光伏项目EPC招标.md
[pool] 跳过 (重复): 中冶南方工程技术有限公司党旗飘扬党徽闪光公司2025年.md
[pool] 跳过 (重复): 中国交建一航局构建大供应链管理格局推动高质量.md
[pool] 跳过 (重复): 中国交建专访重构中交集团大供应链管理体.md
[pool] 跳过 (重复): 中国交建建设科技创新型中交畅谈大.md
[pool] +待审   1,330字 中国光伏行业协会CPIA人才冰火两重天光伏这道题怎么.md        待审判有效后计数 (现待审 13,482,962)
[pool] 跳过 (重复): 中国光伏行业协会CPIA涉及光伏工信部等七部门联合印发.md
[pool] 跳过 (重复): 中国公路建设行业协会行业协会商会等社会组织领域负责人任职.md
[pool] +待审   1,558字 中国化学天辰公司一网一格见真章中国化学天辰公司教.md          待审判有效后计数 (现待审 13,484,520)
[pool] +待审   2,221字 中国化学天辰公司礼赞华诞筑梦前行签约中国化.md             待审判有效后计数 (现待审 13,486,741)
[pool] 跳过 (重复): 中国对外承包工程商会行业协会商会等社会组织领域负责人任职.md
[pool] 跳过 (重复): 中国工程咨询协会行业协会商会等社会组织领域负责人任职.md
[pool] 跳过 (重复): 中国建筑业行业协会商会等社会组织领域负责人任职.md
[pool] 跳过 (重复): 中国建筑单广袖赴新加坡调研中建南洋公司及重点.md
[pool] 跳过 (重复): 中国建设工程造价管理协会行业协会商会等社会组织领域负责人任.md
[pool] 跳过 (重复): 中国建设报中共中央办公厅国务院办公厅印发文.md
[pool] 跳过 (重复): 中国建设报提升物业服务质量实践陕西西安.md
[pool] 跳过 (重复): 中国招标投标协会行业协会商会等社会组织领域负责人任职.md
[pool] 跳过 (重复): 中国政府采购杂志中标成交结果无效可以顺延中标.md
[pool] 跳过 (重复): 中国核协行业协会商会等社会组织领域负责人任职.md
[pool] 跳过 (重复): 中国水事求是杂志发表习近平总书记重要文章.md
[pool] 跳过 (重复): 中国环保产业协会行业协会商会等社会组织领域负责人任职.md
[pool] +待审   2,586字 中国电力报人造太阳BEST核心部件批量交付.md             待审判有效后计数 (现待审 13,489,327)
[pool] 跳过 (重复): 中国能源报国家重大工程项目取得重要进展.md
[pool] 跳过 (重复): 中建政研集团以水网为基织就六网融合新图景水.md
[pool] 跳过 (重复): 中指研究院2026年19月中国房企销售业绩解.md
[pool] 跳过 (重复): 中机企协行业协会商会等社会组织领域负责人任职.md
[pool] 跳过 (重复): 光伏产业网官微315MW光伏项目并网全部采用隆基.md
[pool] 跳过 (重复): 光伏产业网官微450MW天合光能供货海外光伏项目.md
[pool] 跳过 (重复): 光伏产业网官微60MW光伏场区EPC总承包招标.md
[pool] 跳过 (重复): 光伏产业网官微中广核20MW光伏项目环评公示.md
[pool] +待审     670字 光伏产业网官微中广核华电华能中电建齐聚5.md              待审判有效后计数 (现待审 13,489,997)
[pool] 跳过 (重复): 光伏产业网官微云南30MW光伏项目环评拟审查公示.md
[pool] 跳过 (重复): 光伏产业网官微国能浙江45MW光伏项目EPC公开招.md
[pool] 跳过 (重复): 光伏产业网官微大唐集团4GW藏东南光伏基地EP.md
[pool] 跳过 (重复): 光伏产业网官微总投资39亿重庆100MW光伏项.md
[pool] 跳过 (重复): 光伏盒子226元W厦门383MW分布.md
[pool] 跳过 (重复): 光伏盒子先导智能300450高管及个人简.md
[pool] 跳过 (重复): 光伏盒子光伏电站的建设与施工培训pdf.md
[pool] 跳过 (重复): 光伏盒子剥离光伏国央企集体撤退.md
[pool] 跳过 (重复): 光伏盒子北京336MW分布式光伏EPC招标.md
[pool] 跳过 (重复): 光伏盒子十五五点名光伏又一个大市场来了.md
[pool] 跳过 (重复): 光伏盒子千名伙伴赴约签约热度不减阳光新能.md
[pool] 跳过 (重复): 光伏盒子国庆福利全套光储测算资料包免费领.md
[pool] 跳过 (重复): 光伏盒子大唐西藏4GW光伏项目EPC招标.md
[pool] 跳过 (重复): 光伏盒子山西废止15GW风光项目指标.md
[pool] 跳过 (重复): 光伏盒子干货分享丨50万千瓦光伏项目绿电直连.md
[pool] 跳过 (重复): 光伏盒子干货分享丨光伏发电工程专业设计计算表.md
[pool] 跳过 (重复): 光伏盒子拓日新能002218SZ高管及.md
[pool] 跳过 (重复): 光伏盒子来这里云南光伏储能交流群聊.md
[pool] 跳过 (重复): 光伏盒子海南2026年新版机制竞价实施细则.md
[pool] 跳过 (重复): 光伏盒子生态环境部退役光伏组件按照工业固.md
[pool] 跳过 (重复): 光伏盒子补超4亿光伏34土地两.md
[pool] 跳过 (重复): 全联新能源NEX2026国轩高科王启岁以.md
[pool] 跳过 (重复): 北京石油化工工程有限公司北油工程总承包泰安新宁智慧管廊项目.md
[pool] 跳过 (重复): 北京石油化工工程有限公司国庆项目展播凯越煤化50万吨.md
[pool] 跳过 (重复): 北京石油化工工程有限公司盛世华诞礼赞祖国.md
[pool] 跳过 (重复): 北极星工商业储能分享丨200MW800MWh独立储.md
[pool] 跳过 (重复): 北极星风力发电网国内首个采用混塔技术的海上风电场建成.md
[pool] +待审   4,552字 北极星风力发电网国内首座260米构架式风机塔架亮相.md         待审判有效后计数 (现待审 13,494,549)
[pool] +待审   3,192字 北极星风力发电网贵州下达143万千瓦风光项目建设计划.md        待审判有效后计数 (现待审 13,497,741)
[pool] 跳过 (重复): 华设设计集团华设热闻丨集团开展金秋九月AI系列科.md
[pool] 跳过 (重复): 向洋看世界国际设计咨询公司动态控制权退出价.md
[pool] 跳过 (重复): 和君商学你不需要成为医生但需要读懂自己的基.md
[pool] 跳过 (重复): 和君商学毛利高过爱马仕中国最会赚钱的男装.md
[pool] 跳过 (重复): 和君商学祝福祖国生日快乐繁荣昌盛.md
[pool] 跳过 (重复): 哈佛商业评论AI能做什么伊利把答案放进了一杯牛.md
[pool] +待审   4,386字 哈佛商业评论别等被裁才后悔这4件事现在做就是.md            待审判有效后计数 (现待审 13,502,127)
[pool] +待审   5,481字 哈佛商业评论实体店还在可旧的卖货逻辑已经失效.md            待审判有效后计数 (现待审 13,507,608)
[pool] 跳过 (重复): 哈佛商业评论当模型能力逐渐拉平企业靠什么拉开差.md
[pool] +待审   3,990字 哈佛商业评论新领导的第一课别急着立规矩先看懂.md            待审判有效后计数 (现待审 13,511,598)
[pool] +待审   1,729字 喝彩四院捷报频传新能源四元佳绩献礼国庆.md               待审判有效后计数 (现待审 13,513,327)
[pool] 跳过 (重复): 国家电力投资集团有限公司国家电投集团举办第一届青年创新A.md
[pool] +待审   3,722字 国家电网报打造新型电力系统四川样本.md                 待审判有效后计数 (现待审 13,517,049)
[pool] 跳过 (重复): 国际工程与劳务杂志巴西新能源EPC项目风险识别与防控.md
[pool] 跳过 (重复): 国际工程与劳务杂志紧密型联营模式下海外EPC项目管理核.md
[pool] 跳过 (重复): 国际工程与境外投资中亚地区的央企足迹.md
[pool] +待审     660字 国际工程与境外投资海外项目经理修炼手册下.md              待审判有效后计数 (现待审 13,517,709)
[pool] +待审   1,672字 大成律师事务所新闻响应律师法修订深耕涉外法.md             待审判有效后计数 (现待审 13,519,381)
[pool] 跳过 (重复): 工程行业大脑1500万悬案揭秘无效合同竟吃定工.md
[pool] 跳过 (重复): 工程行业大脑794亿大单亏300万中国移动限.md
[pool] 跳过 (重复): 工程行业大脑AI研发采购15超支惊悚揭秘工.md
[pool] 跳过 (重复): 工程行业大脑三林楔形绿地65生态用地总包如何.md
[pool] 跳过 (重复): 工程行业大脑中资矿企海外合规风险损失10亿A.md
[pool] +待审     704字 工程行业大脑城市更新资金断裂风险超90970.md            待审判有效后计数 (现待审 13,520,085)
[pool] 跳过 (重复): 工程行业大脑建工新规下180万赔偿案惊曝造价.md
[pool] 跳过 (重复): 工程行业大脑总包项目计税误区9成风险AI助建筑.md
[pool] 跳过 (重复): 工程行业大脑放下双手才能抬起双眼老张转型失败.md
[pool] +待审     406字 广东省电力设计研究院有一抹红穿越历史而来.md              待审判有效后计数 (现待审 13,520,491)
[pool] 跳过 (重复): 建筑工程大全中国电建大爆发强势中标27亿EPC.md
[pool] 跳过 (重复): 建筑工程大全中铁联合体中标10亿EPC大单.md
[pool] 跳过 (重复): 建筑技术杂志社BIM三维扫描技术在异型钢结构幕墙.md
[pool] +待审   1,782字 建纬昆明律师事务所我所邹卫华律师受邀为景洪城投开展建.md        待审判有效后计数 (现待审 13,522,273)
[pool] +待审  10,965字 建纬福州律师事务所建工司法解释二实战指南对实际施.md          待审判有效后计数 (现待审 13,533,238)
[pool] 跳过 (重复): 总包说113亿项目中标秘诀AI助力中.md
[pool] 跳过 (重复): 总包说15亿超概危机招标文件深度不足.md
[pool] 跳过 (重复): 总包说18亿质押取水权河南水务融资大逆.md
  … 6000 件 (跳 0)
[pool] 跳过 (重复): 总包说21份合同清单揭秘漏签一份结算少.md
[pool] 跳过 (重复): 总包说2264亿诉讼背后边设计边施工的.md
[pool] 跳过 (重复): 总包说50亿项目背后统筹平台定标准三林.md
[pool] 跳过 (重复): 总包说AI助挽回12亿损失沙特光伏项目.md
[pool] 跳过 (重复): 总包说EPC联营体沙特项目亏损揭秘12.md
[pool] 跳过 (重复): 总包说EPC项目亏1700万总价上限争议.md
[pool] 跳过 (重复): 总包说工程人必看AI应用四大误区揭秘实.md
[pool] 跳过 (重复): 总包说巴西EPC合同陷阱重重45利润率.md
[pool] 跳过 (重复): 总包说巴西EPC风险高815中国承包.md
[pool] 跳过 (重复): 总包说政府项目违规举债百万损失如何防.md
[pool] 跳过 (重复): 总包说签证漏签28天决定2800万窝工.md
[pool] 跳过 (重复): 新基建通21亿福建大项目中标了.md
[pool] 跳过 (重复): 新基建通2个标首都地区环线高速公路招标.md
[pool] 跳过 (重复): 新基建通3亿中铁建工在河北中标了.md
[pool] 跳过 (重复): 新基建通4亿中建八局中标了.md
[pool] 跳过 (重复): 新基建通4亿中铁四局在江苏中标了.md
[pool] 跳过 (重复): 新基建通5个标南水北调中线项目中标结果.md
[pool] 跳过 (重复): 新基建通5亿中国能建葛洲坝中标了.md
[pool] 跳过 (重复): 新基建通5亿山东项目招标.md
[pool] 跳过 (重复): 新基建通6亿安徽项目中标了.md
[pool] 跳过 (重复): 新基建通8亿中建在河南中标了.md
[pool] 跳过 (重复): 新基建通9个标青藏铁路项目中标结果.md
[pool] 跳过 (重复): 新基建通9亿中铁十五局中标了.md
[pool] 跳过 (重复): 新基建通中建集团斩获8亿大标中建七局中建.md
[pool] 跳过 (重复): 新基建通合肥绕城高速公路中标结果.md
[pool] 跳过 (重复): 新基建通大连港码头工程中标结果.md
[pool] 跳过 (重复): 新基建通山东省近5亿大标发榜中铁十五局联合.md
[pool] 跳过 (重复): 新基建通徐州轨道交通4号线中标结果.md
[pool] 跳过 (重复): 新基建通总投资73亿安荣合高速公路中标结果.md
[pool] 跳过 (重复): 新基建通标书骨干一离职公司就断档真正靠谱.md
[pool] 跳过 (重复): 新基建通狮子洋通道项目中标结果.md
[pool] 跳过 (重复): 施工企业项目管理城市更新贷款管理办法落地满月九道门.md
[pool] 跳过 (重复): 施工技术国庆好文特辑工程建设行业生成式.md
[pool] 跳过 (重复): 智汇光伏199亿元中能建中标200MW园.md
[pool] 跳过 (重复): 智汇光伏29元W华电山西300MW光伏.md
[pool] +待审     588字 智汇光伏55GW内蒙古阿拉善光伏治沙项目.md              待审判有效后计数 (现待审 13,533,826)
[pool] +待审     719字 智汇光伏东方电气转让浙江光能公司100股.md              待审判有效后计数 (现待审 13,534,545)
[pool] 跳过 (重复): 智汇光伏云南能源集团开远市200MW源网荷.md
[pool] 跳过 (重复): 智汇光伏国家电投云南200MW光伏项目并网.md
[pool] 跳过 (重复): 智汇光伏国能集团鲁北基地500MW光伏EP.md
[pool] 跳过 (重复): 智汇光伏大唐云南120MW光伏项目开工.md
[pool] 跳过 (重复): 智汇光伏大唐集团西藏4GW光伏项目EPC招.md
[pool] 跳过 (重复): 每日风电210MW中电建万宁漂浮式海上风.md
[pool] 跳过 (重复): 每日风电大唐600MW风电项目开标这三家整.md
[pool] 跳过 (重复): 每日风电明阳预中标华电470MW风电项目.md
[pool] +待审   1,517字 每日风电贵州下发143GW风光项目指标国.md              待审判有效后计数 (现待审 13,536,062)
[pool] 跳过 (重复): 每日风电风标委年会凝聚共识寻找规则最大公约.md
[pool] 跳过 (重复): 每日风电风电13GW光伏23GW中广核计.md
[pool] 跳过 (重复): 水利天下李君廷老旧水库改造提升前期工作的机.md
[pool] +待审     575字 水投策论十五五时期水网建设部分主要指标发.md              待审判有效后计数 (现待审 13,536,637)
[pool] 跳过 (重复): 江苏省储能行业协会七部门到2030年全固态电池初步.md
[pool] 跳过 (重复): 江苏省储能行业协会七部门联合发文钠电池从鼓励探索.md
[pool] +待审   4,854字 江苏省储能行业协会微电网管理员到底管什么江苏80.md          待审判有效后计数 (现待审 13,541,491)
[pool] 跳过 (重复): 江苏省储能行业协会江西独立储能管理年调度350次.md
[pool] +待审   2,608字 江荣卿被多边开发银行拉黑中国承包商还.md                待审判有效后计数 (现待审 13,544,099)
[pool] 跳过 (重复): 河南省建筑业协会质量月大讲堂2026质量月.md
[pool] 跳过 (重复): 河南省电力企业协会七部门关于印发新型电池产业发展十.md
[pool] 跳过 (重复): 河南省电力企业协会信用专栏三门峡灵宝市开展推进.md
[pool] 跳过 (重复): 海天工程咨询山河万里海天同声.md
[pool] 跳过 (重复): 湖北省勘察设计协会转发行业协会商会等社会组织领域负责.md
[pool] 跳过 (重复): 石化行业走出去联盟国务院国资委详解央企十五五规划.md
[pool] 跳过 (重复): 立方数据学社会员专享数据2026年我国省市县.md
[pool] 跳过 (重复): 老万工程咨询工程咨询行业快讯2026930.md
[pool] 跳过 (重复): 能源知库中天合创项目中标.md
[pool] 跳过 (重复): 能源知库天辰公司签署项目EPCC合同.md
[pool] 跳过 (重复): 西北电力设计院开工内蒙古库布齐沙漠送电上海工程.md
[pool] 跳过 (重复): 规划师杂志政策资讯完善绿色低碳认证体系助.md
[pool] 跳过 (重复): 走出去情报天合光能供货越南450MW漂浮光伏项.md
[pool] 跳过 (重复): 造价人家园EPC项目亏1700万总价上限争议.md
[pool] 跳过 (重复): 造价人家园箱式支护对比拉森钢板桩费用节省约6.md
[pool] 跳过 (重复): 项目管理思维导图前置预判项目风险告别被动救火式管理.md
[pool] 跳过 (重复): 项目管理思维导图规范问题闭环管理事事有回音件件有着.md
[pool] 跳过 (重复): 风电头条4600元kW山西50MW驭风.md
[pool] 跳过 (重复): 风电头条华电预中选云南292MW风电项目.md
[pool] 跳过 (重复): 风电头条新疆能源集团15GW风电机组集采招.md
[pool] 跳过 (重复): 风电头条涉及中国能建金钛股份辽宁公示25.md
[pool] +待审   1,812字 风电头条贵州下达143GW风光指标国家电.md              待审判有效后计数 (现待审 13,545,911)
[pool] 跳过 (重复): 风能专委会CWEA特斯拉在欧洲供货比利时将建700M.md
[pool] +待审     936字 高登项目管理某建工集团工程项目管理场景化沙盘模.md           待审判有效后计数 (现待审 13,546,847)
[pool] 跳过 (重复): 高登项目管理高登项目管理2026年国庆祝福.md
[pool] +待审   6,878字 框架v1.md                              待审判有效后计数 (现待审 13,553,725)
[pool] +待审  13,033字 框架v1_生成指令.md                         待审判有效后计数 (现待审 13,566,758)
[pool] +待审  62,478字 洞察包.md                               待审判有效后计数 (现待审 13,629,236)
[pool] +待审  25,020字 报告框架.md                              待审判有效后计数 (现待审 13,654,256)
[pool] +待审   1,515字 第1章_绪论 研究缘起、方法与价值_v2.md              待审判有效后计数 (现待审 13,655,771)
[pool] +待审   1,925字 第2章_中国能源建设集团安徽省电力设计院 企业画像与基本盘_v2.md  待审判有效后计数 (现待审 13,657,696)
[pool] +待审   2,544字 第3章_中国能源建设集团安徽省电力设计院的发展沿革与战略演进_v2.md 待审判有效后计数 (现待审 13,660,240)
[pool] +待审   2,784字 第4章_中国能源建设集团安徽省电力设计院的经营策略与市场打法_v2.md 待审判有效后计数 (现待审 13,663,024)
[pool] +待审   5,246字 第5章_市场全景 规模、中标与竞争格局_v2.md            待审判有效后计数 (现待审 13,668,270)
[pool] 跳过 (重复): background.js.LICENSE.txt
[pool] 跳过 (重复): content.js.LICENSE.txt
[pool] 跳过 (重复): main.js.LICENSE.txt
[pool] 跳过 (重复): options.js.LICENSE.txt
[pool] 跳过 (重复): params.js.LICENSE.txt
[pool] 跳过 (重复): workflow.js.LICENSE.txt
[pool] +待审  38,305字 nb_alchemy_cache.md                  待审判有效后计数 (现待审 13,706,575)
[pool] +待审   1,649字 研究报告需求.txt                           待审判有效后计数 (现待审 13,708,224)
[pool] 跳过 (重复): 1442_中国能源建设集团广东火电工程有限公司、广东建安消防机电工程有限公司第九分公司建设工程施工合同纠纷二审民事判决书.docx.docx
[pool] 跳过 (重复): 1457_中国能源建设集团东北电力第二工程有限公司与黔西南州元豪投资有限公司、贵州元豪发电有限公司建设工程合同纠纷一审民.docx.docx
[pool] 跳过 (重复): 1517_中国能源建设集团江苏省电力建设第一工程有限公司、一等建设工程施工合同纠纷民事二审民事判决书.docx.docx
[pool] 跳过 (重复): 1671_中国能源建设集团黑龙江能源建设有限公司、王振伟建设工程施工合同纠纷再审民事判决书.docx.docx
[pool] 跳过 (重复): 1760_中国能源建设集团安徽省电力设计院有限公司与河南省龙源电力工程技术有限公司、栗向东建设工程施工合同纠纷一审民事判.docx.docx
[pool] +待审   9,173字 2086_菏泽达康建筑工程有限公司与中国能源建设集团山西电力建设第一有限 待审判有效后计数 (现待审 13,717,397)
[pool] 跳过 (重复): 5134_兰州日晟通信科技有限公司、王永强与中国能源建设集团西北电力建设甘肃工程有限公司建设工程施工合同纠纷二审民事判决.docx.docx
[pool] 跳过 (重复): 5167_中国能源建设集团辽宁电力勘测设计院有限公司与东港永恒新能源有限公司建设工程施工合同纠纷管辖上诉裁定书.docx.docx
[pool] 跳过 (重复): 5468_新疆和合矿业有限责任公司与中国能源建设集团新疆电力设计院有限公司乌鲁木齐工程承包分公司建设工程施工合同纠纷二审.docx.docx
[pool] 跳过 (重复): 5770_中国能源建设集团甘肃省电力设计院有限公司、甘肃电院电力设备有限公司与甘肃宏众新能源发展有限公司建设工程施工合同.docx.docx
[pool] 跳过 (重复): 5913_中国能源建设集团广东电力工程局有限公司与郑州通用航空试验区管理委员会、郑州市上街区城市开发建设投资有限公司建设.docx.docx
[pool] +待审  12,356字 6028_伊吾东方民生新能源有限公司、中国能源建设集团新疆电力设计院有限 待审判有效后计数 (现待审 13,729,753)
[pool] 跳过 (重复): 6349_中国能源建设集团黑龙江省火电第一工程有限公司、东亚电力建设有限公司等建设工程施工合同纠纷民事二审民事判决书.docx.docx
[pool] 跳过 (重复): 6387_安徽胤荣建设工程有限公司与安徽鼎信建设发展有限公司、中国能源建设集团安徽省电力设计院有限公司建设工程合同纠纷一.docx.docx
[pool] 跳过 (重复): 6491_黄文武与华能国际电力股份有限公司长兴电厂、中国能源建设集团天津电力建设有限公司等建设工程施工合同纠纷二审民事裁.docx.docx
[pool] 跳过 (重复): 6494_王振伟与河北伊耳电力工程有限公司、中国能源建设集团黑龙江能源建设有限公司等建设工程施工合同纠纷一审民事判决书.docx.docx
[pool] 跳过 (重复): 6496_褚关平与广东泰扬电生电力建设工程有限公司、中国能源建设集团广东电力工程局有限公司建设工程施工合同纠纷一审民事判.docx.docx
[pool] 跳过 (重复): 6534_敦煌市清洁能源开发有限责任公司与中国能源建设集团安徽电力建设第二工程有限公司建设工程施工合同纠纷二审民事判决书.docx.docx
[pool] 跳过 (重复): 6753_中国能源建设集团辽宁电力勘测设计院有限公司与东港兴尧新能源有限公司建设工程施工合同纠纷管辖上诉裁定书.docx.docx
[pool] 跳过 (重复): 6756_十一冶建设集团有限责任公司与中国能源建设集团江苏省电力建设第三工程有限公司建设工程施工合同纠纷二审民事判决书.docx.docx
[pool] +待审   1,688字 世纪新能源网_17亿！山西500MW_1.5GWh光储一体化基地EPC项 待审判有效后计数 (现待审 13,731,441)
[pool] +待审   2,120字 国建标培建筑工程管理中心_48.63 亿 EPC 大单落地！-0768f 待审判有效后计数 (现待审 13,733,561)
[pool] +待审   2,178字 国际工程与海外项目_超27亿元！中国电建拟中标大项目-14cb8ade. 待审判有效后计数 (现待审 13,735,739)
[pool] +待审   1,130字 工程中标信息_17亿！山西新中标1个大项目-ef8cf766.md    待审判有效后计数 (现待审 13,736,869)
[pool] +待审   1,756字 工程招投标最新动态小张_6.7亿元，山西省新中标新能源大项目-6520e 待审判有效后计数 (现待审 13,738,625)
[pool] +待审   1,087字 建筑工程分包平台_26亿元！中国能建中标两个大单-a1c8c25d.md 待审判有效后计数 (现待审 13,739,712)
[pool] +待审   1,266字 建筑工程分包平台_超10亿元！山西又两个新能源项目中标-8b3a3428 待审判有效后计数 (现待审 13,740,978)
[pool] +待审     908字 建设通_17亿元！中国能建斩获山西能源大标-92ac23ef.md    待审判有效后计数 (现待审 13,741,886)
[pool] +待审   1,022字 新基建通_17亿：中国能建斩获山西省大标-3d965af2.md     待审判有效后计数 (现待审 13,742,908)
[pool] +待审   2,393字 江苏省储能行业协会_0.9683~1.0323元_Wh！山西、广西0.7 待审判有效后计数 (现待审 13,745,301)
[pool] +待审   1,221字 路桥工程劳务分包平台_22.8亿元！内蒙古又一个大项目敲定中标人-229 待审判有效后计数 (现待审 13,746,522)
[pool] +待审     815字 AI大模型在景区的应用研究.md                     待审判有效后计数 (现待审 13,747,337)
[pool] 跳过 (重复): Ongoingthreatsandthecurren.md
[pool] 跳过 (重复): 中华传统宗教信仰在东南亚的蜕变新加坡的道教和佛教研究.md
[pool] +待审     577字 人工智能驱动智慧物流体系重构理论机制与产业谱系.md           待审判有效后计数 (现待审 13,747,914)
[pool] +待审   3,439字 基于夜间灯光数据评估制造业上市公司信用风险的实证研究.md        待审判有效后计数 (现待审 13,751,353)
[pool] +待审     510字 基于韩国某海风项目的中韩岩土工程技术标准对比分析.md          待审判有效后计数 (现待审 13,751,863)
[pool] +待审     629字 数字技术赋能工程建设管理效能提升路径研究基于雄安新区数字.md      待审判有效后计数 (现待审 13,752,492)
[pool] 跳过 (重复): 新时代税收征管环境下大企业税收风险管理体系研究.md
[pool] 跳过 (重复): 新时期水利工程项目管理模式创新研究.md
[pool] 跳过 (重复): 海外EPC总承包项目采购管理研究.md
[pool] 跳过 (重复): 电力工程建设的输变电工程施工.md
[pool] +待审   1,641字 电力施工项目中的安全风险识别与应对策略.md               待审判有效后计数 (现待审 13,754,133)
[pool] 跳过 (重复): 翻译意识形态与话语中国18951911年文学翻译.md
[pool] +待审     497字 远海漂浮式海上风电平台用动态海缆的发展.md               待审判有效后计数 (现待审 13,754,630)
[pool] +待审     875字 金属矿产资源重磁探测技术进展与展望.md                 待审判有效后计数 (现待审 13,755,505)
[pool] 跳过 (重复): 勘察设计协会2025年度南方地区勘察设计同业.md
[pool] 跳过 (重复): 勘察设计协会2026年度全国勘察设计同业协会.md
[pool] 跳过 (重复): 勘察设计协会中国勘察设计协会成立40周年庆祝.md
[pool] 跳过 (重复): 勘察设计协会勘察设计行业高质量发展大会在京召.md
[pool] +待审   2,107字 bidding220kV还是220kV的区别.md            待审判有效后计数 (现待审 13,757,612)
[pool] 跳过 (重复): biddingCSCEC中建科工集团有限公司.md
[pool] 跳过 (重复): biddingEPCPCECEP分别是什么意思一图.md
[pool] 跳过 (重复): biddingEPCPPPBOTEOD都有啥区别.md
[pool] 跳过 (重复): biddingEPC工程总承包项目国内EPC发展现状为.md
[pool] +待审   1,348字 bidding中国内蒙古自由贸易试验区呼和浩特片区.md         待审判有效后计数 (现待审 13,758,960)
[pool] +待审   2,112字 bidding中国内蒙古自由贸易试验区呼和浩特片区管理.md       待审判有效后计数 (现待审 13,761,072)
[pool] 跳过 (重复): bidding中国工程网工程行业门户.md
[pool] +待审   2,572字 bidding华能集团公司电子商务平台首页.md             待审判有效后计数 (现待审 13,763,644)
[pool] +待审   1,209字 bidding和林格尔县人民政府.md                  待审判有效后计数 (现待审 13,764,853)
[pool] 跳过 (重复): bidding国家能源集团.md
[pool] +待审   5,291字 bidding工程项目管理EPC系统全套流程详细解读.md        待审判有效后计数 (现待审 13,770,144)
[pool] 跳过 (重复): bidding建设工程勘察设计管理条例.md
[pool] 跳过 (重复): bidding柏克德中国工程有限公司profile.md
[pool] +待审   1,642字 bidding电力220kv是什么.md                 待审判有效后计数 (现待审 13,771,786)
[pool] 跳过 (重复): bidding电力北极星电力网电力门户网站.md
[pool] 跳过 (重复): bidding电力科技网.md
[pool] +待审   2,120字 bidding贵阳市白云区人民政府.md                 待审判有效后计数 (现待审 13,773,906)
[pool] 跳过 (重复): 上海电力上海电力关于同上海化学工业区管理委员会共同推进漕.md
[pool] 跳过 (重复): 金杯汽车ST金杯同上海汽车变速器有限公司和沈阳华晨金.md
[pool] 跳过 (重复): BIM技术在建设工程项目管理中的应用研究免费.md
[pool] 跳过 (重复): EPC工程总承包项目全过程跟踪审计研究免费.md
[pool] 跳过 (重复): EPC建设项目中网格化管理的探讨及应用免费.md
[pool] 跳过 (重复): EPC总承包模式下工程造价的全过程协同管理研究免费.md
[pool] 跳过 (重复): EPC模式下建筑施工项目的全过程管理探讨免费.md
[pool] 跳过 (重复): EPC模式下浙江省海宁屋顶光伏并网项目风险管理研究免费.md
[pool] 跳过 (重复): EPC模式下铁路项目工程合同管理研究免费.md
[pool] 跳过 (重复): EPC联合体工程项目管理痛点剖析及对策免费.md
[pool] 跳过 (重复): 一种烟气脱硫塔内壁的防腐蚀装置免费.md
[pool] 跳过 (重复): 一种立式换热器管束检修用的快速移动装置免费.md
[pool] 跳过 (重复): 一种节能型高效径向甲醇反应器免费.md
[pool] 跳过 (重复): 一种适用于强放热反应的径向轴向复合式反应器免费.md
[pool] 跳过 (重复): 义乌江灯光亮化工程（一期）EPC总承包夜景照明工程赏析免费.md
[pool] 跳过 (重复): 人工智能赋能“工程项目管理”智慧课堂建设教学改革研究免费.md
[pool] 跳过 (重复): 以设计为龙头的海上风电工程总承包项目管理研究免费.md
[pool] 跳过 (重复): 全面质量管理在电力建设EPC项目中的应用及分析免费.md
[pool] 跳过 (重复): 冶金流程工程学理论指导下钢铁智能化探索与实践免费.md
[pool] 跳过 (重复): 国外大型油气建设项目管理模式研究及启示免费.md
[pool] 跳过 (重复): 国投湄洲湾第二发电厂EPC项目管理的创新与探索免费.md
[pool] 跳过 (重复): 基于BIM+GIS的铁路EPC项目施组进度一体化管理方法网络首发免费.md
[pool] 跳过 (重复): 基于EPC总承包模式的住宅建筑工程管理策略探究免费.md
[pool] 跳过 (重复): 基于博弈论组合赋权—模糊综合评价法的铁路EPC项目进度影响因素研究免费.md
[pool] 跳过 (重复): 基于层次分析法的高校新校区项目管理模式优选研究免费.md
[pool] 跳过 (重复): 基于平行分包模式的建筑工程EPC成本评估研究免费.md
[pool] 跳过 (重复): 基于数字化技术的电力工程总承包项目管理研究——以华南区域某燃机项目为例免费.md
[pool] 跳过 (重复): 基于神经网络的水煤浆气化炉炉温预测方法免费.md
[pool] 跳过 (重复): 基于财务共享的资金集中管理创新机制与经济后果研究——以中石化集团为例免费.md
[pool] 跳过 (重复): 大型水电工程建设管理模式创新免费.md
[pool] 跳过 (重复): 大语言模型在土木工程领域中的研究现状、挑战及趋势免费.md
[pool] 跳过 (重复): 安徽 印发住房城乡建设领域“人工智能+”行动方案免费.md
[pool] 跳过 (重复): 工程总承包与全过程工程咨询融合应用的价值、挑战与对策免费.md
[pool] 跳过 (重复): 建设单位EPC项目管理困境及提升路径研究免费.md
[pool] 跳过 (重复): 建设管理平台在城市轨道交通工程建设项目管理中的应用免费.md
[pool] 跳过 (重复): 招标人主体责任强化背景下企业合规管理数字化转型研究免费.md
[pool] 跳过 (重复): 探析水利水电工程项目管理模式免费.md
[pool] 跳过 (重复): 改革破局筑根基 追求卓越提效能——核理化院工程建设项目管理实践与探索免费.md
[pool] 跳过 (重复): 数智化赋能下石油工程建设EPC项目成本控制研究免费.md
[pool] 跳过 (重复): 新型建筑材料应用对工程项目管理与运维成本影响分析免费.md
[pool] 跳过 (重复): 昆明有色冶金设计研究院股份公司 红泥坡EPC项目获业主表扬 彰显总承包管理硬实力免费.md
[pool] 跳过 (重复): 构建EPCO一体化管理体系是建筑企业的终极目标——中国勘察设计企业蜕变为EPC工程总承包商的必然性免费.md
[pool] 跳过 (重复): 核电工程项目管理信息化研究与探索免费.md
[pool] 跳过 (重复): 水利水电工程EPC项目设计管理难点与对策免费.md
[pool] 跳过 (重复): 水利水电工程项目管理存在不足点及改进措施免费.md
[pool] 跳过 (重复): 浅析冶金工程项目质量管理存在的问题及对策免费.md
[pool] 跳过 (重复): 浅谈电力工程EPC总承包设计管理免费.md
[pool] 跳过 (重复): 济南出台新政助力建筑业高质量发展免费.md
[pool] 跳过 (重复): 海外EPC工程总承包项目的组织策划探讨免费.md
[pool] 跳过 (重复): 海外EPC联营项目管理“十大理念”内涵及落地实践免费.md
[pool] 跳过 (重复): 生成式人工智能赋能监管能力提升的内在逻辑及优化路径——基于公共资源交易领域案例的分析免费.md
[pool] 跳过 (重复): 电力工程EPC总承包模式下的财务协同管理策略探讨免费.md
[pool] 跳过 (重复): 省级电子招投标的现状分析与对策研究免费.md
[pool] 跳过 (重复): 石化行业铁路专用线实施EPC项目管理研究免费.md
[pool] 跳过 (重复): 自然语言处理模型与文本图像生成技术驱动下的包装设计免费.md
[pool] 跳过 (重复): 苦练内功 开拓创新免费.md
[pool] 跳过 (重复): 论冶金建设工程总承包中工程公司的费用与进度控制应用免费.md
[pool] 跳过 (重复): 设计主导EPC模式创新路径的深度探索免费.md
[pool] 跳过 (重复): 铁路工程EPC总承包项目业主与总承包商风险治理行为演化博弈研究免费.md
[pool] 跳过 (重复): 面向新工科的工程项目管理智慧课程建设路径研究免费.md
[pool] +待审   3,903字 company上海同上医道贸易有限公司同上医道企业工商.md       待审判有效后计数 (现待审 13,777,809)
[pool] +待审   7,209字 company中国能源建设集团山西省电力勘测设计院有限公司.md     待审判有效后计数 (现待审 13,785,018)
[pool] +待审   3,392字 company中国能源建设集团山西省电力设计院有限公司企.md      待审判有效后计数 (现待审 13,788,410)
[pool] 硬拒 snippet-only (serp_shape): company企业工商信息查询API零基础接入参数示例.md — 全文腿取回后再入池
[pool] 跳过 (重复): company关于我们.md
[pool] +待审   2,073字 company揭秘企业竞品信息API如何通过公司名称I.md       待审判有效后计数 (现待审 13,790,483)
[pool] 跳过 (重复): dangdangEPC工程总承包全过程管理李永福等经管.md
[pool] 跳过 (重复): dangdangEPC总承包项目工程保险实操指南.md
[pool] 跳过 (重复): dangdangEPC总承包项目工程保险实操指南9787.md
[pool] 跳过 (重复): dangdangEPC总承包项目工程保险实操指南陈津生.md
[pool] 跳过 (重复): dangdang信息系统项目管理师案例分析一本通第二版.md
[pool] 跳过 (重复): dangdang正版EPC工程总承包全过程管理中国电力.md
[pool] 跳过 (重复): dangdang正版EPC工程总承包全过程管理李永福.md
[pool] 跳过 (重复): dangdang正版书籍陆上风电场EPC项目履约创新与实.md
[pool] 跳过 (重复): dangdang正版陆上风电场EPC项目履约创新与实.md
[pool] 跳过 (重复): dangdang银行业项目管理实战精析于兆鹏电子工业出.md
[pool] 跳过 (重复): dangdang银行业项目管理实战精析于兆鹏电子工业出版社.md
[pool] 跳过 (重复): dangdang项目管理案例与习题集杨爱华编电子工.md
[pool] +待审     898字 dangdang项目管理案例教程白思俊编机械工业出版社9.md      待审判有效后计数 (现待审 13,791,381)
[pool] 跳过 (重复): dangdang项目管理案例集美HaroldKerz.md
[pool] 跳过 (重复): dangdang项目管理案例集美哈罗德科兹纳Ha.md
[pool] +待审   4,592字 深爬10706444shtml.md                   待审判有效后计数 (现待审 13,795,973)
[pool] +待审   5,465字 深爬10707294shtml.md                   待审判有效后计数 (现待审 13,801,438)
[pool] +待审   2,502字 深爬china.md                           待审判有效后计数 (现待审 13,803,940)
[pool] +待审   5,407字 深爬dxw.md                             待审判有效后计数 (现待审 13,809,347)
[pool] +待审   5,212字 深爬finance.md                         待审判有效后计数 (现待审 13,814,559)
[pool] +待审   2,587字 深爬introshtml.md                      待审判有效后计数 (现待审 13,817,146)
[pool] +待审   5,802字 深爬news1html.md                       待审判有效后计数 (现待审 13,822,948)
[pool] +待审   2,149字 深爬tx.md                              待审判有效后计数 (现待审 13,825,097)
[pool] +待审   8,129字 深爬首页.md                              待审判有效后计数 (现待审 13,833,226)
[pool] 跳过 (重复): djyanbao研报索引电力行业报告.md
[pool] 跳过 (重复): 生态环境部环评管理北京三线一单激活绿色发展新动.md
[pool] 跳过 (重复): 10亿美元三星加码AI基建英伟达已参与其中.md
Traceback (most recent call last):
  File "E:\AI-Station\_proposals\flagship-paid-report-1007\work\f1_cross_ingest.py", line 99, in <module>
    if args.dry:
             ^^^^
  File "E:\AI-Station\_proposals\flagship-paid-report-1007\work\f1_cross_ingest.py", line 75, in main
    print("[闸] 已有实例在跑, 本轮让路退出")
   ^^^^^^^^^^^^^^^^^^^^^^^^^^^^^^^^^^^^^^^^^
  File "E:\AI-Station\reforge_factory\ammo_pool.py", line 485, in ingest
    _save_state(d, ns)
  File "E:\AI-Station\reforge_factory\ammo_pool.py", line 325, in _save_state
    tmp.replace(d / "pool_state.json")
  File "C:\Users\91216\AppData\Local\Programs\Python\Python311\Lib\pathlib.py", line 1188, in replace
    os.replace(self, target)
PermissionError: [WinError 5] 拒绝访问。: 'E:\\AI-Station\\ammo_pool\\F1-BLUEBOOK\\pool_state.tmp' -> 'E:\\AI-Station\\ammo_pool\\F1-BLUEBOOK\\pool_state.json'
